seed,step,router/layer0/shared_private_ratio,router/layer1/shared_private_ratio,router/layer2/shared_private_ratio,router/layer3/shared_private_ratio
1337,10,0.997124195098877,0.9948282837867737,1.006392240524292,0.9795816540718079
1337,20,1.026052474975586,0.9948303699493408,1.0071120262145996,1.0767525434494019
1337,30,1.0278120040893555,0.9786593914031982,0.9994136691093445,1.241416573524475
1337,40,1.040702223777771,0.9682982563972473,1.1086862087249756,1.3181421756744385
1337,50,1.0846035480499268,1.0519685745239258,1.1228388547897339,1.2836259603500366
1337,60,1.0638924837112427,0.951137900352478,1.0061463117599487,1.1476235389709473
1337,70,1.0171319246292114,0.8894433975219727,0.9790351390838623,1.0849581956863403
1337,80,1.0378981828689575,0.8246434926986694,0.9357576370239258,1.039119005203247
1337,90,1.0199012756347656,0.8579633831977844,1.1711368560791016,1.0736963748931885
1337,100,0.9797083139419556,0.9116929173469543,0.9442214965820312,1.0073691606521606
1337,110,1.016347050666809,0.8345093727111816,0.8762768507003784,1.162741780281067
1337,120,1.02083420753479,0.7757146954536438,0.7859443426132202,0.9393488168716431
1337,130,1.0483112335205078,0.9107260704040527,0.7707895040512085,1.0562028884887695
1337,140,1.133182168006897,0.8090575337409973,0.763875424861908,1.0652252435684204
1337,150,1.061221718788147,0.7890856862068176,0.7686046361923218,1.0634911060333252
1337,160,0.9054919481277466,0.7356135845184326,0.9169944524765015,0.9029094576835632
1337,170,0.9188277721405029,0.7342640161514282,0.7643414735794067,0.8602369427680969
1337,180,0.9069603681564331,0.6961403489112854,0.7500831484794617,0.8387633562088013
1337,190,0.9066704511642456,0.5995010137557983,0.7077808976173401,0.8021095395088196
1337,200,0.9383215308189392,0.6919040679931641,0.7755841016769409,0.7982950806617737
1337,210,0.8444612622261047,0.6908358335494995,0.7734099626541138,0.7575893998146057
1337,220,0.881504237651825,0.6899142861366272,0.7033858299255371,0.7634332776069641
1337,230,0.8859856724739075,0.7049810886383057,0.6975202560424805,0.773475170135498
1337,240,0.7949033379554749,0.6768700480461121,0.7020677328109741,0.7472176551818848
1337,250,0.8475024104118347,0.6592496633529663,0.6770121455192566,0.7757227420806885
1337,260,0.8204541802406311,0.7012189030647278,0.6621829271316528,0.77223801612854
1337,270,0.8180064558982849,0.6848502159118652,0.6606438159942627,0.7477489113807678
1337,280,0.8708197474479675,0.7302861213684082,0.6719585061073303,0.7681663036346436
1337,290,0.8617144823074341,0.6952222585678101,0.6573687195777893,0.8023000359535217
1337,300,0.8049566149711609,0.6748300194740295,0.6202917695045471,0.7465747594833374
1337,310,0.7935878038406372,0.6389200687408447,0.6395106315612793,0.7415947318077087
1337,320,0.8275026082992554,0.6875590085983276,0.6419896483421326,0.7677865028381348
1337,330,0.8394297361373901,0.6756061911582947,0.6394107937812805,0.7153080701828003
1337,340,0.9072614312171936,0.7154302597045898,0.6629592776298523,0.7257722020149231
1337,350,0.8655616044998169,0.7033526301383972,0.6294928789138794,0.6882925033569336
1337,360,0.8480556607246399,0.6895036101341248,0.6316491365432739,0.7267680764198303
1337,370,0.8588994741439819,0.6670157313346863,0.6163951754570007,0.7577509880065918
1337,380,0.830980122089386,0.6829564571380615,0.5846959352493286,0.7354931831359863
1337,390,0.8905000686645508,0.665428876876831,0.576774537563324,0.7624997496604919
1337,400,0.8698984980583191,0.6585381031036377,0.5932798981666565,0.7686929702758789
1337,410,0.85028076171875,0.7093799114227295,0.6164939999580383,0.7200196981430054
1337,420,0.8723669648170471,0.6864413022994995,0.6045699119567871,0.7619644403457642
1337,430,0.8542951345443726,0.6695622801780701,0.5929238200187683,0.7134146690368652
1337,440,0.7729891538619995,0.6261013150215149,0.5783430337905884,0.7507768869400024
1337,450,0.7710188627243042,0.5999622941017151,0.566454291343689,0.7098264098167419
1337,460,0.7985926866531372,0.6494914889335632,0.5709559321403503,0.7764260172843933
1337,470,0.8381332159042358,0.6270847320556641,0.568002462387085,0.7440726161003113
1337,480,0.8828582763671875,0.6759563088417053,0.6156191229820251,0.7786849141120911
1337,490,0.8449268937110901,0.6589288711547852,0.5818132162094116,0.6868358850479126
1337,500,0.7863156199455261,0.6677369475364685,0.5922472476959229,0.7396488189697266
1337,510,0.881490170955658,0.6884756088256836,0.5906239748001099,0.7550017833709717
1337,520,0.7929182648658752,0.6520366668701172,0.6096256375312805,0.7472371459007263
1337,530,0.7707027196884155,0.6423501968383789,0.5862054228782654,0.7515483498573303
1337,540,0.8139063715934753,0.6710233688354492,0.5782657861709595,0.7539234757423401
1337,550,0.7644354701042175,0.62423175573349,0.5457341074943542,0.7280042171478271
1337,560,0.8826836347579956,0.7458341121673584,0.661165714263916,0.789414644241333
1337,570,0.8373173475265503,0.6498233079910278,0.590388298034668,0.8581404089927673
1337,580,0.8363832235336304,0.6864715814590454,0.5959969162940979,0.8415430188179016
1337,590,0.8006754517555237,0.6376376748085022,0.5608615279197693,0.7562192678451538
1337,600,0.7728231549263,0.6752380132675171,0.6189635992050171,0.8414720892906189
1337,610,0.7899997234344482,0.6406262516975403,0.5854997038841248,0.7902041673660278
1337,620,0.8843538761138916,0.6705412864685059,0.6143059134483337,0.8269141316413879
1337,630,0.8526438474655151,0.6465101838111877,0.6063365936279297,0.8518579602241516
1337,640,0.877943217754364,0.6866697072982788,0.6025086641311646,0.8940243124961853
1337,650,0.8208020925521851,0.610730767250061,0.5898743867874146,0.8112858533859253
1337,660,0.8185121417045593,0.6867110133171082,0.586584210395813,0.7665262222290039
1337,670,0.8542115092277527,0.6728399395942688,0.591666579246521,0.8364710807800293
1337,680,0.8369404673576355,0.6957939267158508,0.6167430281639099,0.8991929888725281
1337,690,0.8290787935256958,0.6802958846092224,0.632844090461731,0.8656257390975952
1337,700,0.8348529934883118,0.6636742949485779,0.6156443357467651,0.8695324659347534
1337,710,0.9554158449172974,0.7496144771575928,0.6785137057304382,0.9221458435058594
1337,720,0.8753206133842468,0.70411616563797,0.6698474884033203,0.8799422979354858
1337,730,0.9265069961547852,0.7120230197906494,0.6462375521659851,0.9122060537338257
1337,740,0.9760236740112305,0.6811718344688416,0.6573837399482727,0.9734955430030823
1337,750,1.007248878479004,0.7441836595535278,0.6300225853919983,0.8634378910064697
1337,760,0.8890634775161743,0.7287095189094543,0.6449586749076843,0.9232797026634216
1337,770,0.9618592858314514,0.6934776306152344,0.6713097095489502,0.9244173765182495
1337,780,0.901191771030426,0.6941956281661987,0.6230251789093018,0.9346411228179932
1337,790,0.9573253989219666,0.6921790838241577,0.6261716485023499,0.9633541703224182
1337,800,0.9672082662582397,0.6619924306869507,0.6540263295173645,0.9530521631240845
1337,810,0.906918466091156,0.7062647938728333,0.6386650204658508,1.0018709897994995
1337,820,1.0401701927185059,0.7558432817459106,0.6665757298469543,0.902883768081665
1337,830,0.907944917678833,0.6854636073112488,0.6333796381950378,0.8661733865737915
1337,840,1.0150339603424072,0.7347560524940491,0.6709281206130981,0.9700918793678284
1337,850,0.9047204852104187,0.7015182971954346,0.6571493148803711,0.9129267930984497
1337,860,1.0155326128005981,0.7042096257209778,0.6692900657653809,1.0644811391830444
1337,870,0.9719070196151733,0.7796552777290344,0.6902769207954407,0.9530708193778992
1337,880,0.9669769406318665,0.7608391046524048,0.6548696756362915,0.9917516112327576
1337,890,1.0614315271377563,0.7330292463302612,0.6370205283164978,0.8864794373512268
1337,900,1.0000922679901123,0.724441409111023,0.681679368019104,0.9720954298973083
1337,910,1.0394595861434937,0.7852569222450256,0.6693239212036133,0.9351670145988464
1337,920,0.9664110541343689,0.7697751522064209,0.6912721991539001,1.0005722045898438
1337,930,1.0256805419921875,0.7113561630249023,0.6877685189247131,0.9904524683952332
1337,940,1.0115548372268677,0.7628867626190186,0.6643722057342529,1.0048580169677734
1337,950,1.1080608367919922,0.8089734315872192,0.6825931668281555,0.9901447296142578
1337,960,1.0948985815048218,0.738411009311676,0.6861782073974609,1.0021506547927856
1337,970,1.0504316091537476,0.6873891949653625,0.6980467438697815,1.0109997987747192
1337,980,1.067147970199585,0.742384135723114,0.6755936741828918,1.0118968486785889
1337,990,1.0484790802001953,0.7542745471000671,0.6807340979576111,0.9532614350318909
1337,1000,1.0637774467468262,0.7746761441230774,0.6690583229064941,1.0030946731567383
1337,1010,1.1593157052993774,0.8416414260864258,0.7388610243797302,1.0384432077407837
1337,1020,1.0547500848770142,0.7646195888519287,0.6574904322624207,0.9910155534744263
1337,1030,1.1228644847869873,0.7699081897735596,0.6748754978179932,0.9576365351676941
1337,1040,0.9946196675300598,0.7664413452148438,0.7365132570266724,1.0029393434524536
1337,1050,1.1451365947723389,0.7460113167762756,0.7128713130950928,1.0076886415481567
1337,1060,1.0847337245941162,0.7799907326698303,0.6631220579147339,0.9482300877571106
1337,1070,1.144517421722412,0.698357105255127,0.6215423941612244,0.9662453532218933
1337,1080,1.1345409154891968,0.7704523801803589,0.6929363012313843,0.9992427229881287
1337,1090,1.1442723274230957,0.7296692728996277,0.6488791704177856,0.9673435688018799
1337,1100,1.1774295568466187,0.7600848078727722,0.7019239068031311,1.0280113220214844
1337,1110,1.083413004875183,0.7285735607147217,0.6681851148605347,0.9614992141723633
1337,1120,1.134965419769287,0.7775728106498718,0.7447320222854614,1.1059174537658691
1337,1130,1.1901990175247192,0.8160666227340698,0.7418200373649597,1.0634770393371582
1337,1140,1.1206438541412354,0.8342068791389465,0.7663339972496033,1.213070273399353
1337,1150,1.1030193567276,0.7711500525474548,0.6607014536857605,0.9947700500488281
1337,1160,1.13753080368042,0.7662866115570068,0.6967328190803528,1.0819652080535889
1337,1170,1.1790356636047363,0.791617214679718,0.7195661067962646,1.0814977884292603
1337,1180,1.2918624877929688,0.8501041531562805,0.7839134931564331,1.244142770767212
1337,1190,1.1299620866775513,0.7782541513442993,0.712926983833313,1.0711896419525146
1337,1200,1.1896392107009888,0.8148837089538574,0.7465339303016663,1.0989959239959717
1337,1210,1.1004669666290283,0.7805345058441162,0.7421807050704956,1.0449182987213135
1337,1220,1.1977252960205078,0.7561323642730713,0.6750755310058594,1.0885287523269653
1337,1230,1.126481056213379,0.816935122013092,0.7583048939704895,1.1060434579849243
1337,1240,1.1517103910446167,0.8346275091171265,0.7231248617172241,1.0725059509277344
1337,1250,1.2382502555847168,0.8615617752075195,0.7350120544433594,1.058517336845398
1337,1260,1.1386053562164307,0.7991806268692017,0.7612160444259644,1.0733767747879028
1337,1270,1.1876150369644165,0.8635297417640686,0.757662296295166,1.0674457550048828
1337,1280,1.213318109512329,0.8395399451255798,0.7804877161979675,1.1595121622085571
1337,1290,1.129525065422058,0.8102749586105347,0.7102962732315063,1.0733187198638916
1337,1300,1.1517703533172607,0.7759033441543579,0.7895476222038269,1.2151575088500977
1337,1310,1.1756397485733032,0.798155665397644,0.7807661294937134,1.1871061325073242
1337,1320,1.265665888786316,0.8879106044769287,0.7648401260375977,1.1006461381912231
1337,1330,1.2374258041381836,0.8477851152420044,0.7737886905670166,1.1175262928009033
1337,1340,1.222755789756775,0.8647271394729614,0.7926610708236694,1.1981322765350342
1337,1350,1.1399035453796387,0.8149015307426453,0.7359240055084229,1.0982916355133057
1337,1360,1.1539945602416992,0.8133895993232727,0.7269958853721619,1.1613222360610962
1337,1370,1.2179616689682007,0.8362073302268982,0.7661802768707275,1.0762090682983398
1337,1380,1.3216381072998047,0.8518995642662048,0.8110679984092712,1.1737995147705078
1337,1390,1.2092558145523071,0.7869452834129333,0.7889978885650635,1.2030367851257324
1337,1400,1.188628077507019,0.9182714819908142,0.8195545673370361,1.2915199995040894
1337,1410,1.2089546918869019,0.822441816329956,0.7425493597984314,1.1394217014312744
1337,1420,1.1733899116516113,0.8476817607879639,0.7736513614654541,1.2264184951782227
1337,1430,1.22499418258667,0.8697134852409363,0.7767990827560425,1.2615240812301636
1337,1440,1.158732533454895,0.7639548182487488,0.7421796321868896,1.1923365592956543
1337,1450,1.2299046516418457,0.9128111600875854,0.8105222582817078,1.221276879310608
1337,1460,1.2052479982376099,0.8459769487380981,0.79547119140625,1.1718308925628662
1337,1470,1.3042688369750977,0.9144858717918396,0.8013267517089844,1.3059478998184204
1337,1480,1.2625340223312378,0.9335448145866394,0.7943940162658691,1.1790120601654053
1337,1490,1.1859296560287476,0.827051043510437,0.7482402920722961,1.1431564092636108
1337,1500,1.1833380460739136,0.7904208302497864,0.7715966105461121,1.2625089883804321
1337,1510,1.193976879119873,0.8706316351890564,0.826077401638031,1.1942689418792725
1337,1520,1.261029839515686,0.8397390842437744,0.8082031011581421,1.345763921737671
1337,1530,1.2710058689117432,0.8011486530303955,0.7574930191040039,1.226959228515625
1337,1540,1.1980583667755127,0.8294991850852966,0.770864725112915,1.2453950643539429
1337,1550,1.2547065019607544,0.8641390204429626,0.8073317408561707,1.1978172063827515
1337,1560,1.2996553182601929,0.9939188361167908,0.7982024550437927,1.2064244747161865
1337,1570,1.2382535934448242,0.89456707239151,0.7460628151893616,1.1473790407180786
1337,1580,1.2191442251205444,0.8828706741333008,0.7845800518989563,1.2198225259780884
1337,1590,1.3222603797912598,0.9061557054519653,0.7844595909118652,1.2947982549667358
1337,1600,1.2651880979537964,0.9863280057907104,0.8180214166641235,1.2471296787261963
1337,1610,1.361006498336792,0.8840892314910889,0.7969374656677246,1.3393508195877075
1337,1620,1.2842202186584473,0.9068260192871094,0.8181434869766235,1.3805186748504639
1337,1630,1.0621601343154907,0.80149906873703,0.7848508954048157,1.3184961080551147
1337,1640,1.2542457580566406,1.0172605514526367,0.8950802087783813,1.2613855600357056
1337,1650,1.1888974905014038,0.9194121360778809,0.7982606887817383,1.2083758115768433
1337,1660,1.2813770771026611,0.8617786765098572,0.7852082252502441,1.3219361305236816
1337,1670,1.2326637506484985,0.864156186580658,0.7992783784866333,1.317849040031433
1337,1680,1.2984991073608398,0.9469407200813293,0.868710994720459,1.4421048164367676
1337,1690,1.2496060132980347,0.9752463102340698,0.8324007391929626,1.395115852355957
1337,1700,1.216776967048645,0.9505221247673035,0.7939890027046204,1.2448225021362305
1337,1710,1.2785691022872925,0.911660373210907,0.854439377784729,1.3919732570648193
1337,1720,1.2757552862167358,0.9146280884742737,0.8308799266815186,1.356398105621338
1337,1730,1.240930438041687,1.000990629196167,0.8271883130073547,1.3114066123962402
1337,1740,1.2916250228881836,0.9261744618415833,0.8530346751213074,1.501856803894043
1337,1750,1.1807774305343628,0.9492427706718445,0.7727537155151367,1.1687417030334473
1337,1760,1.2874839305877686,0.9239305257797241,0.8609764575958252,1.3416270017623901
1337,1770,1.222859501838684,0.8488316535949707,0.8581388592720032,1.4148093461990356
1337,1780,1.2622264623641968,0.9600489139556885,0.8299946784973145,1.4021104574203491
1337,1790,1.3440074920654297,0.8604027628898621,0.8730561137199402,1.4669116735458374
1337,1800,1.2055795192718506,0.9153342247009277,0.7839964032173157,1.335007667541504
1337,1810,1.3130011558532715,0.9403014183044434,0.8248222470283508,1.2432652711868286
1337,1820,1.3661566972732544,1.0148789882659912,0.838079035282135,1.347554087638855
1337,1830,1.3387970924377441,0.9439502954483032,0.8451704978942871,1.4157358407974243
1337,1840,1.256547451019287,0.9351146221160889,0.82053542137146,1.3938369750976562
1337,1850,1.3779594898223877,0.9368262887001038,0.8480653166770935,1.3775166273117065
1337,1860,1.2551815509796143,0.9002028107643127,0.7921692132949829,1.3548976182937622
1337,1870,1.3535236120224,0.952473521232605,0.8983656764030457,1.4934470653533936
1337,1880,1.4293932914733887,1.07854425907135,0.9097617864608765,1.4995146989822388
1337,1890,1.2775702476501465,1.0568974018096924,0.9072907567024231,1.4824706315994263
1337,1900,1.233991265296936,0.9187612533569336,0.8183141946792603,1.2705906629562378
1337,1910,1.3105769157409668,0.9948570132255554,0.8571889400482178,1.3011893033981323
1337,1920,1.1957052946090698,0.9938957095146179,0.821293294429779,1.2122571468353271
1337,1930,1.298598289489746,1.0013866424560547,0.830571711063385,1.454200029373169
1337,1940,1.2717759609222412,0.8699772953987122,0.8213993310928345,1.414467453956604
1337,1950,1.2843259572982788,0.9362062215805054,0.8639636039733887,1.537756323814392
1337,1960,1.3158586025238037,1.1023119688034058,0.9307486414909363,1.49971342086792
1337,1970,1.2819780111312866,0.9994332194328308,0.8484590649604797,1.5056918859481812
1337,1980,1.3190279006958008,0.8664393424987793,0.8061772584915161,1.3686074018478394
1337,1990,1.2115354537963867,0.9241587519645691,0.8835284113883972,1.4338818788528442
1337,2000,1.3895171880722046,1.0503649711608887,0.8823343515396118,1.3838958740234375
1337,2010,1.3835986852645874,0.9993765950202942,0.8577536344528198,1.4890034198760986
1337,2020,1.4087404012680054,1.0153003931045532,0.8443731069564819,1.4880967140197754
1337,2030,1.3562761545181274,0.9965823292732239,0.839461624622345,1.2964987754821777
1337,2040,1.220106840133667,0.9296627044677734,0.8380351662635803,1.3531290292739868
1337,2050,1.3900845050811768,0.9827202558517456,0.8550675511360168,1.3847854137420654
1337,2060,1.360300064086914,1.0530977249145508,0.8984047770500183,1.5103867053985596
1337,2070,1.2495062351226807,0.9501802325248718,0.8811334371566772,1.4695767164230347
1337,2080,1.413293480873108,0.9808300137519836,0.858336329460144,1.413919448852539
1337,2090,1.4840936660766602,1.0186903476715088,0.9310123920440674,1.6698691844940186
1337,2100,1.3741977214813232,1.1375212669372559,0.8967788219451904,1.4676176309585571
1337,2110,1.3065439462661743,1.060825228691101,0.8569101691246033,1.5031170845031738
1337,2120,1.3761764764785767,1.0353007316589355,0.9549053907394409,1.5119004249572754
1337,2130,1.3117804527282715,0.9896983504295349,0.7961036562919617,1.4158451557159424
1337,2140,1.379421353340149,0.9863328337669373,0.9123261570930481,1.4762959480285645
1337,2150,1.3198994398117065,1.0463868379592896,0.8625712990760803,1.5517339706420898
1337,2160,1.3256018161773682,0.9652116894721985,0.82762610912323,1.332660436630249
1337,2170,1.352006196975708,1.2360066175460815,0.8890696167945862,1.4935479164123535
1337,2180,1.3304922580718994,0.9032139182090759,0.890548586845398,1.6680570840835571
1337,2190,1.2710763216018677,1.0388031005859375,0.8472639322280884,1.4316608905792236
1337,2200,1.3351753950119019,0.9883357882499695,0.8983705043792725,1.519835114479065
1337,2210,1.318644404411316,1.097567081451416,0.8703957200050354,1.3614623546600342
1337,2220,1.3112190961837769,1.0745888948440552,0.9193912744522095,1.5086565017700195
1337,2230,1.3781243562698364,1.1072723865509033,0.9292410016059875,1.4750577211380005
1337,2240,1.3272093534469604,1.0243302583694458,0.8187875151634216,1.4242571592330933
1337,2250,1.4259141683578491,1.0387904644012451,0.8937631845474243,1.461488962173462
1337,2260,1.2659289836883545,0.9954076409339905,0.8387710452079773,1.4886901378631592
1337,2270,1.3156322240829468,1.0998032093048096,0.8805140256881714,1.5535823106765747
1337,2280,1.4072765111923218,1.1506634950637817,0.9131497144699097,1.5900996923446655
1337,2290,1.3972563743591309,1.0382003784179688,0.8747902512550354,1.4858890771865845
1337,2300,1.33859384059906,1.0666720867156982,0.9109603762626648,1.5394768714904785
1337,2310,1.3260771036148071,0.9943652749061584,0.8815399408340454,1.4643003940582275
1337,2320,1.439401388168335,1.1355156898498535,0.9404304623603821,1.6274489164352417
1337,2330,1.3549295663833618,0.9589163064956665,0.8535827398300171,1.5056582689285278
1337,2340,1.40982985496521,1.0721981525421143,0.9487540125846863,1.6217948198318481
1337,2350,1.2952858209609985,0.9650481343269348,0.8498106598854065,1.4274734258651733
1337,2360,1.2766106128692627,1.0113294124603271,0.8774937391281128,1.4761533737182617
1337,2370,1.4203046560287476,1.0326318740844727,0.9351288080215454,1.5523064136505127
1337,2380,1.4387855529785156,1.0384094715118408,0.8295897841453552,1.4807814359664917
1337,2390,1.284232497215271,1.1760929822921753,0.9332326054573059,1.5936200618743896
1337,2400,1.4218288660049438,1.181586742401123,0.9412209391593933,1.4407384395599365
1337,2410,1.25579833984375,1.025957703590393,0.937603235244751,1.5981791019439697
1337,2420,1.408907413482666,1.0236668586730957,0.9116249680519104,1.4283771514892578
1337,2430,1.2620229721069336,1.1233627796173096,0.9001802206039429,1.4444102048873901
1337,2440,1.3479914665222168,1.0475317239761353,0.8283652663230896,1.3539000749588013
1337,2450,1.4551335573196411,1.2201552391052246,0.9110747575759888,1.6878681182861328
1337,2460,1.3923293352127075,1.0810675621032715,0.8624458909034729,1.5052355527877808
1337,2470,1.2308928966522217,1.0554319620132446,0.8178242444992065,1.3634192943572998
1337,2480,1.4221822023391724,1.1480164527893066,0.9248822331428528,1.6811920404434204
1337,2490,1.402969479560852,1.0403045415878296,0.9432144165039062,1.731209397315979
1337,2500,1.394983172416687,1.1105340719223022,0.8718987107276917,1.5510199069976807
1337,2510,1.3530116081237793,1.0744084119796753,0.8882762789726257,1.4322514533996582
1337,2520,1.4578182697296143,1.1669529676437378,0.9153373837471008,1.6732146739959717
1337,2530,1.3937654495239258,1.1591986417770386,0.9165257215499878,1.6497843265533447
1337,2540,1.4067081212997437,1.1649971008300781,0.8957861661911011,1.5084991455078125
1337,2550,1.3496192693710327,1.1640655994415283,0.9150499701499939,1.560736060142517
1337,2560,1.3493261337280273,1.1536134481430054,0.8643518090248108,1.4000405073165894
1337,2570,1.2860153913497925,0.9596298336982727,0.8198401927947998,1.5476006269454956
1337,2580,1.381327509880066,1.076267123222351,0.8647038340568542,1.5708791017532349
1337,2590,1.4016144275665283,1.15336275100708,0.836427628993988,1.6996831893920898
1337,2600,1.3175959587097168,1.0070194005966187,0.85467129945755,1.5399868488311768
1337,2610,1.473487138748169,1.2602238655090332,0.944435179233551,1.7604732513427734
1337,2620,1.447126030921936,1.07366144657135,0.9211688041687012,1.6831663846969604
1337,2630,1.1586508750915527,1.0217015743255615,0.8383731842041016,1.5203278064727783
1337,2640,1.4067615270614624,1.0428117513656616,0.8692940473556519,1.6165505647659302
1337,2650,1.3899353742599487,1.1045362949371338,0.9255104660987854,1.528354287147522
1337,2660,1.5095975399017334,1.171460509300232,0.9956316351890564,1.7365243434906006
1337,2670,1.365863561630249,1.1041264533996582,0.9106757640838623,1.6105836629867554
1337,2680,1.375160574913025,1.1017898321151733,0.9368354082107544,1.7278040647506714
1337,2690,1.3153724670410156,1.1030818223953247,0.8382773399353027,1.4556028842926025
1337,2700,1.228665828704834,0.9162036180496216,0.8707209825515747,1.5300723314285278
1337,2710,1.4196150302886963,1.2020667791366577,0.924384593963623,1.6413992643356323
1337,2720,1.3598761558532715,1.0963419675827026,0.9737775921821594,1.6818653345108032
1337,2730,1.2154721021652222,1.0035085678100586,0.8697900772094727,1.6214234828948975
1337,2740,1.3827919960021973,1.0306299924850464,0.9801359176635742,1.8450034856796265
1337,2750,1.4124470949172974,1.116894006729126,0.9576348662376404,1.6775903701782227
1337,2760,1.3728164434432983,1.1504871845245361,0.8863954544067383,1.803262710571289
1337,2770,1.3558775186538696,1.1968963146209717,0.9463306665420532,1.707476019859314
1337,2780,1.4597973823547363,1.1543793678283691,0.9716082811355591,1.720841407775879
1337,2790,1.3342056274414062,1.2112607955932617,0.8987259268760681,1.6135344505310059
1337,2800,1.3310235738754272,1.0461386442184448,0.9059545397758484,1.7137200832366943
1337,2810,1.4872959852218628,1.0451951026916504,1.0064889192581177,1.7726445198059082
1337,2820,1.342414140701294,1.0388422012329102,0.9446350336074829,1.684593677520752
1337,2830,1.3719881772994995,0.9989677667617798,0.8616514205932617,1.7032057046890259
1337,2840,1.5001615285873413,1.3324636220932007,0.9933147430419922,1.764776349067688
1337,2850,1.5181901454925537,1.1457931995391846,0.9645029902458191,1.7669904232025146
1337,2860,1.3506561517715454,1.0102025270462036,0.9969578385353088,1.8830822706222534
1337,2870,1.4663095474243164,1.1152435541152954,0.9926280379295349,1.9003539085388184
1337,2880,1.2982232570648193,1.034225344657898,0.8957129716873169,1.4746588468551636
1337,2890,1.2914701700210571,1.0549081563949585,0.8398473262786865,1.5695550441741943
1337,2900,1.3781049251556396,1.1105105876922607,0.9121749997138977,1.6335246562957764
1337,2910,1.3225027322769165,1.0882182121276855,0.9085454344749451,1.646640419960022
1337,2920,1.3743603229522705,1.1009645462036133,0.9657837748527527,1.8200608491897583
1337,2930,1.5049184560775757,1.1230220794677734,0.922344982624054,1.5248820781707764
1337,2940,1.450880527496338,1.2249345779418945,0.9670646786689758,1.7152584791183472
1337,2950,1.3062825202941895,1.1931055784225464,0.9236541986465454,1.5645009279251099
1337,2960,1.3978713750839233,1.1156672239303589,0.9217767119407654,1.7427349090576172
1337,2970,1.3821706771850586,1.0828971862792969,0.8931858539581299,1.627258539199829
1337,2980,1.4229763746261597,1.1959773302078247,0.9701882600784302,1.6500425338745117
1337,2990,1.4567421674728394,1.1087158918380737,0.9150627255439758,1.6473639011383057
1337,3000,1.3889577388763428,1.2816145420074463,0.9334737062454224,1.7843722105026245
1337,3010,1.4387472867965698,1.0947346687316895,0.9562381505966187,1.8366918563842773
1337,3020,1.2783230543136597,1.0832715034484863,0.8899476528167725,1.6202881336212158
1337,3030,1.4514888525009155,1.1995023488998413,0.8985583782196045,1.6461161375045776
1337,3040,1.3712372779846191,1.2435964345932007,0.9669298529624939,1.8201853036880493
1337,3050,1.4235711097717285,1.1839208602905273,0.9713184833526611,1.7828562259674072
1337,3060,1.3160815238952637,1.0058729648590088,0.8794517517089844,1.549714207649231
1337,3070,1.3546637296676636,1.0607309341430664,0.9498728513717651,1.8086867332458496
1337,3080,1.3411537408828735,1.0827269554138184,0.9020376205444336,1.6134874820709229
1337,3090,1.4052095413208008,1.1615605354309082,0.985719621181488,1.885170817375183
1337,3100,1.4599379301071167,1.1161242723464966,1.0116071701049805,1.9083843231201172
1337,3110,1.3766487836837769,1.180665135383606,0.9303631782531738,1.7168537378311157
1337,3120,1.308386206626892,1.1385185718536377,0.9351913332939148,1.7230662107467651
1337,3130,1.4790509939193726,1.2368348836898804,1.0121033191680908,1.7271023988723755
1337,3140,1.3876575231552124,1.0816129446029663,0.964216947555542,1.7103670835494995
1337,3150,1.2374597787857056,1.125456690788269,0.875871479511261,1.607692003250122
1337,3160,1.3702274560928345,1.1711599826812744,0.9064756035804749,1.5738080739974976
1337,3170,1.3644256591796875,1.1197900772094727,0.9258957505226135,1.6173298358917236
1337,3180,1.4386804103851318,1.315671443939209,0.9941072463989258,1.693597674369812
1337,3190,1.3816204071044922,1.1787769794464111,1.0137033462524414,1.6692676544189453
1337,3200,1.3649256229400635,1.1555699110031128,0.9252103567123413,1.6794774532318115
1337,3210,1.263694167137146,1.1047844886779785,0.9317971467971802,1.6945583820343018
1337,3220,1.4015885591506958,1.1905922889709473,0.9442328810691833,1.7067735195159912
1337,3230,1.4565930366516113,1.2204498052597046,0.9562047123908997,1.7885386943817139
1337,3240,1.5072498321533203,1.2852306365966797,1.0101555585861206,1.860276460647583
1337,3250,1.3337877988815308,1.1653573513031006,0.9068631529808044,1.6355596780776978
1337,3260,1.250523328781128,1.0559715032577515,0.8813661932945251,1.5704785585403442
1337,3270,1.5199511051177979,1.2337751388549805,0.9884918332099915,1.861811876296997
1337,3280,1.246719479560852,0.9968731999397278,0.8775519728660583,1.5889002084732056
1337,3290,1.37441885471344,1.1976964473724365,0.9328519105911255,1.6410601139068604
1337,3300,1.4107091426849365,1.1688755750656128,0.9032052755355835,1.5758806467056274
1337,3310,1.4540492296218872,1.3062325716018677,1.009516954421997,1.4736312627792358
1337,3320,1.3527488708496094,1.0586193799972534,0.9157816171646118,1.6713978052139282
1337,3330,1.422415852546692,1.2159640789031982,0.9318572878837585,1.758122205734253
1337,3340,1.23810613155365,1.1438500881195068,0.9020359516143799,1.5523865222930908
1337,3350,1.3443878889083862,1.1561431884765625,0.9307973384857178,1.6959419250488281
1337,3360,1.2860419750213623,1.0568807125091553,0.897621214389801,1.60126793384552
1337,3370,1.4039045572280884,1.282766342163086,0.991367757320404,1.7416166067123413
1337,3380,1.3286241292953491,1.1528916358947754,0.8961250185966492,1.7109520435333252
1337,3390,1.2763636112213135,1.039090871810913,0.931122362613678,1.6844062805175781
1337,3400,1.3255962133407593,1.167622447013855,0.9781527519226074,1.713796615600586
1337,3410,1.3307101726531982,1.082779884338379,1.010601282119751,1.7661980390548706
1337,3420,1.3593376874923706,1.0507112741470337,0.879646897315979,1.5810985565185547
1337,3430,1.3537967205047607,1.1670972108840942,0.9352249503135681,1.748940110206604
1337,3440,1.288501501083374,1.1477973461151123,0.9341577291488647,1.768519639968872
1337,3450,1.3823142051696777,1.197762131690979,0.9997045993804932,1.7482010126113892
1337,3460,1.4269269704818726,1.1438711881637573,0.9334090948104858,1.809234857559204
1337,3470,1.3857141733169556,1.0885233879089355,0.926030158996582,1.7376680374145508
1337,3480,1.308480143547058,0.9953296184539795,0.8964744806289673,1.6137222051620483
1337,3490,1.4357216358184814,1.0972117185592651,0.9293965101242065,1.8069860935211182
1337,3500,1.3798784017562866,1.1211068630218506,0.9708244204521179,1.7065410614013672
1337,3510,1.419992446899414,1.140199899673462,0.9828820824623108,1.7727125883102417
1337,3520,1.296836018562317,1.2221722602844238,0.9086501002311707,1.7561066150665283
1337,3530,1.4277739524841309,1.3056639432907104,0.985473096370697,1.85044527053833
1337,3540,1.5079971551895142,1.3120949268341064,1.0117213726043701,1.8523108959197998
1337,3550,1.3402602672576904,1.126452088356018,0.9508132338523865,1.649543046951294
1337,3560,1.2120678424835205,1.04736328125,0.946312427520752,1.706786036491394
1337,3570,1.4634336233139038,1.1642379760742188,1.0167163610458374,1.7533210515975952
1337,3580,1.401525855064392,1.1786624193191528,0.9859891533851624,1.745661973953247
1337,3590,1.3770973682403564,1.0965412855148315,0.9975837469100952,1.7821918725967407
1337,3600,1.5470070838928223,1.2950416803359985,1.0319044589996338,1.9929379224777222
1337,3610,1.3605241775512695,1.1719613075256348,0.9455024600028992,1.5901422500610352
1337,3620,1.3938952684402466,1.2500228881835938,0.9495307207107544,1.688047170639038
1337,3630,1.257867455482483,1.0479260683059692,0.8907389640808105,1.707502841949463
1337,3640,1.5409773588180542,1.2764945030212402,1.0632822513580322,2.01694393157959
1337,3650,1.407973051071167,1.1615960597991943,0.9719154238700867,1.7750548124313354
1337,3660,1.3031519651412964,1.04648756980896,0.9146242141723633,1.7043590545654297
1337,3670,1.4746477603912354,1.144120693206787,0.9860197901725769,1.772253155708313
1337,3680,1.5273643732070923,1.2663854360580444,1.0295538902282715,1.9190179109573364
1337,3690,1.5081976652145386,1.1243499517440796,0.9679469466209412,1.7907291650772095
1337,3700,1.4814789295196533,1.1722097396850586,0.9483886957168579,1.600266933441162
1337,3710,1.489701747894287,1.2552582025527954,1.044948697090149,1.9440839290618896
1337,3720,1.3071731328964233,1.1050117015838623,0.9448267221450806,1.7095553874969482
1337,3730,1.5502277612686157,1.317662000656128,1.0705593824386597,1.8261563777923584
1337,3740,1.2428529262542725,1.018709659576416,0.8796377182006836,1.6805236339569092
1337,3750,1.2945692539215088,1.2136296033859253,0.9645386934280396,1.7903461456298828
1337,3760,1.329546570777893,1.1842966079711914,0.9377588629722595,1.7154968976974487
1337,3770,1.346303105354309,1.1409127712249756,0.9500015377998352,1.8804595470428467
1337,3780,1.4656040668487549,1.2112953662872314,0.9901286363601685,2.024905204772949
1337,3790,1.3793009519577026,1.151589274406433,0.9959250092506409,1.6930100917816162
1337,3800,1.4108142852783203,1.2005051374435425,1.0137382745742798,1.810097575187683
1337,3810,1.4014196395874023,1.2466707229614258,1.030508279800415,1.9896880388259888
1337,3820,1.3032112121582031,1.2468994855880737,0.9606289267539978,1.7445213794708252
1337,3830,1.3120384216308594,1.1226917505264282,0.8994669914245605,1.8332297801971436
1337,3840,1.3776520490646362,1.1454885005950928,0.9824703931808472,1.9399139881134033
1337,3850,1.3997882604599,1.1385105848312378,0.9992233514785767,1.872534155845642
1337,3860,1.3789448738098145,1.2359261512756348,0.9987571239471436,1.7522937059402466
1337,3870,1.1417183876037598,1.09876549243927,0.8131982088088989,1.4298267364501953
1337,3880,1.471685767173767,1.0959384441375732,0.9625877141952515,1.727376937866211
1337,3890,1.4062644243240356,1.2033830881118774,0.9697489738464355,1.765272855758667
1337,3900,1.4184004068374634,1.0986011028289795,0.9888824224472046,1.8501501083374023
1337,3910,1.4023488759994507,1.2004157304763794,0.9416517019271851,1.7975916862487793
1337,3920,1.5169200897216797,1.2682576179504395,1.0749574899673462,1.8743822574615479
1337,3930,1.3978188037872314,1.2347193956375122,1.0085209608078003,1.9468656778335571
1337,3940,1.3367908000946045,1.1468514204025269,0.97867351770401,1.8543884754180908
1337,3950,1.190964937210083,1.092337965965271,0.8994603753089905,1.5974657535552979
1337,3960,1.2720184326171875,1.1321454048156738,0.97926265001297,1.740696907043457
1337,3970,1.3963065147399902,1.2911163568496704,0.9601356387138367,1.7433887720108032
1337,3980,1.4386723041534424,1.269900918006897,0.9790493249893188,2.075554847717285
1337,3990,1.3383169174194336,1.098933458328247,0.9650406241416931,1.7657926082611084
1337,4000,1.3208938837051392,1.010931372642517,0.9586836695671082,1.7153385877609253
1337,4010,1.4605714082717896,1.2357125282287598,0.9978166818618774,1.6860271692276
1337,4020,1.2490699291229248,1.1110213994979858,0.8806623816490173,1.7312887907028198
1337,4030,1.4088361263275146,1.2058188915252686,0.9920832514762878,1.8608037233352661
1337,4040,1.4003576040267944,1.1855695247650146,0.9837020635604858,1.9573931694030762
1337,4050,1.408006191253662,1.1994414329528809,0.9830077886581421,1.745619297027588
1337,4060,1.4276220798492432,1.3034868240356445,0.9855526089668274,1.778763771057129
1337,4070,1.3604600429534912,1.1958340406417847,0.9357643127441406,1.7272814512252808
1337,4080,1.3224132061004639,1.1135395765304565,0.9458558559417725,1.826393485069275
1337,4090,1.4536396265029907,1.132700800895691,0.9705446362495422,1.8139979839324951
1337,4100,1.3925377130508423,1.194010615348816,0.9538329839706421,1.9147368669509888
1337,4110,1.522131323814392,1.2491363286972046,1.0494648218154907,2.099102735519409
1337,4120,1.406868577003479,1.2150236368179321,0.9737271666526794,1.7036495208740234
1337,4130,1.3796875476837158,1.1888216733932495,0.996126115322113,1.938960075378418
1337,4140,1.288964867591858,1.0384422540664673,0.9272985458374023,1.679471492767334
1337,4150,1.4580047130584717,1.2268152236938477,1.0225024223327637,1.9098857641220093
1337,4160,1.2983320951461792,1.09152352809906,0.9599601030349731,1.871657371520996
1337,4170,1.4823466539382935,1.2413023710250854,0.9831150770187378,1.8231819868087769
1337,4180,1.4581362009048462,1.224854826927185,0.9618064165115356,1.906445026397705
1337,4190,1.3975343704223633,1.1732356548309326,1.010377049446106,1.883048415184021
1337,4200,1.425345778465271,1.1769760847091675,0.9596447944641113,1.7682161331176758
1337,4210,1.4665478467941284,1.2872264385223389,1.0022786855697632,1.9833970069885254
1337,4220,1.3511897325515747,1.1609151363372803,0.9803751707077026,1.8137614727020264
1337,4230,1.423592209815979,1.2911603450775146,1.011589765548706,1.8494147062301636
1337,4240,1.4745426177978516,1.4684796333312988,1.1082810163497925,2.0927326679229736
1337,4250,1.3188951015472412,1.1554815769195557,0.9330756068229675,1.7475076913833618
1337,4260,1.2751531600952148,1.0591998100280762,0.8784104585647583,1.5696104764938354
1337,4270,1.3637397289276123,1.1766974925994873,0.9725942015647888,1.9368555545806885
1337,4280,1.3896218538284302,1.2086824178695679,1.0270272493362427,1.8859426975250244
1337,4290,1.3063552379608154,1.1575385332107544,0.8774455785751343,1.7135118246078491
1337,4300,1.363026738166809,1.1896729469299316,0.941857635974884,1.7785366773605347
1337,4310,1.495556116104126,1.3490896224975586,1.0484929084777832,2.1882288455963135
1337,4320,1.3185845613479614,1.196225881576538,0.9599997401237488,1.8284623622894287
1337,4330,1.322106957435608,1.2554128170013428,0.9384428262710571,1.8275035619735718
1337,4340,1.2281373739242554,1.1871238946914673,1.0018818378448486,1.702062964439392
1337,4350,1.3168039321899414,1.1747026443481445,0.9271717667579651,1.5727185010910034
1337,4360,1.4853320121765137,1.2165145874023438,1.0604959726333618,1.984168291091919
1337,4370,1.4026938676834106,1.328778862953186,0.9708111882209778,1.7609003782272339
1337,4380,1.3653340339660645,1.2516565322875977,0.9931360483169556,1.8617364168167114
1337,4390,1.40066397190094,1.184800624847412,1.0047661066055298,2.026529550552368
1337,4400,1.427953839302063,1.264858365058899,1.011462926864624,2.043090343475342
1337,4410,1.3997633457183838,1.1604878902435303,1.0097142457962036,1.9098151922225952
1337,4420,1.4041848182678223,1.2363193035125732,0.9703995585441589,1.7731103897094727
1337,4430,1.3804367780685425,1.19730544090271,0.9925588965415955,1.8817201852798462
1337,4440,1.3709100484848022,1.202292799949646,1.0168172121047974,1.9893633127212524
1337,4450,1.3449493646621704,1.2380565404891968,1.0018048286437988,1.8662294149398804
1337,4460,1.374523639678955,1.156822681427002,0.980901300907135,1.9248417615890503
1337,4470,1.4639252424240112,1.3079302310943604,0.9899827241897583,1.8422812223434448
1337,4480,1.2776027917861938,1.1264902353286743,0.933056652545929,1.6353005170822144
1337,4490,1.222853183746338,1.1602253913879395,0.9596308469772339,1.7071806192398071
1337,4500,1.2937710285186768,1.2669398784637451,1.0009636878967285,1.8123672008514404
1337,4510,1.1528242826461792,1.1472690105438232,0.9307245016098022,1.6868243217468262
1337,4520,1.3692430257797241,1.247965931892395,1.010336995124817,1.930957317352295
1337,4530,1.4181073904037476,1.1572990417480469,1.0095915794372559,1.9476784467697144
1337,4540,1.3988676071166992,1.222409963607788,1.0041073560714722,1.913429856300354
1337,4550,1.3534071445465088,1.2119174003601074,0.9993316531181335,1.8979071378707886
1337,4560,1.2996338605880737,1.2621089220046997,1.0427188873291016,1.9650577306747437
1337,4570,1.4897664785385132,1.2953767776489258,1.0330971479415894,2.029358386993408
1337,4580,1.3418605327606201,1.285590410232544,1.015844702720642,1.8730818033218384
1337,4590,1.3659757375717163,1.2012251615524292,0.998022198677063,1.9328113794326782
1337,4600,1.3480205535888672,1.1908200979232788,0.9778973460197449,1.9657949209213257
1337,4610,1.4276514053344727,1.2859711647033691,1.0410040616989136,1.9828239679336548
1337,4620,1.458296298980713,1.2237296104431152,1.0153346061706543,2.0104050636291504
1337,4630,1.374233603477478,1.1676374673843384,0.9792819023132324,1.9525355100631714
1337,4640,1.4070278406143188,1.1325591802597046,1.0157731771469116,1.844427466392517
1337,4650,1.4544581174850464,1.2346192598342896,1.0329949855804443,2.017463207244873
1337,4660,1.299729347229004,1.194739580154419,0.9525758028030396,1.913072943687439
1337,4670,1.3745306730270386,1.1583415269851685,1.0210576057434082,1.8265467882156372
1337,4680,1.2531400918960571,1.1637897491455078,0.9751675128936768,1.6923171281814575
1337,4690,1.348217248916626,1.2706243991851807,1.0154078006744385,2.0035078525543213
1337,4700,1.4500868320465088,1.417453646659851,1.0826870203018188,2.2563741207122803
1337,4710,1.2494953870773315,1.1856818199157715,0.9852193593978882,1.7595270872116089
1337,4720,1.34177827835083,1.2240185737609863,0.9833880066871643,1.8666492700576782
1337,4730,1.405336856842041,1.2614996433258057,1.0271556377410889,1.918626308441162
1337,4740,1.2500399351119995,1.12179696559906,0.8906664252281189,1.7650872468948364
1337,4750,1.4712871313095093,1.218213677406311,1.0465912818908691,1.9315584897994995
1337,4760,1.401938557624817,1.244727611541748,1.0043864250183105,2.048776388168335
1337,4770,1.1971065998077393,1.029086947441101,0.8448048233985901,1.568353533744812
1337,4780,1.318690299987793,1.125015377998352,0.9587796926498413,1.906556487083435
1337,4790,1.3337873220443726,1.1836540699005127,0.9569041728973389,1.7909390926361084
1337,4800,1.467492699623108,1.3229639530181885,1.0492639541625977,1.9292079210281372
1337,4810,1.357778549194336,1.1616700887680054,1.0559390783309937,1.9414453506469727
1337,4820,1.3841278553009033,1.2548123598098755,1.0360561609268188,1.8394643068313599
1337,4830,1.4116864204406738,1.2549865245819092,1.0712060928344727,1.916510820388794
1337,4840,1.293341875076294,1.0932114124298096,0.9387827515602112,1.75724196434021
1337,4850,1.4383078813552856,1.2297115325927734,1.0467896461486816,1.968413233757019
1337,4860,1.362749695777893,1.1661710739135742,0.9782631993293762,1.7619389295578003
1337,4870,1.14577054977417,1.089471459388733,0.9623134136199951,1.7236632108688354
1337,4880,1.2890692949295044,1.1680004596710205,0.9277582168579102,1.6621757745742798
1337,4890,1.4326671361923218,1.2843772172927856,1.0283176898956299,2.0322604179382324
1337,4900,1.479106068611145,1.268689513206482,1.0584434270858765,2.1056747436523438
1337,4910,1.4769521951675415,1.2422806024551392,0.9924397468566895,1.8070521354675293
1337,4920,1.2473446130752563,1.216612458229065,0.9732656478881836,1.9161927700042725
1337,4930,1.4298229217529297,1.201481580734253,1.0136016607284546,2.0923337936401367
1337,4940,1.2877745628356934,1.185502290725708,0.9840056300163269,1.8263728618621826
1337,4950,1.4106779098510742,1.3020812273025513,0.9704521298408508,1.9277080297470093
1337,4960,1.1900564432144165,1.0098479986190796,0.9372735023498535,1.765325903892517
1337,4970,1.3242219686508179,1.309950828552246,1.0259437561035156,1.8841320276260376
1337,4980,1.259869933128357,1.156291127204895,0.9130399823188782,1.7548022270202637
1337,4990,1.2888864278793335,1.1668126583099365,0.9715434908866882,1.7099945545196533
1337,5000,1.2954115867614746,1.1515769958496094,0.9979305863380432,1.9362399578094482
1337,5010,1.2668704986572266,1.172498106956482,0.971863865852356,1.8209905624389648
1337,5020,1.154233694076538,1.0805935859680176,0.9329568147659302,1.721722960472107
1337,5030,1.3025493621826172,1.2472952604293823,1.0122936964035034,1.7681140899658203
1337,5040,1.427558183670044,1.2636293172836304,1.0108808279037476,1.943406581878662
1337,5050,1.3450168371200562,1.1895781755447388,0.9311968684196472,2.045236825942993
1337,5060,1.2400777339935303,1.2197833061218262,0.9975475668907166,1.818276286125183
1337,5070,1.3096015453338623,1.1284211874008179,0.9786174297332764,1.7952072620391846
1337,5080,1.270817518234253,1.1821882724761963,1.0222762823104858,1.8441921472549438
1337,5090,1.4081133604049683,1.2621352672576904,1.0229759216308594,1.830931544303894
1337,5100,1.2094230651855469,1.210229516029358,0.9693540334701538,1.7829220294952393
1337,5110,1.4159109592437744,1.2384907007217407,1.0209205150604248,1.8500170707702637
1337,5120,1.2454396486282349,1.2274197340011597,1.0213996171951294,1.947394847869873
1337,5130,1.309332251548767,1.122641921043396,0.9318427443504333,1.9017033576965332
1337,5140,1.2830770015716553,1.1268597841262817,0.9807753562927246,1.7759722471237183
1337,5150,1.2948296070098877,1.1504305601119995,0.9395685195922852,1.8200920820236206
1337,5160,1.3857120275497437,1.1925435066223145,0.984190046787262,1.8814059495925903
1337,5170,1.319624662399292,1.22132408618927,0.9833238124847412,1.877161979675293
1337,5180,1.4073982238769531,1.353084921836853,0.9943224787712097,1.9749431610107422
1337,5190,1.4011343717575073,1.2336620092391968,1.0059854984283447,1.9890214204788208
1337,5200,1.2590973377227783,1.1611961126327515,0.9426270127296448,1.7983076572418213
1337,5210,1.228029727935791,1.2324339151382446,0.9249507784843445,1.5765571594238281
1337,5220,1.3996437788009644,1.236001968383789,0.9528343081474304,1.7984017133712769
1337,5230,1.3586467504501343,1.230423927307129,1.0257567167282104,1.7943369150161743
1337,5240,1.461968183517456,1.3138647079467773,1.0411959886550903,2.061791181564331
1337,5250,1.2622487545013428,1.1441179513931274,0.9436591267585754,1.8471955060958862
1337,5260,1.365399956703186,1.2522852420806885,0.9478970170021057,1.813489317893982
1337,5270,1.344043493270874,1.0907559394836426,0.9575654864311218,1.7933353185653687
1337,5280,1.3752590417861938,1.2308919429779053,1.0398105382919312,1.9890555143356323
1337,5290,1.2530038356781006,1.2509362697601318,0.9836638569831848,1.8237849473953247
1337,5300,1.3895988464355469,1.296225905418396,1.0117003917694092,1.8703668117523193
1337,5310,1.3921022415161133,1.2490358352661133,1.011430025100708,1.8916271924972534
1337,5320,1.3494138717651367,1.2243142127990723,0.9789446592330933,1.791883111000061
1337,5330,1.419001817703247,1.3381915092468262,1.0984450578689575,2.260303497314453
1337,5340,1.3188807964324951,1.2657207250595093,0.9808326363563538,1.8682001829147339
1337,5350,1.3828073740005493,1.3488270044326782,1.0681116580963135,2.081400156021118
1337,5360,1.1929903030395508,1.0925804376602173,0.9919030666351318,1.8219009637832642
1337,5370,1.3604568243026733,1.2170226573944092,1.005827784538269,1.8921868801116943
1337,5380,1.3900353908538818,1.3258121013641357,1.0072680711746216,1.8806500434875488
1337,5390,1.3805991411209106,1.2141685485839844,1.119378924369812,2.182920455932617
1337,5400,1.4112128019332886,1.2661943435668945,1.0204393863677979,2.0675852298736572
1337,5410,1.251083493232727,1.0493947267532349,0.9337961077690125,1.679144024848938
1337,5420,1.363919973373413,1.2509692907333374,1.0323808193206787,2.0495753288269043
1337,5430,1.30561101436615,1.1825177669525146,1.0313364267349243,1.7394481897354126
1337,5440,1.3032957315444946,1.350759506225586,0.939340353012085,1.750862717628479
1337,5450,1.2428869009017944,1.1455661058425903,0.9913666844367981,1.8532640933990479
1337,5460,1.4576550722122192,1.2471108436584473,1.015362024307251,2.0095503330230713
1337,5470,1.2729709148406982,1.0539625883102417,0.9472301006317139,1.7985742092132568
1337,5480,1.3367915153503418,1.264621376991272,0.9895627498626709,1.8054205179214478
1337,5490,1.313398838043213,1.2096258401870728,0.974962592124939,1.944434642791748
1337,5500,1.2980941534042358,1.1788994073867798,1.019235372543335,1.9240552186965942
1337,5510,1.248653769493103,1.2617530822753906,0.9453038573265076,1.7826201915740967
1337,5520,1.27162766456604,1.306025743484497,0.978860080242157,1.7085373401641846
1337,5530,1.2634538412094116,1.1877583265304565,0.966188907623291,1.8033514022827148
1337,5540,1.2385029792785645,1.1799399852752686,1.010516881942749,2.048129081726074
1337,5550,1.258702039718628,1.1900542974472046,1.0735573768615723,1.9350792169570923
1337,5560,1.3403189182281494,1.2485601902008057,1.0239932537078857,1.9068351984024048
1337,5570,1.4213699102401733,1.2360992431640625,1.0365238189697266,1.7656242847442627
1337,5580,1.2644809484481812,1.1880757808685303,1.0655078887939453,2.0119194984436035
1337,5590,1.316802740097046,1.1637369394302368,1.0017845630645752,1.8359426259994507
1337,5600,1.301079511642456,1.182863712310791,0.9410281777381897,1.853123664855957
1337,5610,1.3909189701080322,1.382649540901184,1.0817736387252808,1.941605567932129
1337,5620,1.2960920333862305,1.143305778503418,0.9611898064613342,1.8322930335998535
1337,5630,1.4299640655517578,1.3071297407150269,1.0442675352096558,1.8965363502502441
1337,5640,1.3704330921173096,1.3566092252731323,1.0317819118499756,1.8801352977752686
1337,5650,1.2546051740646362,1.2159247398376465,0.9484983682632446,1.8068662881851196
1337,5660,1.300281047821045,1.1795055866241455,1.0056530237197876,1.7751823663711548
1337,5670,1.4919949769973755,1.404245138168335,1.1328169107437134,2.1436574459075928
1337,5680,1.3268914222717285,1.2881247997283936,1.0339175462722778,1.8668545484542847
1337,5690,1.2972495555877686,1.1902434825897217,0.9247907996177673,1.7703802585601807
1337,5700,1.2812913656234741,1.1587212085723877,0.9804911613464355,1.7129558324813843
1337,5710,1.3656483888626099,1.356637716293335,1.0670541524887085,1.9715490341186523
1337,5720,1.3141571283340454,1.2319992780685425,1.0196506977081299,1.9480723142623901
1337,5730,1.263932466506958,1.1061567068099976,0.9774813652038574,1.8758082389831543
1337,5740,1.1521878242492676,1.1185054779052734,0.9745862483978271,1.7117952108383179
1337,5750,1.329866647720337,1.3155601024627686,1.000441551208496,1.962458848953247
1337,5760,1.3802971839904785,1.2165167331695557,1.0188019275665283,1.886329174041748
1337,5770,1.3382792472839355,1.2066558599472046,1.0301451683044434,2.1271796226501465
1337,5780,1.3714277744293213,1.1701233386993408,0.999239444732666,1.9547733068466187
1337,5790,1.3103885650634766,1.1488388776779175,1.0217704772949219,1.8834983110427856
1337,5800,1.169339895248413,1.0519567728042603,0.9211533665657043,1.701025366783142
1337,5810,1.1975034475326538,1.0766866207122803,1.0036635398864746,1.7808341979980469
1337,5820,1.3172039985656738,1.243190050125122,0.940334141254425,1.840209722518921
1337,5830,1.331266164779663,1.3271691799163818,1.1035982370376587,1.9691640138626099
1337,5840,1.4401692152023315,1.3203235864639282,1.17083740234375,2.1606950759887695
1337,5850,1.3476899862289429,1.2877411842346191,0.9957336783409119,1.8999361991882324
1337,5860,1.2900817394256592,1.2160347700119019,0.983161211013794,1.9833769798278809
1337,5870,1.4840967655181885,1.3403884172439575,1.1244202852249146,2.181382656097412
1337,5880,1.2004238367080688,1.0205519199371338,0.9704607725143433,1.7857584953308105
1337,5890,1.4837210178375244,1.314124345779419,1.1288443803787231,2.052002429962158
1337,5900,1.3106307983398438,1.1470192670822144,1.070235252380371,1.9581353664398193
1337,5910,1.308052897453308,1.1510109901428223,0.9700933694839478,1.8876864910125732
1337,5920,1.304821491241455,1.2968907356262207,1.0677300691604614,2.047664165496826
1337,5930,1.3586018085479736,1.2886080741882324,1.0331140756607056,1.956730604171753
1337,5940,1.3873649835586548,1.2899140119552612,1.00179922580719,1.9700525999069214
1337,5950,1.2706668376922607,1.200384259223938,0.9340046048164368,1.8514974117279053
1337,5960,1.3103415966033936,1.2002074718475342,1.0171973705291748,1.927167296409607
1337,5970,1.375701665878296,1.297613501548767,1.0816677808761597,2.120239496231079
1337,5980,1.3354156017303467,1.3154383897781372,1.0570610761642456,1.9581996202468872
1337,5990,1.3821057081222534,1.2696768045425415,1.044933795928955,2.088484764099121
1337,6000,1.3620611429214478,1.2133374214172363,1.0011217594146729,1.9417130947113037
1337,6010,1.3132230043411255,1.2775230407714844,1.0352094173431396,1.8609473705291748
1337,6020,1.0817550420761108,1.1330742835998535,0.9561848640441895,1.6724807024002075
1337,6030,1.2942008972167969,1.111436128616333,0.9432713389396667,1.9894272089004517
1337,6040,1.2289893627166748,1.2486594915390015,0.9802923798561096,1.9918135404586792
1337,6050,1.4487682580947876,1.3475074768066406,1.0800721645355225,1.994832992553711
1337,6060,1.2123098373413086,1.0955944061279297,0.9438983201980591,1.734681487083435
1337,6070,1.35114586353302,1.2611937522888184,1.0409799814224243,1.9646854400634766
1337,6080,1.1760201454162598,1.109312653541565,0.9362244009971619,1.9586387872695923
1337,6090,1.2040412425994873,1.0655518770217896,0.9744848608970642,1.8096230030059814
1337,6100,1.2463202476501465,1.0593554973602295,0.9855212569236755,1.8404908180236816
1337,6110,1.4099607467651367,1.283069372177124,1.0766197443008423,2.0404179096221924
1337,6120,1.3088446855545044,1.3506587743759155,1.1026874780654907,2.0884652137756348
1337,6130,1.188462495803833,1.0538784265518188,0.906731903553009,1.8085297346115112
1337,6140,1.4426151514053345,1.2510614395141602,1.0983779430389404,2.0322744846343994
1337,6150,1.2637733221054077,1.1015174388885498,0.9645594954490662,1.6400271654129028
1337,6160,1.2122607231140137,1.122489333152771,0.9848703145980835,1.8833014965057373
1337,6170,1.3980190753936768,1.3888753652572632,1.0856984853744507,2.0380475521087646
1337,6180,1.2402440309524536,1.0854979753494263,0.9459559321403503,1.8594648838043213
1337,6190,1.2885410785675049,1.2035014629364014,0.9917357563972473,1.763999342918396
1337,6200,1.4344946146011353,1.287887454032898,1.0569770336151123,1.8816180229187012
1337,6210,1.34164297580719,1.3875396251678467,1.0548230409622192,1.757503867149353
1337,6220,1.3712317943572998,1.3059134483337402,1.0267908573150635,2.0138325691223145
1337,6230,1.2805392742156982,1.3038543462753296,1.0014266967773438,1.8622156381607056
1337,6240,1.3099318742752075,1.1905611753463745,0.9649417996406555,1.859127163887024
1337,6250,1.2105239629745483,1.1893173456192017,0.9756063222885132,1.708219289779663
1337,6260,1.2219103574752808,1.205029845237732,0.9716382622718811,1.7031421661376953
1337,6270,1.3937571048736572,1.199357032775879,1.0361195802688599,1.8843848705291748
1337,6280,1.2139564752578735,1.0695379972457886,1.0111702680587769,1.8563389778137207
1337,6290,1.3598147630691528,1.3587442636489868,1.0002045631408691,1.928675889968872
1337,6300,1.2777893543243408,1.2960237264633179,1.041211485862732,1.920982003211975
1337,6310,1.4180659055709839,1.239445686340332,1.0989573001861572,2.034059524536133
1337,6320,1.2550722360610962,1.1905179023742676,0.9701483249664307,1.650720477104187
1337,6330,1.4417041540145874,1.2635443210601807,1.039021611213684,1.8104734420776367
1337,6340,1.300452709197998,1.2178078889846802,1.0099618434906006,1.9140981435775757
1337,6350,1.238490343093872,1.12832772731781,0.9958169460296631,1.7678515911102295
1337,6360,1.3677115440368652,1.2092264890670776,1.0015679597854614,1.8958982229232788
1337,6370,1.237327218055725,1.1539535522460938,0.991946816444397,1.7881516218185425
1337,6380,1.2677057981491089,1.2083464860916138,0.9331740140914917,1.7418479919433594
1337,6390,1.241700530052185,1.221473217010498,1.003723382949829,1.7252392768859863
1337,6400,1.2699624300003052,1.1784398555755615,0.9570111036300659,1.5439977645874023
1337,6410,1.2836560010910034,1.210768699645996,1.0253996849060059,1.854430079460144
1337,6420,1.3781441450119019,1.2284349203109741,1.0283628702163696,1.8659617900848389
1337,6430,1.3968369960784912,1.390913963317871,1.0911285877227783,1.967543363571167
1337,6440,1.212388515472412,1.1456342935562134,0.993238091468811,1.6302286386489868
1337,6450,1.2071056365966797,1.3433091640472412,0.9566113948822021,1.7071846723556519
1337,6460,1.1717700958251953,1.085781455039978,0.9400742053985596,1.6114469766616821
1337,6470,1.2972866296768188,1.038728952407837,0.9668737649917603,1.7070297002792358
1337,6480,1.238395094871521,1.1867179870605469,0.9897567629814148,1.6935923099517822
1337,6490,1.2860629558563232,1.1848838329315186,0.9931896924972534,1.848950743675232
1337,6500,1.2432072162628174,1.1022589206695557,0.983268141746521,1.7061097621917725
1337,6510,1.1734225749969482,1.2052626609802246,1.0015884637832642,1.879610538482666
1337,6520,1.2900333404541016,1.1439818143844604,0.9625185132026672,1.929192066192627
1337,6530,1.2588090896606445,1.204282522201538,1.0155664682388306,1.6338576078414917
1337,6540,1.2533031702041626,1.2927229404449463,0.9685192704200745,1.7406351566314697
1337,6550,1.259472370147705,1.1687222719192505,0.9442545771598816,1.773698329925537
1337,6560,1.1192342042922974,1.1196335554122925,0.9465308785438538,1.5698754787445068
1337,6570,1.3374073505401611,1.203891396522522,1.072908639907837,1.8318628072738647
1337,6580,1.2279446125030518,1.151413917541504,0.9765940308570862,1.8051369190216064
1337,6590,1.3865591287612915,1.3194701671600342,1.1164389848709106,1.9100178480148315
1337,6600,1.3053100109100342,1.225008249282837,0.9846030473709106,1.8930531740188599
1337,6610,1.2822526693344116,1.1237847805023193,1.013970971107483,1.8136645555496216
1337,6620,1.2306454181671143,1.162371039390564,0.9254408478736877,1.6606206893920898
1337,6630,1.1588056087493896,1.1128634214401245,0.9772003889083862,1.6232953071594238
1337,6640,1.3637874126434326,1.2448830604553223,1.0341613292694092,2.0178756713867188
1337,6650,1.4224004745483398,1.2354897260665894,1.0168737173080444,1.9293439388275146
1337,6660,1.2654670476913452,1.2180789709091187,0.9199196696281433,1.6430964469909668
1337,6670,1.2516587972640991,1.2425529956817627,1.000657320022583,1.8102113008499146
1337,6680,1.3425376415252686,1.2739444971084595,1.0112582445144653,1.7744358777999878
1337,6690,1.2760287523269653,1.2053602933883667,0.9675207138061523,1.844434142112732
1337,6700,1.2619606256484985,1.2748215198516846,0.9835147261619568,1.641717553138733
1337,6710,1.3734551668167114,1.2149680852890015,1.0072532892227173,1.696438193321228
1337,6720,1.2387641668319702,1.27651846408844,0.9842742681503296,1.9411625862121582
1337,6730,1.2569692134857178,1.327100157737732,1.0631282329559326,1.7116011381149292
1337,6740,1.2276753187179565,1.0840110778808594,0.8933536410331726,1.6801881790161133
1337,6750,1.3486006259918213,1.4153004884719849,1.0527907609939575,1.897013783454895
1337,6760,1.3586163520812988,1.3340078592300415,1.0110881328582764,1.9248912334442139
1337,6770,1.3559590578079224,1.287345290184021,1.012447476387024,1.8033288717269897
1337,6780,1.303596019744873,1.1762714385986328,0.971915602684021,1.88960599899292
1337,6790,1.2629672288894653,1.2540737390518188,0.9938715696334839,1.705283761024475
1337,6800,1.206127643585205,1.2659624814987183,1.000104308128357,1.7298070192337036
1337,6810,1.2966978549957275,1.316199541091919,1.0173977613449097,1.7311511039733887
1337,6820,1.2955445051193237,1.1777753829956055,0.9915762543678284,1.7972050905227661
1337,6830,1.1970306634902954,1.1767582893371582,0.9207211136817932,1.608269453048706
1337,6840,1.3314851522445679,1.1723994016647339,1.0452196598052979,1.7692033052444458
1337,6850,1.260973334312439,1.1393145322799683,0.9796455502510071,1.7304224967956543
1337,6860,1.4679702520370483,1.3996177911758423,1.1231077909469604,2.0986340045928955
1337,6870,1.3382596969604492,1.2265483140945435,1.025608777999878,1.8589725494384766
1337,6880,1.1638226509094238,1.1242972612380981,0.9073957204818726,1.5870014429092407
1337,6890,1.223037600517273,1.1615546941757202,0.9811621308326721,1.8421530723571777
1337,6900,1.3353245258331299,1.3746379613876343,1.0953948497772217,2.023230791091919
1337,6910,1.2860256433486938,1.3146815299987793,0.9844789505004883,1.81419837474823
1337,6920,1.3687726259231567,1.2594207525253296,0.997287392616272,1.8593560457229614
1337,6930,1.2196342945098877,1.2879449129104614,1.0130949020385742,1.8807060718536377
1337,6940,1.2635464668273926,1.189316749572754,1.016054391860962,1.8846337795257568
1337,6950,1.277219533920288,1.2362293004989624,1.0102190971374512,1.85920250415802
1337,6960,1.2268894910812378,1.1465729475021362,0.9474385976791382,1.7352395057678223
1337,6970,1.2689350843429565,1.2059359550476074,0.9684042930603027,1.8906803131103516
1337,6980,1.3740934133529663,1.2713066339492798,1.0429431200027466,2.1493444442749023
1337,6990,1.2971795797348022,1.4228953123092651,1.086444616317749,1.98277747631073
1337,7000,1.2640501260757446,1.2970120906829834,1.0439130067825317,1.929694652557373
1337,7010,1.3084274530410767,1.3702718019485474,1.0667632818222046,1.7797887325286865
1337,7020,1.2626909017562866,1.3386141061782837,1.0280543565750122,2.0309042930603027
1337,7030,1.303046464920044,1.274698257446289,0.9807548522949219,1.7705780267715454
1337,7040,1.2502983808517456,1.1677290201187134,0.9568418264389038,1.802674651145935
1337,7050,1.2119897603988647,1.1469122171401978,0.96843022108078,1.759912371635437
1337,7060,1.3099329471588135,1.2046033143997192,0.998912513256073,1.7733641862869263
1337,7070,1.1584868431091309,1.1621631383895874,0.9717452526092529,1.5895390510559082
1337,7080,1.3197474479675293,1.1891586780548096,0.9669510722160339,1.9338127374649048
1337,7090,1.4170368909835815,1.2155135869979858,1.0659278631210327,1.9225705862045288
1337,7100,1.1609262228012085,1.0353325605392456,0.9738520383834839,1.6059681177139282
1337,7110,1.3025879859924316,1.213762640953064,1.0336332321166992,1.928332805633545
1337,7120,1.2827187776565552,1.2226594686508179,0.9671777486801147,1.8386443853378296
1337,7130,1.2238508462905884,1.2034318447113037,0.9692966938018799,1.7704695463180542
1337,7140,1.2813645601272583,1.226459264755249,0.971739649772644,1.8060264587402344
1337,7150,1.321938157081604,1.2551716566085815,0.9854056239128113,1.881019949913025
1337,7160,1.0862993001937866,1.1619186401367188,0.9693648219108582,1.6888396739959717
1337,7170,1.3329110145568848,1.3174841403961182,1.0682350397109985,1.9265087842941284
1337,7180,1.3560192584991455,1.2981053590774536,0.954723060131073,1.893904209136963
1337,7190,1.2396947145462036,1.1910841464996338,1.0013082027435303,1.8020037412643433
1337,7200,1.304422378540039,1.3445528745651245,1.0668234825134277,1.9324369430541992
1337,7210,1.293081521987915,1.164429783821106,1.0065600872039795,1.747169017791748
1337,7220,1.2556105852127075,1.129245638847351,0.9670364260673523,1.8494120836257935
1337,7230,1.3861327171325684,1.3968000411987305,1.0973989963531494,1.9197365045547485
1337,7240,1.3494739532470703,1.347338080406189,1.1436553001403809,2.0447802543640137
1337,7250,1.2654002904891968,1.3597805500030518,1.042957067489624,1.8856306076049805
1337,7260,1.4458718299865723,1.3181068897247314,1.1109161376953125,1.8763498067855835
1337,7270,1.3594104051589966,1.2039541006088257,1.0409271717071533,1.9157257080078125
1337,7280,1.1310831308364868,1.0971697568893433,0.9484509229660034,1.7224880456924438
1337,7290,1.2573527097702026,1.1738176345825195,0.9315786957740784,1.670846939086914
1337,7300,1.3342796564102173,1.424309492111206,1.0607661008834839,1.932887315750122
1337,7310,1.3797054290771484,1.3219844102859497,1.098618984222412,1.8630925416946411
1337,7320,1.2255417108535767,1.074027180671692,0.9729570746421814,1.6672039031982422
1337,7330,1.3527884483337402,1.3684899806976318,1.0658735036849976,1.860632300376892
1337,7340,1.3997547626495361,1.3324649333953857,1.0548712015151978,1.9904733896255493
1337,7350,1.2988206148147583,1.3370332717895508,1.0311963558197021,1.8676854372024536
1337,7360,1.3925505876541138,1.2472541332244873,1.0389221906661987,1.9057435989379883
1337,7370,1.2186977863311768,1.187802791595459,0.9709786176681519,1.601508378982544
1337,7380,1.1997976303100586,1.2207750082015991,1.0259637832641602,1.8393747806549072
1337,7390,1.349444031715393,1.3126075267791748,1.012312889099121,1.9827910661697388
1337,7400,1.2638113498687744,1.2135882377624512,0.9926964640617371,1.8985811471939087
1337,7410,1.3063623905181885,1.2194876670837402,1.0461543798446655,1.9592622518539429
1337,7420,1.3565313816070557,1.2424854040145874,1.0314555168151855,1.8318397998809814
1337,7430,1.1989802122116089,1.1712737083435059,1.0545300245285034,1.773552656173706
1337,7440,1.361741304397583,1.2147712707519531,1.0031232833862305,1.8354870080947876
1337,7450,1.314121127128601,1.269928216934204,1.0207449197769165,1.8018003702163696
1337,7460,1.506211757659912,1.4295943975448608,1.1671117544174194,2.144395112991333
1337,7470,1.324931025505066,1.1518125534057617,1.021624207496643,1.9003865718841553
1337,7480,1.1846632957458496,1.16917085647583,0.9989681243896484,1.8576332330703735
1337,7490,1.245297908782959,1.160750150680542,1.0183919668197632,1.7290236949920654
1337,7500,1.3652217388153076,1.2848968505859375,1.0823827981948853,1.98129403591156
1337,7510,1.3294897079467773,1.1647632122039795,0.9790735840797424,1.8427597284317017
1337,7520,1.372517466545105,1.3485735654830933,1.0324370861053467,2.0817086696624756
1337,7530,1.2449817657470703,1.3032726049423218,1.0403591394424438,1.6996469497680664
1337,7540,1.2806369066238403,1.2073941230773926,0.9961265921592712,1.8847774267196655
1337,7550,1.128810167312622,1.1336416006088257,0.9258715510368347,1.702095627784729
1337,7560,1.2679957151412964,1.1767815351486206,0.9622410535812378,1.811522364616394
1337,7570,1.2959626913070679,1.2066110372543335,0.9672542214393616,1.7707316875457764
1337,7580,1.2989944219589233,1.4493383169174194,1.0695629119873047,2.0881028175354004
1337,7590,1.3117597103118896,1.2508023977279663,1.0614529848098755,2.091953754425049
1337,7600,1.3034939765930176,1.2756445407867432,1.0326555967330933,1.9183207750320435
1337,7610,1.2431689500808716,1.23447847366333,1.0409477949142456,1.809067964553833
1337,7620,1.278830885887146,1.212172269821167,1.0067416429519653,1.829351544380188
1337,7630,1.349455714225769,1.2457311153411865,1.1035423278808594,2.036029815673828
1337,7640,1.237621784210205,1.1716766357421875,0.9326950311660767,1.76996910572052
1337,7650,1.276471734046936,1.206106185913086,1.0252654552459717,1.7188810110092163
1337,7660,1.345585823059082,1.3761096000671387,1.0837939977645874,1.904039978981018
1337,7670,1.2782055139541626,1.0942968130111694,0.9388918280601501,1.6699072122573853
1337,7680,1.3628515005111694,1.2109885215759277,1.0407119989395142,1.8427484035491943
1337,7690,1.1450169086456299,1.1453311443328857,0.9882076978683472,1.6311196088790894
1337,7700,1.3840669393539429,1.2953481674194336,1.0586462020874023,1.8667300939559937
1337,7710,1.380015254020691,1.3895782232284546,1.112785816192627,2.0924651622772217
1337,7720,1.2583826780319214,1.2646727561950684,1.032596230506897,1.998822569847107
1337,7730,1.2218214273452759,1.2210595607757568,1.0178815126419067,1.8074253797531128
1337,7740,1.2492737770080566,1.323628306388855,1.0726077556610107,1.8327604532241821
1337,7750,1.3332984447479248,1.285719871520996,1.0056400299072266,1.9138087034225464
1337,7760,1.2816307544708252,1.2350428104400635,0.9882885813713074,1.675930380821228
1337,7770,1.2488529682159424,1.206229329109192,0.9615910649299622,1.5358902215957642
1337,7780,1.288832426071167,1.3382171392440796,1.0275059938430786,1.848335862159729
1337,7790,1.3274964094161987,1.1773889064788818,1.051831841468811,1.9410406351089478
1337,7800,1.2327548265457153,1.054680585861206,0.9920299053192139,1.6683381795883179
1337,7810,1.3277506828308105,1.310458779335022,1.0214580297470093,1.7434319257736206
1337,7820,1.2027313709259033,1.249765396118164,1.0414788722991943,1.7481156587600708
1337,7830,1.3770771026611328,1.3521349430084229,1.0611196756362915,1.8789252042770386
1337,7840,1.2957673072814941,1.2134344577789307,1.0108039379119873,1.7189083099365234
1337,7850,1.2808682918548584,1.1726529598236084,0.9377543330192566,1.7816518545150757
1337,7860,1.347090482711792,1.3057504892349243,1.0425227880477905,1.8699222803115845
1337,7870,1.2053152322769165,1.1837317943572998,1.003232717514038,1.7329734563827515
1337,7880,1.2225453853607178,1.1678792238235474,0.9772446155548096,1.7995471954345703
1337,7890,1.2626949548721313,1.2531076669692993,1.0262842178344727,1.9788821935653687
1337,7900,1.3167496919631958,1.2136380672454834,0.9716303944587708,1.7303969860076904
1337,7910,1.2083098888397217,1.1204543113708496,0.9820685982704163,1.8491160869598389
1337,7920,1.2925217151641846,1.3062413930892944,1.0894709825515747,1.8618075847625732
1337,7930,1.2131812572479248,1.1209311485290527,1.000309944152832,1.7912839651107788
1337,7940,1.3393051624298096,1.2128915786743164,0.9487832188606262,1.8649311065673828
1337,7950,1.5005100965499878,1.3157473802566528,1.0941745042800903,2.104419469833374
1337,7960,1.2866714000701904,1.2483108043670654,0.9948567748069763,1.8266304731369019
1337,7970,1.3385393619537354,1.1578829288482666,1.0291997194290161,1.8203765153884888
1337,7980,1.3475749492645264,1.3640977144241333,1.1067733764648438,1.9123194217681885
1337,7990,1.2659506797790527,1.3282026052474976,1.036986231803894,1.858361840248108
1337,8000,1.268652081489563,1.2731882333755493,0.993780255317688,1.8721240758895874
1337,8010,1.2375900745391846,1.2611758708953857,1.0386021137237549,1.9582887887954712
1337,8020,1.342862606048584,1.2538950443267822,1.1066198348999023,2.0608718395233154
1337,8030,1.3367552757263184,1.292985439300537,1.0521235466003418,1.8929409980773926
1337,8040,1.3211323022842407,1.308219313621521,1.0326610803604126,1.7842122316360474
1337,8050,1.329530954360962,1.2364177703857422,1.0088474750518799,1.8947463035583496
1337,8060,1.2500176429748535,1.2306112051010132,0.9972105622291565,1.7498388290405273
1337,8070,1.3564352989196777,1.2436027526855469,1.0319585800170898,1.776469111442566
1337,8080,1.1663181781768799,1.084199070930481,0.9681845903396606,1.6702162027359009
1337,8090,1.3138513565063477,1.2382433414459229,0.9648640155792236,1.9009689092636108
1337,8100,1.4116480350494385,1.3900784254074097,1.0786975622177124,2.054694890975952
1337,8110,1.2527066469192505,1.2641537189483643,0.9972693920135498,1.9280829429626465
1337,8120,1.3316972255706787,1.3193613290786743,1.0886125564575195,1.78941810131073
1337,8130,1.2042988538742065,1.1608266830444336,0.9980242848396301,1.7347215414047241
1337,8140,1.1437078714370728,1.1774717569351196,0.9721335172653198,1.7553585767745972
1337,8150,1.245434045791626,1.1539934873580933,1.0054062604904175,1.7946486473083496
1337,8160,1.2710132598876953,1.2800443172454834,1.0958188772201538,1.9463807344436646
1337,8170,1.288275957107544,1.245438814163208,0.9596348404884338,1.5948264598846436
1337,8180,1.2926725149154663,1.240739345550537,1.0149933099746704,1.7142236232757568
1337,8190,1.3886518478393555,1.3504838943481445,1.1569656133651733,2.060048818588257
1337,8200,1.266809344291687,1.175350308418274,1.0484193563461304,1.8513082265853882
1337,8210,1.2870097160339355,1.18739652633667,1.0075533390045166,1.8652211427688599
1337,8220,1.2334346771240234,1.192795991897583,1.0258368253707886,1.8344495296478271
1337,8230,1.330148458480835,1.2347272634506226,1.0208771228790283,1.9071197509765625
1337,8240,1.316941738128662,1.1655699014663696,0.9866911768913269,1.8102482557296753
1337,8250,1.2831789255142212,1.210013747215271,1.0347918272018433,1.9543715715408325
1337,8260,1.337187647819519,1.2098520994186401,0.9840644598007202,1.6598376035690308
1337,8270,1.1836960315704346,1.1845300197601318,0.9432422518730164,1.6452807188034058
1337,8280,1.198085904121399,1.2162859439849854,0.9558547139167786,1.6798545122146606
1337,8290,1.3202857971191406,1.3064216375350952,1.0231815576553345,1.750902771949768
1337,8300,1.2087541818618774,1.2509719133377075,1.0193125009536743,1.8473578691482544
1337,8310,1.3904950618743896,1.3675310611724854,1.0920991897583008,1.989542841911316
1337,8320,1.2660936117172241,1.1713916063308716,0.964250385761261,1.7510782480239868
1337,8330,1.1530466079711914,1.132240891456604,0.9315537810325623,1.6085071563720703
1337,8340,1.2085671424865723,1.1374549865722656,0.930494487285614,1.5705426931381226
1337,8350,1.1357744932174683,1.128532886505127,0.9665175080299377,1.648079752922058
1337,8360,1.3320693969726562,1.2057162523269653,1.0159693956375122,1.9005402326583862
1337,8370,1.3301750421524048,1.2672091722488403,1.1364492177963257,2.043426513671875
1337,8380,1.3592973947525024,1.273221731185913,1.0445278882980347,1.9636372327804565
1337,8390,1.1943764686584473,1.2585667371749878,0.9428054094314575,1.6987464427947998
1337,8400,1.2314367294311523,1.1786108016967773,0.976614773273468,1.8685928583145142
1337,8410,1.4035677909851074,1.3660423755645752,1.0992703437805176,2.1130356788635254
1337,8420,1.3584376573562622,1.3044990301132202,0.9920802116394043,1.89497709274292
1337,8430,1.3443037271499634,1.2425858974456787,1.0204801559448242,1.834059476852417
1337,8440,1.2770026922225952,1.1978111267089844,0.973473072052002,1.7151309251785278
1337,8450,1.368761420249939,1.4625922441482544,1.048819661140442,2.1658945083618164
1337,8460,1.150390625,1.1305756568908691,0.9887741208076477,1.7608258724212646
1337,8470,1.2697087526321411,1.3044019937515259,1.0307506322860718,1.9039770364761353
1337,8480,1.1820447444915771,1.2334600687026978,1.0193716287612915,1.8608980178833008
1337,8490,1.2811542749404907,1.3440390825271606,1.0025982856750488,1.7219443321228027
1337,8500,1.2273554801940918,1.2072514295578003,1.0457977056503296,1.9451794624328613
1337,8510,1.2695804834365845,1.28065824508667,0.9869502186775208,1.8634177446365356
1337,8520,1.4175671339035034,1.3478941917419434,1.0946553945541382,2.1187033653259277
1337,8530,1.2442153692245483,1.1916002035140991,0.9912766814231873,1.6685307025909424
1337,8540,1.226626992225647,1.25628662109375,1.0120946168899536,1.8626506328582764
1337,8550,1.3429814577102661,1.2925944328308105,1.0192456245422363,1.8744183778762817
1337,8560,1.3177015781402588,1.231763482093811,1.0048174858093262,1.9473888874053955
1337,8570,1.3360302448272705,1.2494076490402222,1.0703622102737427,1.9102106094360352
1337,8580,1.3445004224777222,1.28852117061615,1.0994693040847778,2.010756492614746
1337,8590,1.2714769840240479,1.240883708000183,1.0839301347732544,1.8787754774093628
1337,8600,1.4194872379302979,1.3788204193115234,1.069010615348816,2.1553359031677246
1337,8610,1.3312700986862183,1.445690631866455,1.107383370399475,2.0506885051727295
1337,8620,1.293277382850647,1.2789533138275146,1.083715558052063,1.8477022647857666
1337,8630,1.3988378047943115,1.352575421333313,1.0687428712844849,1.8730696439743042
1337,8640,1.2731364965438843,1.3293952941894531,1.0224894285202026,1.8463679552078247
1337,8650,1.4575809240341187,1.5239629745483398,1.072969913482666,1.8935832977294922
1337,8660,1.1784659624099731,1.1482423543930054,0.9454205632209778,1.8134912252426147
1337,8670,1.3035482168197632,1.30721914768219,1.0209683179855347,1.8261051177978516
1337,8680,1.3949416875839233,1.2233099937438965,1.0320087671279907,2.082031488418579
1337,8690,1.305494785308838,1.1848418712615967,0.9647752642631531,1.8426700830459595
1337,8700,1.1269575357437134,1.1053649187088013,0.9663772583007812,1.6475520133972168
1337,8710,1.3249907493591309,1.4056540727615356,1.1070548295974731,1.9340934753417969
1337,8720,1.2467964887619019,1.2611771821975708,1.0070902109146118,1.95530104637146
1337,8730,1.2506870031356812,1.1296577453613281,1.0010044574737549,1.7265651226043701
1337,8740,1.2542648315429688,1.2272313833236694,1.0059878826141357,1.8677964210510254
1337,8750,1.3882081508636475,1.2730908393859863,1.0643198490142822,1.9982917308807373
1337,8760,1.3456089496612549,1.2369349002838135,1.048248052597046,1.9236043691635132
1337,8770,1.251739263534546,1.2094833850860596,1.0263524055480957,1.85422945022583
1337,8780,1.0962127447128296,1.217270016670227,0.9697040915489197,1.5717588663101196
1337,8790,1.1055729389190674,1.1933428049087524,0.9646652340888977,1.7198446989059448
1337,8800,1.2532646656036377,1.2705363035202026,0.99381422996521,1.726279854774475
1337,8810,1.0993101596832275,1.1080044507980347,0.9877497553825378,1.5897455215454102
1337,8820,1.2308740615844727,1.203298568725586,0.9982960820198059,1.7364410161972046
1337,8830,1.2718371152877808,1.2260342836380005,1.00699782371521,1.814171314239502
1337,8840,1.30347740650177,1.2916467189788818,1.060086965560913,1.870230793952942
1337,8850,1.2634650468826294,1.1519445180892944,1.009016513824463,1.8279674053192139
1337,8860,1.2640231847763062,1.1735893487930298,0.942431628704071,1.7281380891799927
1337,8870,1.3918523788452148,1.224439024925232,1.0807141065597534,2.0888986587524414
1337,8880,1.174393653869629,1.1769732236862183,0.99321448802948,1.8726848363876343
1337,8890,1.213875412940979,1.2875336408615112,1.0949867963790894,1.9719316959381104
1337,8900,1.2934998273849487,1.24740731716156,0.98422771692276,1.7745239734649658
1337,8910,1.3611797094345093,1.3023678064346313,0.9800928831100464,1.7699109315872192
1337,8920,1.3534406423568726,1.3418039083480835,1.0805203914642334,1.9752604961395264
1337,8930,1.4817914962768555,1.467207908630371,1.1808360815048218,2.0146737098693848
1337,8940,1.3400230407714844,1.3073381185531616,1.0266642570495605,1.8956698179244995
1337,8950,1.3879789113998413,1.3943487405776978,1.0969312191009521,2.273533344268799
1337,8960,1.3018884658813477,1.2770071029663086,1.0626848936080933,1.8059579133987427
1337,8970,1.341888666152954,1.2492526769638062,1.0443601608276367,1.8586188554763794
1337,8980,1.357055902481079,1.2981832027435303,1.0393962860107422,1.9339245557785034
1337,8990,1.3034510612487793,1.330678105354309,1.0222282409667969,1.7664514780044556
1337,9000,1.226483702659607,1.213843584060669,1.0441025495529175,2.004460334777832
1337,9010,1.0322481393814087,1.0931538343429565,0.9128707051277161,1.6521211862564087
1337,9020,1.2496092319488525,1.2877744436264038,1.0018843412399292,1.8089121580123901
1337,9030,1.2274932861328125,1.2437580823898315,1.0802738666534424,1.8302655220031738
1337,9040,1.2681324481964111,1.2177293300628662,1.0484012365341187,1.809008240699768
1337,9050,1.2388229370117188,1.123551607131958,0.9327489733695984,1.649015188217163
1337,9060,1.2079789638519287,1.1696301698684692,0.9439195394515991,1.6231632232666016
1337,9070,1.3079310655593872,1.2399835586547852,1.0361030101776123,1.6609253883361816
1337,9080,1.180172324180603,1.2562648057937622,1.0157123804092407,1.7809982299804688
1337,9090,1.362476110458374,1.272121548652649,1.0027354955673218,1.824493646621704
1337,9100,1.343664526939392,1.208620548248291,1.0491348505020142,1.9563970565795898
1337,9110,1.4145528078079224,1.4112870693206787,1.0970953702926636,1.8514176607131958
1337,9120,1.179466724395752,1.257731318473816,0.9619949460029602,1.6755664348602295
1337,9130,1.1717582941055298,1.2176926136016846,1.0203090906143188,1.800485610961914
1337,9140,1.2914237976074219,1.2575621604919434,0.9708214998245239,1.9072073698043823
1337,9150,1.3460216522216797,1.308803677558899,1.0200755596160889,1.7722084522247314
1337,9160,1.1682071685791016,1.1798503398895264,0.9407963752746582,1.6429892778396606
1337,9170,1.2196794748306274,1.1276614665985107,1.0266742706298828,1.6014094352722168
1337,9180,1.4195328950881958,1.2320191860198975,1.0483604669570923,1.7994862794876099
1337,9190,1.3418629169464111,1.3381590843200684,1.0236666202545166,1.8506814241409302
1337,9200,1.371756672859192,1.3461050987243652,1.1200928688049316,1.9708119630813599
1337,9210,1.3241111040115356,1.1994770765304565,1.0643783807754517,1.877182960510254
1337,9220,1.3415268659591675,1.2259670495986938,1.030694842338562,1.843220591545105
1337,9230,1.2851513624191284,1.2832674980163574,1.024410605430603,1.8693490028381348
1337,9240,1.1266839504241943,1.1718918085098267,0.9691137075424194,1.8260750770568848
1337,9250,1.2564594745635986,1.3416677713394165,1.0190048217773438,1.8799898624420166
1337,9260,1.3902904987335205,1.4240732192993164,1.1388144493103027,2.046323537826538
1337,9270,1.2577743530273438,1.1629472970962524,1.0039235353469849,1.8944435119628906
1337,9280,1.2181494235992432,1.1736090183258057,1.0289736986160278,1.8094538450241089
1337,9290,1.2733515501022339,1.2127513885498047,1.0688974857330322,1.7536461353302002
1337,9300,1.2800917625427246,1.1924413442611694,0.9691953659057617,1.7738361358642578
1337,9310,1.2962185144424438,1.2313331365585327,1.0238674879074097,1.8430119752883911
1337,9320,1.277887225151062,1.2496274709701538,0.9809089303016663,1.7648541927337646
1337,9330,1.2669917345046997,1.2960220575332642,0.9864540100097656,1.794890284538269
1337,9340,1.2747639417648315,1.2044360637664795,1.002622127532959,1.9227358102798462
1337,9350,1.2259587049484253,1.242478847503662,1.0061486959457397,1.6992838382720947
1337,9360,1.2158077955245972,1.2454795837402344,1.0143096446990967,1.7691527605056763
1337,9370,1.2545335292816162,1.3262486457824707,0.9595068097114563,1.6495258808135986
1337,9380,1.2615044116973877,1.1928542852401733,1.0412919521331787,1.949056625366211
1337,9390,1.2471562623977661,1.2014347314834595,1.0387122631072998,1.767054796218872
1337,9400,1.4138944149017334,1.2105216979980469,1.0156967639923096,2.0261847972869873
1337,9410,1.2182177305221558,1.26570725440979,1.0289405584335327,1.85044264793396
1337,9420,1.2393302917480469,1.1370959281921387,1.008779525756836,1.6935142278671265
1337,9430,1.1948506832122803,1.1842193603515625,0.9375292658805847,1.7645992040634155
1337,9440,1.4289621114730835,1.284386157989502,1.0835216045379639,2.0293736457824707
1337,9450,1.3610974550247192,1.280047059059143,1.0331968069076538,1.8593165874481201
1337,9460,1.1795779466629028,1.1769416332244873,0.9764026999473572,1.7538992166519165
1337,9470,1.214054822921753,1.172318935394287,1.010000228881836,1.814892053604126
1337,9480,1.3075542449951172,1.354269027709961,1.135964035987854,2.116297483444214
1337,9490,1.3967024087905884,1.4350742101669312,1.1002073287963867,1.9979125261306763
1337,9500,1.305618405342102,1.312183141708374,1.0933799743652344,1.878461480140686
1337,9510,1.1352757215499878,1.1383051872253418,0.9666874408721924,1.6493209600448608
1337,9520,1.1496094465255737,1.1437561511993408,0.9496381878852844,1.6268988847732544
1337,9530,1.2949278354644775,1.2741434574127197,1.0277353525161743,1.8907030820846558
1337,9540,1.3236464262008667,1.3482649326324463,1.0595178604125977,1.7803854942321777
1337,9550,1.2201801538467407,1.1828415393829346,0.9999927282333374,1.9280606508255005
1337,9560,1.2397137880325317,1.3439357280731201,1.0246551036834717,1.722021222114563
1337,9570,1.2696340084075928,1.2102185487747192,1.0656802654266357,2.0036351680755615
1337,9580,1.240966558456421,1.2458239793777466,0.986263632774353,1.7134077548980713
1337,9590,1.258307933807373,1.3216160535812378,1.0255231857299805,1.9009300470352173
1337,9600,1.348192811012268,1.3357394933700562,1.0575181245803833,2.007972002029419
1337,9610,1.2179421186447144,1.1885077953338623,1.0724900960922241,1.848504900932312
1337,9620,1.2852073907852173,1.3861241340637207,1.0071748495101929,1.7456247806549072
1337,9630,1.1808871030807495,1.1648677587509155,0.9416760206222534,1.711228370666504
1337,9640,1.3711867332458496,1.2963685989379883,1.0625284910202026,2.0530238151550293
1337,9650,1.3487399816513062,1.3130686283111572,1.0946707725524902,1.9627478122711182
1337,9660,1.3064296245574951,1.2557233572006226,1.047550082206726,1.757096767425537
1337,9670,1.4645546674728394,1.422080397605896,1.1191351413726807,2.1626622676849365
1337,9680,1.1884615421295166,1.293899655342102,1.0350433588027954,1.624732494354248
1337,9690,1.0659068822860718,1.0413768291473389,0.8853291869163513,1.4851963520050049
1337,9700,1.2150133848190308,1.0581440925598145,0.9617806673049927,1.7056523561477661
1337,9710,1.3365951776504517,1.3399542570114136,1.0407661199569702,1.762740135192871
1337,9720,1.2319717407226562,1.346101999282837,1.0721098184585571,1.8713910579681396
1337,9730,1.2110191583633423,1.1702793836593628,1.0219802856445312,1.7475923299789429
1337,9740,1.2014241218566895,1.3414256572723389,1.0731786489486694,2.051079750061035
1337,9750,1.3893593549728394,1.424550175666809,1.1228724718093872,2.118494987487793
1337,9760,1.2346583604812622,1.2227709293365479,1.062153935432434,2.0127665996551514
1337,9770,1.2706218957901,1.3034350872039795,1.0399506092071533,1.8844904899597168
1337,9780,1.2401713132858276,1.1487737894058228,1.0286571979522705,1.814643144607544
1337,9790,1.3100662231445312,1.167916178703308,1.0479947328567505,1.869576334953308
1337,9800,1.2354825735092163,1.294965147972107,1.0962671041488647,1.8262604475021362
1337,9810,1.2171776294708252,1.2128793001174927,1.0018945932388306,1.763230800628662
1337,9820,1.2647875547409058,1.1413434743881226,1.000823736190796,1.6846976280212402
1337,9830,1.2721288204193115,1.19762122631073,1.0170564651489258,1.6382079124450684
1337,9840,1.2641184329986572,1.1954189538955688,0.9967889189720154,1.8064638376235962
1337,9850,1.3125066757202148,1.2617073059082031,1.050328016281128,2.082108497619629
1337,9860,1.3879061937332153,1.3516921997070312,1.0300414562225342,1.8535330295562744
1337,9870,1.1499639749526978,1.127416729927063,0.9505175352096558,1.7682573795318604
1337,9880,1.2771135568618774,1.3208496570587158,1.1258933544158936,2.0563559532165527
1337,9890,1.2687888145446777,1.291825771331787,1.099550724029541,1.7906417846679688
1337,9900,1.256772518157959,1.315913200378418,1.0178104639053345,1.888948678970337
1337,9910,1.1627929210662842,1.1120742559432983,0.9107362031936646,1.5023154020309448
1337,9920,1.333256483078003,1.3228267431259155,1.089654803276062,1.8928271532058716
1337,9930,1.35196053981781,1.2341231107711792,1.0189900398254395,1.6817716360092163
1337,9940,1.2238967418670654,1.2259601354599,1.0192079544067383,1.7948790788650513
1337,9950,1.243213176727295,1.2666175365447998,0.9656650424003601,1.780472755432129
1337,9960,1.4234458208084106,1.391838550567627,1.0665990114212036,1.837320327758789
1337,9970,1.1989529132843018,1.1432080268859863,1.0111303329467773,1.6319029331207275
1337,9980,1.2806040048599243,1.2942169904708862,0.9876551628112793,1.7473392486572266
1337,9990,1.2086880207061768,1.2856025695800781,1.0163085460662842,1.6457629203796387
1337,10000,1.205509066581726,1.297271966934204,1.0108768939971924,1.861551284790039
2027,10,0.9718120694160461,1.0964752435684204,0.9492174983024597,0.9456616640090942
2027,20,0.9819141626358032,1.1038386821746826,0.9345639944076538,0.9225913286209106
2027,30,1.001842975616455,1.1009236574172974,0.9711578488349915,0.9127843379974365
2027,40,1.0205777883529663,1.0402476787567139,0.9350667595863342,0.824245810508728
2027,50,1.0595903396606445,1.1179845333099365,1.1266828775405884,0.8811323046684265
2027,60,1.060143232345581,1.1599235534667969,0.946012020111084,0.9493851661682129
2027,70,1.1376996040344238,1.3056339025497437,1.0375343561172485,1.1459071636199951
2027,80,1.2076447010040283,1.2821338176727295,1.008317232131958,1.0669829845428467
2027,90,1.1953189373016357,1.2519835233688354,0.980156660079956,1.0238099098205566
2027,100,1.285515546798706,1.2141599655151367,0.9849498271942139,1.096847653388977
2027,110,1.1992323398590088,1.206621527671814,1.0029606819152832,1.1712653636932373
2027,120,1.1627330780029297,1.1405911445617676,1.043547511100769,1.008713722229004
2027,130,1.1835265159606934,1.0388336181640625,0.8833000063896179,0.8540071845054626
2027,140,1.1466928720474243,0.966231644153595,0.8142232894897461,0.8171035647392273
2027,150,1.0922797918319702,0.9637536406517029,0.806083619594574,0.7530680894851685
2027,160,0.9902872443199158,0.9003723859786987,0.7814549803733826,0.8152360320091248
2027,170,0.9338847994804382,0.8481128215789795,0.7054234147071838,0.7232171893119812
2027,180,0.9443608522415161,0.7212169170379639,0.683904230594635,0.7144889831542969
2027,190,0.9579452276229858,0.8270411491394043,0.6734945774078369,0.6914175748825073
2027,200,0.9539194107055664,0.7908562421798706,0.6985137462615967,0.676592230796814
2027,210,0.918433427810669,0.8036288022994995,0.6916046142578125,0.7139394879341125
2027,220,0.9348681569099426,0.7946927547454834,0.6693544387817383,0.6899383664131165
2027,230,0.8642688393592834,0.7645819187164307,0.6490230560302734,0.6712154150009155
2027,240,0.8369932174682617,0.7366104125976562,0.6683266162872314,0.701176106929779
2027,250,0.9045804738998413,0.7549756169319153,0.6810305118560791,0.6651937365531921
2027,260,0.861872673034668,0.7471800446510315,0.6464438438415527,0.6695026755332947
2027,270,0.8280365467071533,0.7487637400627136,0.6332058310508728,0.6746293902397156
2027,280,0.8613244891166687,0.7228873372077942,0.634452760219574,0.660942792892456
2027,290,0.9288360476493835,0.7883515954017639,0.6558007001876831,0.6766809225082397
2027,300,0.9400835633277893,0.7250903844833374,0.6323972940444946,0.7012053728103638
2027,310,0.9175741672515869,0.7269545197486877,0.6281924247741699,0.6886136531829834
2027,320,0.8670344948768616,0.7429161667823792,0.612968921661377,0.706911563873291
2027,330,0.8903038501739502,0.739776611328125,0.6406983137130737,0.6734403371810913
2027,340,0.8502944707870483,0.7059109210968018,0.6212085485458374,0.7053794264793396
2027,350,0.8766868114471436,0.7443755865097046,0.6227133870124817,0.7060784697532654
2027,360,0.903843343257904,0.736793577671051,0.6380957961082458,0.7142065763473511
2027,370,0.9156780242919922,0.751196026802063,0.6361742615699768,0.6791406869888306
2027,380,0.8108298778533936,0.7377333045005798,0.5849534869194031,0.6482812166213989
2027,390,0.852713942527771,0.7759856581687927,0.5829129219055176,0.6364690661430359
2027,400,0.8919942378997803,0.7442573308944702,0.6119260787963867,0.6414506435394287
2027,410,0.8280943036079407,0.7276473641395569,0.5856790542602539,0.670380175113678
2027,420,0.8502341508865356,0.7262812852859497,0.6166096925735474,0.6593303680419922
2027,430,0.8518272638320923,0.7372421026229858,0.6222294569015503,0.6604655981063843
2027,440,0.8178960084915161,0.7104761600494385,0.6029505133628845,0.6418442726135254
2027,450,0.9100388884544373,0.7084459066390991,0.5909826755523682,0.675177812576294
2027,460,0.839804470539093,0.7371315956115723,0.5950056910514832,0.6477677822113037
2027,470,0.8831279277801514,0.7278121113777161,0.6193065047264099,0.6762199401855469
2027,480,0.8898122906684875,0.7025416493415833,0.5974884033203125,0.6618059873580933
2027,490,0.9056919813156128,0.7834050059318542,0.5973962545394897,0.6831214427947998
2027,500,0.8060360550880432,0.7127923369407654,0.568200409412384,0.6311261057853699
2027,510,0.8394492268562317,0.7535530924797058,0.5776176452636719,0.6380817294120789
2027,520,0.8385725617408752,0.7033154368400574,0.5826649069786072,0.6337970495223999
2027,530,0.8896659016609192,0.7298122048377991,0.5914556384086609,0.6719266176223755
2027,540,0.9350659251213074,0.7350764870643616,0.6107339859008789,0.7102185487747192
2027,550,0.8092605471611023,0.7236820459365845,0.5586918592453003,0.6392576694488525
2027,560,0.8638714551925659,0.7234185338020325,0.5784966945648193,0.6802412867546082
2027,570,0.9026870131492615,0.7379202842712402,0.5781638026237488,0.6417789459228516
2027,580,0.869838535785675,0.7648751735687256,0.588266909122467,0.672082245349884
2027,590,0.9685947895050049,0.7540901303291321,0.6061419248580933,0.6559913158416748
2027,600,0.8294891715049744,0.7308968901634216,0.5533843636512756,0.6491153240203857
2027,610,0.9378826022148132,0.7595751285552979,0.591698944568634,0.6719847917556763
2027,620,0.900261402130127,0.7264446020126343,0.5768637657165527,0.6985841393470764
2027,630,0.8985651135444641,0.7239978909492493,0.5582850575447083,0.6783440709114075
2027,640,0.9436944723129272,0.7082871198654175,0.5880650281906128,0.6859245300292969
2027,650,0.9325737953186035,0.7323653697967529,0.571203887462616,0.6977147459983826
2027,660,0.9063392281532288,0.7374905347824097,0.5614131689071655,0.6939758658409119
2027,670,1.057137131690979,0.7539471983909607,0.6069730520248413,0.7220897078514099
2027,680,0.9244548678398132,0.7525380849838257,0.5316582322120667,0.697524905204773
2027,690,1.006502628326416,0.7649154663085938,0.61384117603302,0.7278262376785278
2027,700,1.0219504833221436,0.776646077632904,0.5950036644935608,0.7336422204971313
2027,710,1.0051077604293823,0.7459990978240967,0.5581570863723755,0.6985927820205688
2027,720,0.8745923638343811,0.7510557174682617,0.5633212924003601,0.7329029440879822
2027,730,1.0390806198120117,0.7297886610031128,0.6236772537231445,0.7560718655586243
2027,740,0.9314919710159302,0.749961256980896,0.5920882821083069,0.7588443160057068
2027,750,1.114071011543274,0.776826024055481,0.594882607460022,0.7496946454048157
2027,760,1.0034884214401245,0.753824770450592,0.5864531993865967,0.7591530084609985
2027,770,1.0854250192642212,0.7536237239837646,0.620839536190033,0.7295479774475098
2027,780,1.0882773399353027,0.7694648504257202,0.5992353558540344,0.7979249358177185
2027,790,1.0670100450515747,0.755709707736969,0.6122328042984009,0.763706386089325
2027,800,1.1403272151947021,0.7500858902931213,0.6129599809646606,0.7776762247085571
2027,810,1.0699442625045776,0.7593527436256409,0.5981503129005432,0.7793081402778625
2027,820,1.1955052614212036,0.7677842974662781,0.6343713998794556,0.8151275515556335
2027,830,1.0789706707000732,0.7526692748069763,0.5982781648635864,0.7998886704444885
2027,840,1.0494935512542725,0.7388845682144165,0.5574123859405518,0.7751407623291016
2027,850,1.1036796569824219,0.739619791507721,0.6404227614402771,0.8103395104408264
2027,860,1.22871732711792,0.75972980260849,0.6110010743141174,0.8108740448951721
2027,870,1.1443573236465454,0.7319517135620117,0.5976928472518921,0.7989287972450256
2027,880,1.194126844406128,0.7788597345352173,0.5979797840118408,0.8297721743583679
2027,890,1.1583173274993896,0.8037987947463989,0.6368808150291443,0.8960335850715637
2027,900,1.085729718208313,0.7737981677055359,0.6276811361312866,0.8345694541931152
2027,910,1.138522744178772,0.757118284702301,0.6276613473892212,0.7871391177177429
2027,920,1.2138173580169678,0.7658359408378601,0.6422635316848755,0.8601861000061035
2027,930,1.051786184310913,0.7989080548286438,0.6143645644187927,0.8405091166496277
2027,940,1.1603440046310425,0.7640256881713867,0.6644247770309448,0.8461773991584778
2027,950,1.2063394784927368,0.7630577087402344,0.6393621563911438,0.8726963996887207
2027,960,1.1373642683029175,0.748271644115448,0.6555010080337524,0.8942394852638245
2027,970,1.2303396463394165,0.7497835159301758,0.6367729306221008,0.8217913508415222
2027,980,1.2672889232635498,0.7756797075271606,0.6502853631973267,0.8511315584182739
2027,990,1.2160794734954834,0.7752993702888489,0.6334322094917297,0.9130224585533142
2027,1000,1.2421218156814575,0.7888807058334351,0.6324840784072876,0.9221152663230896
2027,1010,1.2650978565216064,0.8251555562019348,0.6461799144744873,0.9059520363807678
2027,1020,1.2501858472824097,0.7692671418190002,0.6621320247650146,0.9371903538703918
2027,1030,1.3281726837158203,0.7984880805015564,0.6680797934532166,0.9601694941520691
2027,1040,1.220206618309021,0.7711179852485657,0.6761215329170227,0.9261314272880554
2027,1050,1.2445529699325562,0.7767107486724854,0.6398396492004395,0.863564670085907
2027,1060,1.2517040967941284,0.7805635333061218,0.6820395588874817,0.9093590378761292
2027,1070,1.1715970039367676,0.7715421915054321,0.6671793460845947,0.8917588591575623
2027,1080,1.1864913702011108,0.7698562145233154,0.6430947780609131,0.8944697976112366
2027,1090,1.2701071500778198,0.7703254222869873,0.6631673574447632,0.8984103202819824
2027,1100,1.2546082735061646,0.7629307508468628,0.6704422831535339,0.9247887134552002
2027,1110,1.25287926197052,0.7929481267929077,0.6771219968795776,0.9492437243461609
2027,1120,1.1798518896102905,0.7720365524291992,0.6431572437286377,0.9549155831336975
2027,1130,1.268591284751892,0.7608482837677002,0.6461542248725891,0.9764437079429626
2027,1140,1.2850430011749268,0.7664254903793335,0.6463969945907593,0.9787216186523438
2027,1150,1.324800729751587,0.7928051948547363,0.6979894042015076,0.9657784104347229
2027,1160,1.286495566368103,0.79337477684021,0.6984318494796753,1.0302358865737915
2027,1170,1.277198314666748,0.7817009687423706,0.7070556282997131,1.0307599306106567
2027,1180,1.25911545753479,0.7921569347381592,0.644615888595581,0.9457560777664185
2027,1190,1.328965187072754,0.8263790607452393,0.7414593696594238,1.0598208904266357
2027,1200,1.1489006280899048,0.7740535736083984,0.6577334403991699,0.9534905552864075
2027,1210,1.217669129371643,0.7441285848617554,0.6590534448623657,0.9707652926445007
2027,1220,1.2788407802581787,0.8012423515319824,0.6553385853767395,0.996316134929657
2027,1230,1.304892897605896,0.8075966238975525,0.7133758068084717,1.0586674213409424
2027,1240,1.3570458889007568,0.8411971926689148,0.7197999358177185,1.0659326314926147
2027,1250,1.3487271070480347,0.8112578988075256,0.7371551394462585,1.0451419353485107
2027,1260,1.3199727535247803,0.8048544526100159,0.6985402703285217,1.0384414196014404
2027,1270,1.2895700931549072,0.7997563481330872,0.6749191284179688,1.0061951875686646
2027,1280,1.2964234352111816,0.808819055557251,0.6935034990310669,1.0588213205337524
2027,1290,1.3754998445510864,0.8418256044387817,0.7100282311439514,1.0835163593292236
2027,1300,1.3294084072113037,0.8080008029937744,0.7300114035606384,1.060302972793579
2027,1310,1.2855607271194458,0.7983487248420715,0.7380417585372925,1.0579462051391602
2027,1320,1.330235242843628,0.8224838972091675,0.7542125582695007,1.1170458793640137
2027,1330,1.3556681871414185,0.8196161389350891,0.7102068066596985,1.1436896324157715
2027,1340,1.2806065082550049,0.7725476026535034,0.6574355363845825,1.0098847150802612
2027,1350,1.2647297382354736,0.8233810663223267,0.6929603815078735,1.121935486793518
2027,1360,1.2202801704406738,0.7829496264457703,0.687023401260376,1.0510170459747314
2027,1370,1.2904307842254639,0.8133520483970642,0.7318013310432434,1.0947754383087158
2027,1380,1.3256489038467407,0.8079352974891663,0.6948485970497131,1.0700429677963257
2027,1390,1.3325754404067993,0.8351314067840576,0.7377550601959229,1.1796339750289917
2027,1400,1.3424818515777588,0.8210301995277405,0.7193140983581543,1.0939115285873413
2027,1410,1.2813271284103394,0.829942524433136,0.7333676218986511,1.1145251989364624
2027,1420,1.3169527053833008,0.8218034505844116,0.7226389050483704,1.1095415353775024
2027,1430,1.3026524782180786,0.7968964576721191,0.7274568676948547,1.1471407413482666
2027,1440,1.3380069732666016,0.8184906244277954,0.7247101068496704,1.1715034246444702
2027,1450,1.2731750011444092,0.8314555287361145,0.7180734872817993,1.1365485191345215
2027,1460,1.3319567441940308,0.8034923672676086,0.7293366193771362,1.1876014471054077
2027,1470,1.3134104013442993,0.8055766224861145,0.6983247995376587,1.188727617263794
2027,1480,1.3010581731796265,0.8535280227661133,0.7174185514450073,1.0713086128234863
2027,1490,1.3509833812713623,0.8746727705001831,0.7395508289337158,1.1655439138412476
2027,1500,1.3132174015045166,0.8656219244003296,0.7593308091163635,1.1813321113586426
2027,1510,1.376165509223938,0.795741856098175,0.7467468976974487,1.1862444877624512
2027,1520,1.3852969408035278,0.8519102931022644,0.7458674311637878,1.1866575479507446
2027,1530,1.2830963134765625,0.8439857363700867,0.6838513016700745,1.095221996307373
2027,1540,1.2797385454177856,0.8414117097854614,0.7538400888442993,1.2352601289749146
2027,1550,1.3466341495513916,0.8292602896690369,0.7377932667732239,1.1263247728347778
2027,1560,1.4217497110366821,0.8653523325920105,0.7580350637435913,1.2468204498291016
2027,1570,1.2790050506591797,0.8260776996612549,0.7360695004463196,1.163174033164978
2027,1580,1.3812984228134155,0.8276800513267517,0.7522184252738953,1.2272586822509766
2027,1590,1.2865779399871826,0.8126592040061951,0.73271644115448,1.1744362115859985
2027,1600,1.292834997177124,0.8613092303276062,0.8229905366897583,1.2298327684402466
2027,1610,1.3018583059310913,0.9016465544700623,0.801880955696106,1.2826683521270752
2027,1620,1.3228873014450073,0.8878731727600098,0.7932847142219543,1.2508213520050049
2027,1630,1.2441080808639526,0.8458473086357117,0.7819064259529114,1.1752514839172363
2027,1640,1.4090937376022339,0.8765722513198853,0.8433893918991089,1.396863341331482
2027,1650,1.3623310327529907,0.8573086857795715,0.7334226369857788,1.187453031539917
2027,1660,1.3440195322036743,0.8509795069694519,0.7710266709327698,1.2421342134475708
2027,1670,1.340044379234314,0.8792554140090942,0.7913362979888916,1.2410119771957397
2027,1680,1.323021650314331,0.8283107280731201,0.7609909772872925,1.285960078239441
2027,1690,1.176073431968689,0.8179135322570801,0.7078304886817932,1.2296463251113892
2027,1700,1.2917912006378174,0.8848217129707336,0.7770785689353943,1.3027148246765137
2027,1710,1.2641379833221436,0.8444237112998962,0.7605410218238831,1.2456356287002563
2027,1720,1.3635492324829102,0.8939501047134399,0.7977772951126099,1.3138065338134766
2027,1730,1.2368372678756714,0.8317701816558838,0.74833744764328,1.212145447731018
2027,1740,1.1685312986373901,0.8486937284469604,0.734761118888855,1.2636215686798096
2027,1750,1.4215651750564575,0.9069984555244446,0.8037431836128235,1.4156798124313354
2027,1760,1.3794660568237305,0.8637754321098328,0.7586892247200012,1.2736949920654297
2027,1770,1.3550106287002563,0.8903783559799194,0.7749492526054382,1.2685571908950806
2027,1780,1.4214873313903809,0.8579540848731995,0.8023574948310852,1.380338191986084
2027,1790,1.3102582693099976,0.8588882684707642,0.7825976014137268,1.2984710931777954
2027,1800,1.3131325244903564,0.8554319143295288,0.7571496367454529,1.3189090490341187
2027,1810,1.4482001066207886,0.9196032881736755,0.8267004489898682,1.3370139598846436
2027,1820,1.3475581407546997,0.9344102740287781,0.7753922343254089,1.2946784496307373
2027,1830,1.3695577383041382,0.9060932993888855,0.733917772769928,1.2258110046386719
2027,1840,1.354900598526001,0.8472102880477905,0.7400928735733032,1.3522002696990967
2027,1850,1.4359744787216187,0.8339740037918091,0.7905603647232056,1.3712499141693115
2027,1860,1.2640422582626343,0.8519116640090942,0.825588047504425,1.2881680727005005
2027,1870,1.4494723081588745,0.9437214732170105,0.8223786354064941,1.3989745378494263
2027,1880,1.3333035707473755,0.9014018774032593,0.7938011288642883,1.3084019422531128
2027,1890,1.2394005060195923,0.8463127613067627,0.7742081880569458,1.2591018676757812
2027,1900,1.2758324146270752,0.854911744594574,0.7318259477615356,1.1913046836853027
2027,1910,1.4341517686843872,0.9055915474891663,0.780353307723999,1.3700751066207886
2027,1920,1.3847112655639648,0.9125507473945618,0.856939435005188,1.3457493782043457
2027,1930,1.4036484956741333,0.9401459097862244,0.8243454694747925,1.4342862367630005
2027,1940,1.3927593231201172,0.9272772669792175,0.832240879535675,1.3544853925704956
2027,1950,1.3147304058074951,0.942439615726471,0.8135095238685608,1.3039990663528442
2027,1960,1.4338165521621704,0.9149636626243591,0.8494526743888855,1.4519827365875244
2027,1970,1.486594319343567,0.9361263513565063,0.8848713636398315,1.5292812585830688
2027,1980,1.3743664026260376,0.8692553043365479,0.7581167817115784,1.26350998878479
2027,1990,1.4518636465072632,0.8816788196563721,0.8107081055641174,1.5137405395507812
2027,2000,1.3371518850326538,0.8807205557823181,0.8382837772369385,1.3831748962402344
2027,2010,1.3530374765396118,0.9416501522064209,0.8737070560455322,1.4602237939834595
2027,2020,1.4546490907669067,0.9227924942970276,0.8207204341888428,1.4207102060317993
2027,2030,1.3670941591262817,0.8843047618865967,0.8467464447021484,1.5228163003921509
2027,2040,1.3893413543701172,0.9430974125862122,0.8324379920959473,1.41254723072052
2027,2050,1.4030628204345703,0.8657410144805908,0.8315187096595764,1.44597327709198
2027,2060,1.392469882965088,0.8986237645149231,0.8578997254371643,1.433658242225647
2027,2070,1.4192101955413818,0.8849664926528931,0.8046865463256836,1.406855821609497
2027,2080,1.4833382368087769,0.9216240644454956,0.9337877035140991,1.5274802446365356
2027,2090,1.5037541389465332,0.9649420976638794,0.8289065957069397,1.3630478382110596
2027,2100,1.3626937866210938,0.8965564966201782,0.8604766130447388,1.4966017007827759
2027,2110,1.4561527967453003,0.9789616465568542,0.8199208974838257,1.4113086462020874
2027,2120,1.4222222566604614,0.9043789505958557,0.8500363826751709,1.5150986909866333
2027,2130,1.3820265531539917,0.8936963081359863,0.803669273853302,1.489168405532837
2027,2140,1.3415977954864502,0.9179471731185913,0.7712090015411377,1.3926142454147339
2027,2150,1.3401715755462646,0.8999516367912292,0.8301091194152832,1.3710436820983887
2027,2160,1.459730863571167,0.931621253490448,0.873793363571167,1.6537144184112549
2027,2170,1.443092703819275,0.9685904383659363,0.861998438835144,1.4867361783981323
2027,2180,1.350363850593567,0.9255651235580444,0.7710599899291992,1.3446918725967407
2027,2190,1.378627061843872,0.9302952289581299,0.8282428979873657,1.4704545736312866
2027,2200,1.5052045583724976,0.9121283888816833,0.8629635572433472,1.5096162557601929
2027,2210,1.4007701873779297,0.9413172006607056,0.8265723586082458,1.433402180671692
2027,2220,1.4846686124801636,0.9786927700042725,0.8941530585289001,1.5646781921386719
2027,2230,1.4796404838562012,0.9148653149604797,0.8572691679000854,1.459620475769043
2027,2240,1.4137901067733765,0.9108684659004211,0.8295682668685913,1.651443600654602
2027,2250,1.4153800010681152,0.919583797454834,0.8822513222694397,1.4742631912231445
2027,2260,1.363430142402649,0.9048869609832764,0.8565881252288818,1.5897337198257446
2027,2270,1.5024852752685547,0.9263612031936646,0.9137656092643738,1.616133689880371
2027,2280,1.459261417388916,0.8972038626670837,0.8179555535316467,1.5044848918914795
2027,2290,1.4507747888565063,0.9577611684799194,0.856121301651001,1.5201561450958252
2027,2300,1.4839775562286377,0.9639263153076172,0.9197457432746887,1.6606693267822266
2027,2310,1.5264042615890503,1.0145169496536255,0.9799109697341919,1.6526883840560913
2027,2320,1.4704424142837524,0.9289753437042236,0.881794810295105,1.5432087182998657
2027,2330,1.4282543659210205,0.9385861158370972,0.9322628378868103,1.5441759824752808
2027,2340,1.3978079557418823,0.9328191876411438,0.8767223358154297,1.6291946172714233
2027,2350,1.3634976148605347,0.9172186851501465,0.8042656183242798,1.4202983379364014
2027,2360,1.4094399213790894,0.8981641530990601,0.8233972787857056,1.4590165615081787
2027,2370,1.46837317943573,0.9657131433486938,0.8607884645462036,1.5711679458618164
2027,2380,1.4363588094711304,0.9014608263969421,0.8602802157402039,1.508297085762024
2027,2390,1.4910838603973389,0.9555112719535828,0.9048069715499878,1.5405055284500122
2027,2400,1.4234460592269897,0.8796664476394653,0.8671265244483948,1.393214464187622
2027,2410,1.4352498054504395,1.0030004978179932,0.8660082817077637,1.481053352355957
2027,2420,1.4991012811660767,0.9226223230361938,0.8740724325180054,1.5863317251205444
2027,2430,1.443634033203125,0.9179571866989136,0.847727358341217,1.5259300470352173
2027,2440,1.458096981048584,0.9336140751838684,0.8741635680198669,1.6424083709716797
2027,2450,1.4844613075256348,0.9129335880279541,0.8556549549102783,1.544326663017273
2027,2460,1.3524912595748901,0.9572599530220032,0.8879071474075317,1.5357842445373535
2027,2470,1.4525988101959229,0.9533537030220032,0.9051365256309509,1.4903696775436401
2027,2480,1.433635950088501,0.9831545948982239,0.9302695393562317,1.63205885887146
2027,2490,1.4352728128433228,0.950741708278656,0.8374218344688416,1.5693950653076172
2027,2500,1.4436718225479126,0.923659086227417,0.8695120811462402,1.4983372688293457
2027,2510,1.4295196533203125,0.9845768213272095,0.8210006952285767,1.4364378452301025
2027,2520,1.4338879585266113,0.9581116437911987,0.8862248659133911,1.4801437854766846
2027,2530,1.4832234382629395,0.9206250905990601,0.8969388604164124,1.5126993656158447
2027,2540,1.4016609191894531,0.934368371963501,0.8081187009811401,1.467551827430725
2027,2550,1.5110480785369873,1.0079702138900757,0.9446227550506592,1.6934585571289062
2027,2560,1.3554896116256714,0.9795883893966675,0.9022536277770996,1.5387687683105469
2027,2570,1.3388876914978027,0.917867124080658,0.8469655513763428,1.4821927547454834
2027,2580,1.6482826471328735,1.0125131607055664,0.9747689962387085,1.6964274644851685
2027,2590,1.553049921989441,1.0286715030670166,0.8903242945671082,1.5534151792526245
2027,2600,1.4544870853424072,0.9644436836242676,0.8307099938392639,1.5878872871398926
2027,2610,1.521112322807312,0.9831267595291138,0.9692625403404236,1.6793957948684692
2027,2620,1.465964913368225,0.9314929246902466,0.9161725640296936,1.4939179420471191
2027,2630,1.3775835037231445,0.9314349889755249,0.8488603234291077,1.4285190105438232
2027,2640,1.355555772781372,0.952305257320404,0.9264155030250549,1.5788296461105347
2027,2650,1.4392681121826172,0.9151262044906616,0.9370415210723877,1.7095249891281128
2027,2660,1.5695339441299438,0.9522609114646912,0.9156390428543091,1.6899445056915283
2027,2670,1.535989761352539,0.9889973402023315,0.930626392364502,1.6511286497116089
2027,2680,1.3878884315490723,0.9325582981109619,0.8857007622718811,1.5501736402511597
2027,2690,1.602431058883667,1.0237363576889038,0.96352618932724,1.7251226902008057
2027,2700,1.362768530845642,0.9397638440132141,0.8710482716560364,1.4807345867156982
2027,2710,1.4971781969070435,1.0221420526504517,0.8479738831520081,1.552788257598877
2027,2720,1.2442091703414917,0.853615939617157,0.7661743760108948,1.3456438779830933
2027,2730,1.4276719093322754,0.9394577145576477,0.8939633965492249,1.5601786375045776
2027,2740,1.3087239265441895,0.8890991806983948,0.8533902168273926,1.5911681652069092
2027,2750,1.3887052536010742,0.9321368336677551,0.8852547407150269,1.5582373142242432
2027,2760,1.5527056455612183,1.0207372903823853,1.019868016242981,1.7485953569412231
2027,2770,1.4730979204177856,0.9996358156204224,0.9550930857658386,1.5830329656600952
2027,2780,1.5364059209823608,0.9542296528816223,0.9459173083305359,1.6525403261184692
2027,2790,1.4556224346160889,0.9355388879776001,0.8662402033805847,1.675902247428894
2027,2800,1.3966965675354004,1.0162920951843262,0.9263995885848999,1.571173071861267
2027,2810,1.5973949432373047,0.9894798398017883,0.9702663421630859,1.7284095287322998
2027,2820,1.5241740942001343,1.018891453742981,0.9613394141197205,1.6745136976242065
2027,2830,1.4741286039352417,0.9818662405014038,0.9267798662185669,1.611323356628418
2027,2840,1.3035948276519775,0.9633204936981201,0.8739849925041199,1.6060699224472046
2027,2850,1.3964247703552246,0.9504994750022888,0.8858363628387451,1.6373769044876099
2027,2860,1.4846584796905518,0.9512955546379089,1.0242972373962402,1.7618303298950195
2027,2870,1.4451045989990234,0.9870889186859131,0.957716703414917,1.729435920715332
2027,2880,1.4618165493011475,0.9982678294181824,0.9099639654159546,1.6635332107543945
2027,2890,1.4957448244094849,0.9897779822349548,0.9388893246650696,1.6954251527786255
2027,2900,1.4762699604034424,0.9676700234413147,0.9085667729377747,1.650416374206543
2027,2910,1.474190592765808,0.921068012714386,0.939916729927063,1.708066701889038
2027,2920,1.4342408180236816,0.9935986995697021,0.9100790023803711,1.61089289188385
2027,2930,1.591256856918335,1.0046738386154175,0.945470929145813,1.6248984336853027
2027,2940,1.5097368955612183,1.0024453401565552,0.9789499044418335,1.6495529413223267
2027,2950,1.3929672241210938,0.9206183552742004,0.9043821692466736,1.652482032775879
2027,2960,1.4385138750076294,0.9953106641769409,0.9300209879875183,1.5834882259368896
2027,2970,1.431975245475769,1.0052388906478882,0.9804605841636658,1.771750569343567
2027,2980,1.4344042539596558,0.9326032400131226,0.8896951675415039,1.5161199569702148
2027,2990,1.4972444772720337,0.9658747315406799,0.9320513010025024,1.6405439376831055
2027,3000,1.6274211406707764,1.002261996269226,0.9060003161430359,1.693800449371338
2027,3010,1.5359344482421875,0.9662888646125793,0.9353847503662109,1.664106011390686
2027,3020,1.4540510177612305,0.9197998046875,0.8793731331825256,1.7187823057174683
2027,3030,1.5474785566329956,0.9701979756355286,0.9846108555793762,1.6134949922561646
2027,3040,1.3293112516403198,1.0375820398330688,0.9891530275344849,1.6991658210754395
2027,3050,1.3836398124694824,0.9055067896842957,0.9257166385650635,1.6152271032333374
2027,3060,1.6672747135162354,1.0217828750610352,1.0103139877319336,1.913256287574768
2027,3070,1.571800708770752,0.9621261954307556,0.956179678440094,1.6898034811019897
2027,3080,1.5509705543518066,0.934051513671875,0.9916893243789673,1.8469501733779907
2027,3090,1.4916983842849731,0.9718497395515442,0.9085167646408081,1.7564647197723389
2027,3100,1.4385343790054321,0.9783061742782593,0.9650589227676392,1.686047911643982
2027,3110,1.5201621055603027,0.9309524297714233,0.8805475831031799,1.7878642082214355
2027,3120,1.507192850112915,1.0617178678512573,0.9242549538612366,1.7798737287521362
2027,3130,1.476912498474121,0.9604170322418213,0.911442220211029,1.699250340461731
2027,3140,1.582655906677246,1.093329668045044,1.0187993049621582,1.7777631282806396
2027,3150,1.5128216743469238,1.0479592084884644,1.03008234500885,1.7546168565750122
2027,3160,1.6164733171463013,0.9902457594871521,0.9776610732078552,1.761292815208435
2027,3170,1.5368186235427856,0.9818744659423828,0.946933925151825,1.6725507974624634
2027,3180,1.5670100450515747,0.9842252135276794,0.9726237654685974,1.6272947788238525
2027,3190,1.4935874938964844,1.0078541040420532,0.9665151834487915,1.7460331916809082
2027,3200,1.5979938507080078,1.0512675046920776,1.0695911645889282,1.8394428491592407
2027,3210,1.6270087957382202,0.9144124388694763,0.9342480301856995,1.7241073846817017
2027,3220,1.519553542137146,1.0577760934829712,0.9855009913444519,1.727238416671753
2027,3230,1.5325382947921753,0.9531815052032471,0.9705996513366699,1.7494186162948608
2027,3240,1.478529930114746,0.9856160283088684,0.9850406050682068,1.840193271636963
2027,3250,1.4382246732711792,0.9863527417182922,0.9709267616271973,1.7814817428588867
2027,3260,1.4144338369369507,0.8768706917762756,0.8762522339820862,1.65818452835083
2027,3270,1.388482928276062,0.9635366201400757,0.9430342316627502,1.7419637441635132
2027,3280,1.3734949827194214,0.9334114789962769,0.936254620552063,1.6191282272338867
2027,3290,1.5738507509231567,1.0038520097732544,0.9778669476509094,1.8059086799621582
2027,3300,1.4209548234939575,1.0166983604431152,0.977832019329071,1.6107827425003052
2027,3310,1.7328052520751953,0.9911758303642273,0.9876460433006287,1.8834600448608398
2027,3320,1.4625766277313232,1.0115488767623901,1.0000441074371338,1.7048121690750122
2027,3330,1.5401356220245361,1.012251377105713,1.01646888256073,1.8023991584777832
2027,3340,1.4953768253326416,1.1161834001541138,1.0781184434890747,1.7754079103469849
2027,3350,1.3849985599517822,0.931257426738739,0.8852677941322327,1.6320066452026367
2027,3360,1.5709024667739868,1.0208357572555542,1.0100125074386597,1.8422982692718506
2027,3370,1.5513650178909302,0.9870601296424866,0.9623187780380249,1.812181830406189
2027,3380,1.587300419807434,1.0429551601409912,1.0112602710723877,1.7473222017288208
2027,3390,1.577425479888916,1.0446836948394775,1.004659652709961,1.5934275388717651
2027,3400,1.5803598165512085,1.0090792179107666,0.9825147390365601,1.8036341667175293
2027,3410,1.5884065628051758,0.9471473097801208,0.96413654088974,1.7575699090957642
2027,3420,1.417015552520752,0.9504556059837341,0.9732425212860107,1.6737319231033325
2027,3430,1.3215663433074951,0.9521210193634033,0.9356271624565125,1.648701548576355
2027,3440,1.4177803993225098,0.9484512805938721,1.012191891670227,1.8028194904327393
2027,3450,1.5131129026412964,0.9403528571128845,0.992807149887085,1.7821359634399414
2027,3460,1.473343849182129,0.9533625841140747,0.9258633852005005,1.782893419265747
2027,3470,1.512066125869751,1.0022369623184204,0.977382242679596,1.8980565071105957
2027,3480,1.4155527353286743,0.9524185657501221,0.826882004737854,1.6752305030822754
2027,3490,1.4944074153900146,1.022471308708191,0.9920828938484192,1.6432700157165527
2027,3500,1.3906786441802979,1.0086270570755005,0.971725344657898,1.802469253540039
2027,3510,1.5857608318328857,0.9980102777481079,0.9551960825920105,1.823693871498108
2027,3520,1.345107913017273,0.9083669185638428,0.9415490627288818,1.6729916334152222
2027,3530,1.5886813402175903,0.9795664548873901,0.9669267535209656,1.8418792486190796
2027,3540,1.4246147871017456,0.9530966281890869,0.9584497213363647,1.7060375213623047
2027,3550,1.567994475364685,1.0365279912948608,0.9790982007980347,1.7421116828918457
2027,3560,1.559850811958313,0.97645503282547,1.0212217569351196,1.815956950187683
2027,3570,1.4915372133255005,1.0019639730453491,1.015982747077942,1.9484583139419556
2027,3580,1.5738394260406494,1.0113948583602905,1.0358175039291382,1.7772960662841797
2027,3590,1.3748507499694824,0.9371089339256287,0.9052649736404419,1.6898221969604492
2027,3600,1.4313889741897583,0.9448944926261902,0.9570187926292419,1.8781801462173462
2027,3610,1.5762145519256592,1.0301316976547241,0.9877929091453552,1.8758149147033691
2027,3620,1.570690631866455,0.9697803258895874,0.9402393698692322,1.7383736371994019
2027,3630,1.5951403379440308,1.0696194171905518,1.0131220817565918,1.9764480590820312
2027,3640,1.5631622076034546,0.9920622110366821,1.0140808820724487,1.8469198942184448
2027,3650,1.5881990194320679,1.0080697536468506,1.0515598058700562,1.8652386665344238
2027,3660,1.5643585920333862,0.9750421643257141,0.9931384325027466,2.000800609588623
2027,3670,1.4330264329910278,1.0463409423828125,1.0928505659103394,1.757651925086975
2027,3680,1.589397668838501,1.0226247310638428,1.0068016052246094,1.9782544374465942
2027,3690,1.4223170280456543,0.9383457899093628,0.977575957775116,1.8212990760803223
2027,3700,1.5807684659957886,0.9753500819206238,0.969795286655426,1.7444939613342285
2027,3710,1.5634193420410156,1.0173892974853516,0.9464228749275208,1.8218309879302979
2027,3720,1.6717780828475952,1.0686454772949219,1.1024960279464722,1.877746820449829
2027,3730,1.5058268308639526,0.9981975555419922,1.0675984621047974,1.8409152030944824
2027,3740,1.5804545879364014,0.9741794466972351,0.9228131175041199,1.745538353919983
2027,3750,1.4277071952819824,0.9394956827163696,0.9017292857170105,1.8157883882522583
2027,3760,1.3839707374572754,0.928091287612915,0.9251965284347534,1.696820616722107
2027,3770,1.5575963258743286,0.9837872385978699,1.0009770393371582,1.9566891193389893
2027,3780,1.3569555282592773,0.9264520406723022,0.8882932662963867,1.720538854598999
2027,3790,1.4699233770370483,0.9652892351150513,1.0553497076034546,1.895001769065857
2027,3800,1.4943681955337524,0.9802893996238708,0.9308591485023499,1.7917741537094116
2027,3810,1.39546537399292,0.9132968187332153,0.9410708546638489,1.6985692977905273
2027,3820,1.4115346670150757,0.9746711850166321,0.9583476185798645,1.7170907258987427
2027,3830,1.3904714584350586,0.9771828651428223,0.9881528615951538,1.8324483633041382
2027,3840,1.4463123083114624,1.0195069313049316,0.9669018983840942,1.6738020181655884
2027,3850,1.5085047483444214,1.0237104892730713,0.9875685572624207,1.8677260875701904
2027,3860,1.4536627531051636,0.9877657294273376,0.9628791213035583,1.6438349485397339
2027,3870,1.6005802154541016,1.0370204448699951,1.0766242742538452,1.9658509492874146
2027,3880,1.5426136255264282,1.0531055927276611,1.0448306798934937,1.9600796699523926
2027,3890,1.4178519248962402,0.9669389128684998,0.9231695532798767,1.6211987733840942
2027,3900,1.330867886543274,0.994490921497345,0.9707888960838318,1.8300724029541016
2027,3910,1.5963009595870972,1.0652979612350464,0.9900567531585693,1.697065830230713
2027,3920,1.5676265954971313,1.0381757020950317,1.1025781631469727,1.772122859954834
2027,3930,1.3899672031402588,1.0234642028808594,1.0083577632904053,1.8278001546859741
2027,3940,1.6755685806274414,0.9823980927467346,1.073775291442871,1.9375096559524536
2027,3950,1.5336543321609497,0.9726862907409668,1.0042791366577148,1.9441783428192139
2027,3960,1.320183277130127,0.9205724000930786,0.9822356104850769,1.6670441627502441
2027,3970,1.4668062925338745,0.9962956309318542,0.9481365084648132,1.8155068159103394
2027,3980,1.5836215019226074,0.979318380355835,1.0809664726257324,2.0170059204101562
2027,3990,1.4611607789993286,0.9342504143714905,0.9345698952674866,1.708297610282898
2027,4000,1.5012296438217163,0.9975993633270264,1.0375605821609497,1.8908209800720215
2027,4010,1.5688899755477905,1.026675820350647,1.1152267456054688,1.8801400661468506
2027,4020,1.4850578308105469,0.9855527281761169,0.9920589327812195,1.8876713514328003
2027,4030,1.5664174556732178,1.051305890083313,1.0238280296325684,1.8987373113632202
2027,4040,1.521392583847046,1.0408602952957153,1.0341331958770752,1.9602150917053223
2027,4050,1.6195214986801147,0.9903308749198914,1.1187888383865356,1.9955730438232422
2027,4060,1.3622982501983643,0.9680430889129639,0.9199102520942688,1.6391057968139648
2027,4070,1.6330938339233398,1.0420348644256592,1.0881596803665161,1.868996024131775
2027,4080,1.6241263151168823,0.9906398057937622,1.0534199476242065,1.866480827331543
2027,4090,1.4655754566192627,1.0264428853988647,1.0293506383895874,1.7976287603378296
2027,4100,1.5725411176681519,1.0570770502090454,1.0319336652755737,1.9735339879989624
2027,4110,1.564550518989563,0.994221031665802,1.0372225046157837,1.9558779001235962
2027,4120,1.5393128395080566,1.0189214944839478,1.0866705179214478,1.988785982131958
2027,4130,1.4659279584884644,0.9360439777374268,0.9346347451210022,1.8315504789352417
2027,4140,1.3609858751296997,0.9352850914001465,0.9248663783073425,1.7870010137557983
2027,4150,1.4465597867965698,0.9666090607643127,0.9986812472343445,1.7178592681884766
2027,4160,1.5632792711257935,1.0467897653579712,1.1096398830413818,2.022710084915161
2027,4170,1.5758832693099976,1.0118118524551392,1.0792663097381592,1.9879978895187378
2027,4180,1.486621618270874,0.9504103660583496,0.9714114665985107,1.8268977403640747
2027,4190,1.5819356441497803,1.055047631263733,1.0580998659133911,2.056070327758789
2027,4200,1.448273777961731,1.016448736190796,1.005507230758667,1.9375529289245605
2027,4210,1.4108606576919556,0.917393147945404,0.9520800113677979,1.8082655668258667
2027,4220,1.3900452852249146,0.9527218341827393,1.0199980735778809,1.7218060493469238
2027,4230,1.4087398052215576,0.9627310633659363,0.9865412712097168,1.7620829343795776
2027,4240,1.5556683540344238,1.029135823249817,1.0480707883834839,1.9628305435180664
2027,4250,1.430889368057251,0.9826748967170715,1.0200153589248657,1.85158371925354
2027,4260,1.3708125352859497,0.9690493941307068,0.967480480670929,1.8054330348968506
2027,4270,1.3901931047439575,0.9016161561012268,0.9134454727172852,1.7110539674758911
2027,4280,1.3748053312301636,0.9271557927131653,0.9809134602546692,1.86618173122406
2027,4290,1.6095588207244873,1.0657787322998047,1.1545135974884033,1.9391623735427856
2027,4300,1.490142583847046,1.0032790899276733,1.080618143081665,1.853607416152954
2027,4310,1.571803092956543,0.9773581027984619,0.9870973229408264,1.8247551918029785
2027,4320,1.4210656881332397,0.9584276080131531,1.0308163166046143,1.832635521888733
2027,4330,1.29581880569458,0.9936803579330444,1.0726637840270996,1.9375118017196655
2027,4340,1.518064260482788,1.0619940757751465,1.100080966949463,2.0360658168792725
2027,4350,1.5000375509262085,0.9341142773628235,0.9805018901824951,1.6943516731262207
2027,4360,1.5422532558441162,0.9678822159767151,1.0844234228134155,1.9102437496185303
2027,4370,1.492444396018982,1.0064163208007812,0.9417365193367004,1.7974644899368286
2027,4380,1.5164440870285034,1.0509350299835205,1.0332139730453491,1.8901972770690918
2027,4390,1.5048311948776245,0.9873067140579224,1.0284582376480103,1.81773042678833
2027,4400,1.5187647342681885,1.054303526878357,1.024255633354187,1.8045624494552612
2027,4410,1.4823226928710938,1.007328748703003,1.0195462703704834,1.7511656284332275
2027,4420,1.500890851020813,1.083042025566101,1.117104411125183,2.052851438522339
2027,4430,1.5159765481948853,0.9870744347572327,1.0085240602493286,1.8570221662521362
2027,4440,1.4259675741195679,0.9321635961532593,0.9647286534309387,1.8787546157836914
2027,4450,1.454063057899475,0.9525423049926758,1.0261379480361938,1.9832415580749512
2027,4460,1.5611106157302856,1.0043816566467285,1.0926570892333984,2.0301613807678223
2027,4470,1.6204612255096436,1.0332870483398438,1.0530383586883545,1.9155097007751465
2027,4480,1.3767249584197998,0.9416789412498474,0.9718214273452759,1.696484923362732
2027,4490,1.4006606340408325,0.9384366273880005,0.9648740291595459,1.7340892553329468
2027,4500,1.3724056482315063,0.919539749622345,0.9917670488357544,1.8097989559173584
2027,4510,1.3867956399917603,0.9285210967063904,0.996001124382019,1.853342056274414
2027,4520,1.652260184288025,1.020689606666565,1.0880154371261597,2.0207936763763428
2027,4530,1.5078587532043457,0.9865031242370605,0.9975555539131165,1.6316584348678589
2027,4540,1.4878383874893188,0.9461797475814819,0.9940594434738159,1.7847667932510376
2027,4550,1.5931037664413452,1.0501950979232788,1.1396139860153198,1.9920560121536255
2027,4560,1.6083673238754272,1.0751479864120483,1.0657979249954224,1.9267652034759521
2027,4570,1.5182809829711914,0.9806267619132996,1.0394638776779175,1.9260717630386353
2027,4580,1.4876009225845337,0.9819773435592651,1.1075330972671509,1.9091421365737915
2027,4590,1.4895228147506714,1.0263652801513672,1.1012606620788574,1.877562165260315
2027,4600,1.4619470834732056,0.9593768119812012,1.061688780784607,1.847920536994934
2027,4610,1.4198898077011108,0.9312525987625122,0.9878519773483276,1.771160364151001
2027,4620,1.603080153465271,0.9801947474479675,1.0052862167358398,1.9635963439941406
2027,4630,1.4809119701385498,0.9719076752662659,0.9962010383605957,1.8625401258468628
2027,4640,1.6450505256652832,1.0250160694122314,1.1450833082199097,1.9431731700897217
2027,4650,1.722702145576477,1.0481218099594116,1.0707200765609741,1.901051640510559
2027,4660,1.4780733585357666,1.0345038175582886,1.0424071550369263,1.7799690961837769
2027,4670,1.6485458612442017,1.0074375867843628,1.1385987997055054,1.927250862121582
2027,4680,1.4963304996490479,1.0288023948669434,1.0797240734100342,2.0060346126556396
2027,4690,1.528185486793518,0.9797869920730591,1.021601915359497,1.9418330192565918
2027,4700,1.5627254247665405,0.9868277907371521,1.089862585067749,2.0983948707580566
2027,4710,1.4683891534805298,0.9511902928352356,1.0610097646713257,1.8498200178146362
2027,4720,1.4645613431930542,0.9660564064979553,1.0682319402694702,2.0150744915008545
2027,4730,1.435350775718689,0.9951661229133606,1.0389463901519775,1.7150187492370605
2027,4740,1.4705806970596313,0.9721683263778687,1.1430469751358032,1.9725401401519775
2027,4750,1.2981457710266113,0.9753434062004089,1.0662745237350464,1.8722922801971436
2027,4760,1.4149816036224365,0.9473078846931458,1.0202804803848267,1.7858153581619263
2027,4770,1.516833782196045,0.9705474376678467,1.0978165864944458,1.8583862781524658
2027,4780,1.4511669874191284,0.9416031241416931,0.9933474659919739,1.9550223350524902
2027,4790,1.617849349975586,1.0702067613601685,1.0776311159133911,1.9665971994400024
2027,4800,1.5206217765808105,1.0399644374847412,1.1526522636413574,1.9482959508895874
2027,4810,1.5192917585372925,0.9816375970840454,1.0641454458236694,1.939687967300415
2027,4820,1.2732973098754883,0.9636582136154175,0.9655834436416626,1.7266274690628052
2027,4830,1.4167841672897339,0.9693604111671448,1.0456324815750122,1.8483890295028687
2027,4840,1.6365551948547363,1.1546142101287842,1.1775832176208496,1.9868258237838745
2027,4850,1.5773327350616455,1.0111384391784668,1.1144993305206299,1.956573724746704
2027,4860,1.3157308101654053,0.9107223749160767,0.9389843940734863,1.7728967666625977
2027,4870,1.5673906803131104,1.0197235345840454,1.1034311056137085,1.9619884490966797
2027,4880,1.5341122150421143,1.007423996925354,1.0194350481033325,1.8842991590499878
2027,4890,1.4992135763168335,1.0183093547821045,1.086115837097168,1.987466812133789
2027,4900,1.5899333953857422,0.9648013710975647,1.1522622108459473,1.9656094312667847
2027,4910,1.5371646881103516,1.0838987827301025,1.1058599948883057,1.7902708053588867
2027,4920,1.4477624893188477,0.997416079044342,1.0730273723602295,2.031547784805298
2027,4930,1.5336270332336426,1.0622979402542114,1.1755189895629883,2.0533881187438965
2027,4940,1.5328330993652344,1.029672384262085,1.0424877405166626,2.015413761138916
2027,4950,1.558950662612915,1.0368648767471313,1.106012225151062,1.9438145160675049
2027,4960,1.501263976097107,1.049487829208374,1.1006890535354614,1.98031747341156
2027,4970,1.5572130680084229,1.0009716749191284,1.043100118637085,1.9608237743377686
2027,4980,1.6125643253326416,1.026340126991272,1.1238176822662354,2.0426084995269775
2027,4990,1.5598558187484741,1.0264196395874023,1.0697579383850098,1.9516160488128662
2027,5000,1.618429183959961,1.11435067653656,1.2179648876190186,2.227018356323242
2027,5010,1.4903761148452759,1.0103250741958618,1.0241851806640625,1.8000247478485107
2027,5020,1.3579401969909668,0.930674135684967,1.0177580118179321,1.8606477975845337
2027,5030,1.3742477893829346,1.0156227350234985,1.1464132070541382,2.027458667755127
2027,5040,1.447251558303833,0.9820888638496399,1.0499686002731323,1.8864728212356567
2027,5050,1.568835973739624,1.0294133424758911,1.0488684177398682,1.9047890901565552
2027,5060,1.4691699743270874,0.9316732287406921,1.0020601749420166,1.8143484592437744
2027,5070,1.447972059249878,0.9615941643714905,1.052570104598999,1.8578505516052246
2027,5080,1.4722979068756104,0.942590057849884,1.0355740785598755,1.8396263122558594
2027,5090,1.4495184421539307,0.9616075158119202,1.0369975566864014,1.9718329906463623
2027,5100,1.5404880046844482,1.0132508277893066,1.2207257747650146,2.090956687927246
2027,5110,1.5607432126998901,0.995238184928894,1.0872830152511597,1.9538288116455078
2027,5120,1.751481294631958,1.0641555786132812,1.2629317045211792,2.2200913429260254
2027,5130,1.4000999927520752,0.988380491733551,1.0292354822158813,1.8621073961257935
2027,5140,1.230394959449768,0.9337751865386963,0.9657679796218872,1.6826171875
2027,5150,1.5377110242843628,1.079361915588379,1.178024411201477,1.8502784967422485
2027,5160,1.4176238775253296,1.0286070108413696,0.9542538523674011,1.8174761533737183
2027,5170,1.3706448078155518,0.9742060899734497,1.0404261350631714,1.7779362201690674
2027,5180,1.3660374879837036,0.9386066794395447,1.0644738674163818,1.8613430261611938
2027,5190,1.5299406051635742,0.986567497253418,1.1307116746902466,2.0288290977478027
2027,5200,1.3833571672439575,1.0162084102630615,1.0708192586898804,1.9746772050857544
2027,5210,1.4955343008041382,1.0835295915603638,1.09467613697052,2.0018811225891113
2027,5220,1.403120994567871,0.9884800314903259,1.065571904182434,1.8504369258880615
2027,5230,1.4554685354232788,0.9774114489555359,1.0322076082229614,1.9686630964279175
2027,5240,1.5147300958633423,1.0763529539108276,1.1725107431411743,1.930686593055725
2027,5250,1.5109295845031738,0.9850456714630127,1.0889967679977417,2.0135886669158936
2027,5260,1.432654619216919,0.9645050168037415,1.0972726345062256,1.983817219734192
2027,5270,1.4883641004562378,1.0004889965057373,1.0210953950881958,1.9255486726760864
2027,5280,1.4849693775177002,1.0335959196090698,1.0895609855651855,1.9227675199508667
2027,5290,1.5170656442642212,1.0580629110336304,1.114043951034546,2.0428006649017334
2027,5300,1.5452455282211304,1.0115089416503906,1.0510337352752686,2.1434710025787354
2027,5310,1.4171922206878662,0.9995856285095215,1.0723077058792114,2.0335235595703125
2027,5320,1.4886387586593628,0.9752036333084106,1.089544415473938,1.9677437543869019
2027,5330,1.488294005393982,0.9887376427650452,1.1057499647140503,1.9302841424942017
2027,5340,1.6195553541183472,1.0117286443710327,1.2289035320281982,2.1436030864715576
2027,5350,1.4459508657455444,0.9586700797080994,0.944144070148468,1.7845253944396973
2027,5360,1.4904379844665527,0.9461707472801208,1.1179660558700562,1.8820487260818481
2027,5370,1.4618135690689087,0.9790202379226685,1.152788519859314,2.029583215713501
2027,5380,1.454508662223816,0.9737939834594727,0.9460344910621643,1.7687879800796509
2027,5390,1.512992262840271,0.949047863483429,1.0399465560913086,1.9981439113616943
2027,5400,1.5165460109710693,0.987716019153595,1.178542971611023,2.055380344390869
2027,5410,1.3242031335830688,0.937501072883606,0.9979327321052551,1.728561520576477
2027,5420,1.5413703918457031,0.957958459854126,1.0922282934188843,1.8225599527359009
2027,5430,1.4371113777160645,1.0335606336593628,1.0732979774475098,1.971966028213501
2027,5440,1.4257776737213135,0.9642667770385742,1.0549790859222412,1.8903273344039917
2027,5450,1.3923007249832153,0.9619374871253967,1.0709044933319092,1.8863956928253174
2027,5460,1.4682719707489014,1.0931947231292725,1.1863765716552734,2.0294976234436035
2027,5470,1.4604302644729614,0.9679115414619446,1.1122715473175049,1.9398736953735352
2027,5480,1.6255197525024414,1.0674335956573486,1.1747115850448608,1.999566912651062
2027,5490,1.434319019317627,0.9918879270553589,1.1384834051132202,1.9411582946777344
2027,5500,1.4559686183929443,0.9668862819671631,1.1144843101501465,1.9262592792510986
2027,5510,1.3296469449996948,0.9354304075241089,0.9998958110809326,1.8056411743164062
2027,5520,1.524994134902954,1.0252872705459595,1.0588572025299072,1.8801767826080322
2027,5530,1.3982166051864624,0.9957202076911926,1.0906517505645752,1.6966805458068848
2027,5540,1.488024115562439,0.9669169187545776,1.0843807458877563,1.8832725286483765
2027,5550,1.5135987997055054,0.9915194511413574,1.1526594161987305,2.033209800720215
2027,5560,1.4221627712249756,0.952257513999939,1.0396291017532349,1.7358019351959229
2027,5570,1.5890169143676758,1.0967084169387817,1.1690729856491089,1.9774562120437622
2027,5580,1.6119835376739502,0.9597225785255432,1.1361489295959473,2.124283790588379
2027,5590,1.4177658557891846,0.9714624881744385,1.0357475280761719,1.831283450126648
2027,5600,1.5472965240478516,0.9963355660438538,1.1194959878921509,1.9061161279678345
2027,5610,1.5263649225234985,0.9953286051750183,1.1306078433990479,2.029449701309204
2027,5620,1.5341439247131348,1.0516231060028076,1.0823949575424194,2.098895311355591
2027,5630,1.4503577947616577,1.0097655057907104,1.0970758199691772,1.9835338592529297
2027,5640,1.5286914110183716,1.0052980184555054,1.1075763702392578,1.8716485500335693
2027,5650,1.3830894231796265,0.9577867388725281,1.1243336200714111,2.0060174465179443
2027,5660,1.5107336044311523,0.9700591564178467,1.0238536596298218,1.8994382619857788
2027,5670,1.457389235496521,1.0414026975631714,1.118906021118164,1.7903201580047607
2027,5680,1.5806505680084229,0.9749441146850586,1.1308990716934204,2.046658992767334
2027,5690,1.448765516281128,1.0136134624481201,1.0623185634613037,1.900821328163147
2027,5700,1.513723611831665,1.023499846458435,1.0275765657424927,1.8565826416015625
2027,5710,1.376941204071045,0.9728875756263733,1.059457778930664,2.031752347946167
2027,5720,1.3744089603424072,0.946822464466095,1.1275169849395752,1.9696018695831299
2027,5730,1.5162602663040161,1.0561518669128418,1.1551151275634766,1.9508370161056519
2027,5740,1.5816432237625122,1.0825695991516113,1.1788551807403564,1.9249368906021118
2027,5750,1.3636773824691772,0.9661005139350891,1.0684216022491455,1.765332579612732
2027,5760,1.5200049877166748,0.9937204122543335,1.1257739067077637,1.9855713844299316
2027,5770,1.4436289072036743,0.9894464612007141,1.0047281980514526,1.8661566972732544
2027,5780,1.4353795051574707,1.0351864099502563,1.1700502634048462,1.98569655418396
2027,5790,1.5796538591384888,1.0236718654632568,1.1697497367858887,2.0946269035339355
2027,5800,1.4591236114501953,1.0064055919647217,1.0847232341766357,1.9684444665908813
2027,5810,1.2147058248519897,0.9458576440811157,1.0044991970062256,1.7694793939590454
2027,5820,1.5261569023132324,1.0153719186782837,1.0445436239242554,1.814590573310852
2027,5830,1.5186563730239868,1.0014598369598389,1.183947205543518,2.059812307357788
2027,5840,1.5309120416641235,1.011616826057434,1.1574840545654297,2.0433349609375
2027,5850,1.5193262100219727,0.9587199687957764,1.0388191938400269,1.8687820434570312
2027,5860,1.3910142183303833,0.9979149699211121,1.018113136291504,1.9298428297042847
2027,5870,1.4885287284851074,1.0789363384246826,1.2085195779800415,2.091360330581665
2027,5880,1.5103754997253418,1.0450778007507324,1.176465392112732,2.078035831451416
2027,5890,1.4729104042053223,0.9797598719596863,1.0140163898468018,1.8540983200073242
2027,5900,1.460214376449585,1.0064433813095093,1.0855416059494019,1.8690509796142578
2027,5910,1.5047835111618042,0.9674147963523865,1.0678969621658325,1.852876901626587
2027,5920,1.4194778203964233,1.0033639669418335,1.1292052268981934,2.1526236534118652
2027,5930,1.4164191484451294,0.9921839833259583,1.1123607158660889,1.8870668411254883
2027,5940,1.4144691228866577,0.9730890989303589,1.0649899244308472,1.8344236612319946
2027,5950,1.3759334087371826,0.9706278443336487,1.093454122543335,1.867190957069397
2027,5960,1.5295847654342651,1.0543702840805054,1.140596628189087,2.0159332752227783
2027,5970,1.346176028251648,0.9818519949913025,1.0951701402664185,1.8420006036758423
2027,5980,1.5353103876113892,1.0759621858596802,1.1747137308120728,2.0023341178894043
2027,5990,1.517600655555725,1.0113651752471924,1.1248431205749512,1.991024374961853
2027,6000,1.4605216979980469,1.0243074893951416,1.175018310546875,2.0295066833496094
2027,6010,1.541920781135559,1.0591583251953125,1.1465812921524048,1.9661073684692383
2027,6020,1.3733717203140259,0.94517982006073,0.9708864092826843,1.8724355697631836
2027,6030,1.5142897367477417,1.0086661577224731,1.1379281282424927,1.9728063344955444
2027,6040,1.4202845096588135,0.9678573608398438,1.0533348321914673,1.8862593173980713
2027,6050,1.411582350730896,1.0595823526382446,1.1057544946670532,1.8657257556915283
2027,6060,1.4551924467086792,1.0265520811080933,1.1842044591903687,2.144731044769287
2027,6070,1.4282371997833252,1.0217722654342651,1.1377278566360474,1.9239592552185059
2027,6080,1.5116832256317139,1.05668044090271,1.081015706062317,1.9442297220230103
2027,6090,1.4722050428390503,1.0210833549499512,1.0257935523986816,1.7869818210601807
2027,6100,1.4284344911575317,0.9522088170051575,1.0697075128555298,1.8926621675491333
2027,6110,1.5323076248168945,1.0284351110458374,1.1765385866165161,2.0625879764556885
2027,6120,1.4950941801071167,1.0158898830413818,1.0881054401397705,1.987606167793274
2027,6130,1.5715093612670898,1.0801204442977905,1.1435424089431763,1.9837778806686401
2027,6140,1.3557054996490479,0.9662720561027527,1.0363686084747314,1.7943217754364014
2027,6150,1.5551388263702393,1.027718186378479,1.2645628452301025,1.9704610109329224
2027,6160,1.5927132368087769,0.9966702461242676,1.094433069229126,1.9067071676254272
2027,6170,1.5101866722106934,1.0078569650650024,1.0098047256469727,1.8154606819152832
2027,6180,1.5064775943756104,1.0098291635513306,1.1392109394073486,2.034510374069214
2027,6190,1.4162484407424927,1.0020030736923218,1.0963683128356934,1.9445829391479492
2027,6200,1.4401450157165527,0.9833399653434753,1.1103202104568481,1.9323431253433228
2027,6210,1.4235024452209473,0.9752312898635864,1.062150239944458,1.7592846155166626
2027,6220,1.3583310842514038,0.9382853507995605,1.0375851392745972,1.9194223880767822
2027,6230,1.5129088163375854,0.9969406723976135,1.0412747859954834,1.7872737646102905
2027,6240,1.4307516813278198,1.0155659914016724,1.0707566738128662,1.829330325126648
2027,6250,1.39341139793396,1.0131335258483887,1.0988301038742065,1.8916523456573486
2027,6260,1.4216811656951904,0.9285860061645508,1.030254602432251,1.820007085800171
2027,6270,1.4812533855438232,1.0466094017028809,1.1389223337173462,1.87153160572052
2027,6280,1.430916428565979,1.0519293546676636,1.0788168907165527,1.811668038368225
2027,6290,1.5600212812423706,1.0171042680740356,1.1959474086761475,1.9847859144210815
2027,6300,1.544542908668518,1.0951147079467773,1.2402400970458984,2.2203304767608643
2027,6310,1.3814547061920166,0.9368164539337158,1.037339210510254,1.7148398160934448
2027,6320,1.4610130786895752,1.0049121379852295,1.1929516792297363,1.9687408208847046
2027,6330,1.5062780380249023,1.0434060096740723,1.1091910600662231,1.8984876871109009
2027,6340,1.3725825548171997,1.0151407718658447,1.0557377338409424,1.7254024744033813
2027,6350,1.4676997661590576,1.02884840965271,1.1623197793960571,1.8152543306350708
2027,6360,1.4629427194595337,1.1029458045959473,1.1399829387664795,1.9846477508544922
2027,6370,1.429651141166687,1.0069438219070435,1.181320071220398,1.965352177619934
2027,6380,1.5280710458755493,1.036924123764038,1.1003655195236206,1.81503427028656
2027,6390,1.5963232517242432,1.0725436210632324,1.1962014436721802,2.01196026802063
2027,6400,1.3722927570343018,0.9890177845954895,1.1031908988952637,1.9403001070022583
2027,6410,1.496686339378357,1.0168416500091553,1.064743995666504,1.8336567878723145
2027,6420,1.4509342908859253,1.0105358362197876,1.0914770364761353,1.8600003719329834
2027,6430,1.4646365642547607,1.0348665714263916,1.1420177221298218,1.8805781602859497
2027,6440,1.5355647802352905,1.055606722831726,1.178470492362976,2.026221752166748
2027,6450,1.3778187036514282,0.9922752380371094,1.0703959465026855,1.7909913063049316
2027,6460,1.5465761423110962,1.037950873374939,1.1798980236053467,2.026099681854248
2027,6470,1.3897227048873901,0.9479202628135681,1.0922209024429321,1.8019617795944214
2027,6480,1.5034955739974976,1.0755761861801147,1.1863670349121094,1.9757227897644043
2027,6490,1.3985685110092163,0.9631022810935974,1.0938266515731812,1.9012004137039185
2027,6500,1.3755133152008057,0.9684156775474548,1.1295331716537476,1.8523225784301758
2027,6510,1.3941175937652588,1.02686607837677,1.0772572755813599,1.874008297920227
2027,6520,1.2785820960998535,1.0354444980621338,1.1751246452331543,1.9326509237289429
2027,6530,1.3451550006866455,0.964988112449646,1.056145429611206,1.6660006046295166
2027,6540,1.4806797504425049,1.0778859853744507,1.0919848680496216,1.8220231533050537
2027,6550,1.4617422819137573,0.9118748903274536,1.0532108545303345,1.8459419012069702
2027,6560,1.4378598928451538,1.0220128297805786,1.1067461967468262,2.0169589519500732
2027,6570,1.3466936349868774,0.9434612989425659,1.0063823461532593,1.730474591255188
2027,6580,1.4448353052139282,1.0184218883514404,1.108895182609558,2.0217323303222656
2027,6590,1.625704288482666,1.1333085298538208,1.1260749101638794,2.0288238525390625
2027,6600,1.4241023063659668,1.0259780883789062,1.197543740272522,1.9187747240066528
2027,6610,1.3965779542922974,1.0465638637542725,1.1944769620895386,2.0229616165161133
2027,6620,1.425232172012329,0.9844663739204407,1.117027997970581,1.9469634294509888
2027,6630,1.542966365814209,1.0085065364837646,1.183513879776001,1.947880744934082
2027,6640,1.438098430633545,0.9730426669120789,1.0868688821792603,1.9890024662017822
2027,6650,1.3427293300628662,0.9824584126472473,1.0345396995544434,1.653208613395691
2027,6660,1.3731690645217896,0.9833995699882507,1.0544018745422363,1.8232979774475098
2027,6670,1.4165831804275513,1.0834739208221436,1.255820870399475,1.996468424797058
2027,6680,1.4457623958587646,1.041378378868103,1.1612434387207031,1.9122267961502075
2027,6690,1.4701663255691528,1.0699875354766846,1.301226019859314,2.098149299621582
2027,6700,1.431494951248169,1.032459020614624,1.2112935781478882,1.9571545124053955
2027,6710,1.3556828498840332,0.9205703139305115,1.0154991149902344,1.7567846775054932
2027,6720,1.436895728111267,1.0653098821640015,1.159039855003357,1.910256028175354
2027,6730,1.4207415580749512,0.9250194430351257,1.0780909061431885,1.8197238445281982
2027,6740,1.4306814670562744,1.0406529903411865,1.1611738204956055,2.080317497253418
2027,6750,1.4585273265838623,1.024975061416626,1.0802677869796753,1.7637512683868408
2027,6760,1.383641004562378,0.9584217667579651,1.0367504358291626,1.783825397491455
2027,6770,1.4838590621948242,0.9901677370071411,1.198960781097412,2.0096004009246826
2027,6780,1.4870269298553467,1.0421236753463745,1.1061099767684937,1.7884541749954224
2027,6790,1.3974696397781372,0.9994388818740845,1.1512012481689453,1.931611180305481
2027,6800,1.3982200622558594,0.9694793820381165,1.0665358304977417,1.6777360439300537
2027,6810,1.4484355449676514,1.0757677555084229,1.1797229051589966,1.8516855239868164
2027,6820,1.47685706615448,0.9880308508872986,1.0759223699569702,1.829709529876709
2027,6830,1.4041390419006348,1.0009808540344238,1.1322879791259766,2.031341075897217
2027,6840,1.4444524049758911,1.0187405347824097,1.1438989639282227,1.9687901735305786
2027,6850,1.339298963546753,0.9818532466888428,1.1259140968322754,1.8185967206954956
2027,6860,1.4653723239898682,1.0732059478759766,1.1237846612930298,1.8208839893341064
2027,6870,1.4501231908798218,0.9378069043159485,1.068623423576355,1.8440121412277222
2027,6880,1.4065396785736084,0.980232298374176,1.0590211153030396,1.8191863298416138
2027,6890,1.5389766693115234,1.076695203781128,1.1247880458831787,1.8671860694885254
2027,6900,1.4686648845672607,1.027842402458191,1.1327357292175293,1.8880819082260132
2027,6910,1.320501685142517,1.0100284814834595,1.1181973218917847,1.9007136821746826
2027,6920,1.4126123189926147,1.0045238733291626,1.1632333993911743,2.004011631011963
2027,6930,1.4350430965423584,1.0688409805297852,1.1722716093063354,1.9978986978530884
2027,6940,1.3081824779510498,1.029880404472351,1.1342403888702393,1.8973369598388672
2027,6950,1.4303524494171143,1.0423736572265625,1.1504237651824951,1.8953455686569214
2027,6960,1.495582103729248,1.0092720985412598,1.1680266857147217,1.955211877822876
2027,6970,1.3360260725021362,0.9602518677711487,1.0657228231430054,1.8206063508987427
2027,6980,1.465875267982483,1.0312726497650146,1.1130428314208984,2.001239538192749
2027,6990,1.1583930253982544,0.9268554449081421,1.0270094871520996,1.7746853828430176
2027,7000,1.3288521766662598,0.9307268261909485,1.026909589767456,1.7912801504135132
2027,7010,1.4002397060394287,0.9396100044250488,0.9779490232467651,1.7979408502578735
2027,7020,1.4305241107940674,1.029338002204895,1.1065893173217773,1.8351718187332153
2027,7030,1.4970060586929321,1.0004054307937622,1.1448709964752197,2.0346062183380127
2027,7040,1.4226750135421753,1.0157512426376343,1.0823999643325806,1.942420482635498
2027,7050,1.3988308906555176,1.0483720302581787,1.1789987087249756,1.884579062461853
2027,7060,1.3186334371566772,0.9493659734725952,1.1043000221252441,1.864104986190796
2027,7070,1.5221275091171265,1.019237756729126,1.230857253074646,1.9429994821548462
2027,7080,1.4445704221725464,1.0193771123886108,1.2441728115081787,2.033609628677368
2027,7090,1.3943637609481812,0.9701648354530334,1.1466940641403198,1.902665138244629
2027,7100,1.532442331314087,1.0890415906906128,1.1276137828826904,1.7619526386260986
2027,7110,1.4036027193069458,1.0020314455032349,1.1260411739349365,1.9470975399017334
2027,7120,1.4472764730453491,1.0325185060501099,1.1347501277923584,1.8939462900161743
2027,7130,1.4171593189239502,0.9980607032775879,1.1228727102279663,1.879669189453125
2027,7140,1.4761956930160522,1.0636131763458252,1.1825039386749268,1.8981702327728271
2027,7150,1.5337507724761963,0.9930554628372192,1.1972365379333496,1.936265468597412
2027,7160,1.525071620941162,1.0434433221817017,1.1603680849075317,1.9096863269805908
2027,7170,1.36866295337677,0.9469893574714661,0.9844505786895752,1.8781834840774536
2027,7180,1.3924566507339478,1.0432645082473755,1.1637420654296875,2.021780014038086
2027,7190,1.3963643312454224,1.0111764669418335,1.1862993240356445,1.945334553718567
2027,7200,1.5187753438949585,1.0133084058761597,1.2413034439086914,1.9614793062210083
2027,7210,1.3046575784683228,0.9812312126159668,1.0880528688430786,1.8576053380966187
2027,7220,1.4928020238876343,1.0319199562072754,1.1615502834320068,1.8817501068115234
2027,7230,1.4289908409118652,1.003088355064392,1.1167278289794922,1.8819018602371216
2027,7240,1.4835565090179443,1.0367463827133179,1.1027859449386597,2.0414047241210938
2027,7250,1.5092397928237915,1.0277410745620728,1.2216076850891113,1.9911869764328003
2027,7260,1.3869168758392334,0.9868639707565308,1.1818311214447021,1.939340591430664
2027,7270,1.4018546342849731,1.063740849494934,1.1308174133300781,1.830662727355957
2027,7280,1.4370170831680298,0.9727131128311157,1.2037408351898193,2.065251588821411
2027,7290,1.4008195400238037,0.9546543955802917,1.070575475692749,1.7601630687713623
2027,7300,1.3797273635864258,0.9337317943572998,1.0482368469238281,1.8722528219223022
2027,7310,1.384472131729126,1.0018410682678223,1.1691536903381348,1.9797704219818115
2027,7320,1.5318818092346191,1.036138892173767,1.147240400314331,1.9613713026046753
2027,7330,1.4144728183746338,1.0076972246170044,1.1318087577819824,1.945418119430542
2027,7340,1.2623635530471802,1.0197685956954956,1.062483549118042,1.7391581535339355
2027,7350,1.2962634563446045,0.9945063591003418,1.211333990097046,1.9403607845306396
2027,7360,1.348280668258667,0.9485911726951599,1.0609935522079468,1.9451630115509033
2027,7370,1.3524538278579712,0.9886876344680786,1.0554637908935547,1.7439061403274536
2027,7380,1.493130087852478,1.05083167552948,1.1638991832733154,2.0210371017456055
2027,7390,1.3405128717422485,0.9971024990081787,1.1054039001464844,1.9737576246261597
2027,7400,1.4584277868270874,1.029956579208374,1.2056643962860107,1.982483148574829
2027,7410,1.3154503107070923,0.9394168257713318,0.994718074798584,1.537651538848877
2027,7420,1.4615765810012817,1.0732280015945435,1.1895699501037598,1.9077744483947754
2027,7430,1.379256248474121,0.9556121230125427,1.1229747533798218,1.747258186340332
2027,7440,1.4568257331848145,1.038506031036377,1.0905789136886597,1.8773880004882812
2027,7450,1.4313294887542725,1.0128477811813354,1.1936061382293701,1.890608549118042
2027,7460,1.3678306341171265,0.9303508400917053,0.9990317821502686,1.6655747890472412
2027,7470,1.4125853776931763,1.0079675912857056,1.1042016744613647,1.9196878671646118
2027,7480,1.2107588052749634,0.9322181940078735,1.081206202507019,1.8139703273773193
2027,7490,1.426395297050476,1.0912023782730103,1.2380504608154297,1.7337028980255127
2027,7500,1.3395661115646362,0.9710289835929871,1.135957956314087,1.8603178262710571
2027,7510,1.384637713432312,1.0140342712402344,1.1584967374801636,1.749661922454834
2027,7520,1.457633137702942,1.0502538681030273,1.2779492139816284,2.1238245964050293
2027,7530,1.459023356437683,1.0021415948867798,1.1924554109573364,2.013005256652832
2027,7540,1.532833218574524,0.9861589074134827,1.0872575044631958,1.8449456691741943
2027,7550,1.2954211235046387,0.9896374344825745,1.0723814964294434,1.8272711038589478
2027,7560,1.5478559732437134,1.0690969228744507,1.256723403930664,2.0403714179992676
2027,7570,1.3139408826828003,1.0073845386505127,1.1251293420791626,1.7023437023162842
2027,7580,1.4682010412216187,1.0410585403442383,1.1022369861602783,1.8688929080963135
2027,7590,1.4424984455108643,0.9877848029136658,1.1105668544769287,1.8443081378936768
2027,7600,1.3494685888290405,1.0226688385009766,1.1312241554260254,1.822311282157898
2027,7610,1.2726061344146729,1.0041725635528564,1.0998820066452026,1.8312511444091797
2027,7620,1.4456676244735718,1.0423177480697632,1.1670424938201904,1.8647640943527222
2027,7630,1.46409010887146,1.0165454149246216,1.153533935546875,1.9839425086975098
2027,7640,1.4431155920028687,1.033691167831421,1.196004033088684,1.9377409219741821
2027,7650,1.4567861557006836,1.0339245796203613,1.1376173496246338,1.9382325410842896
2027,7660,1.3250888586044312,0.9440320134162903,1.1118900775909424,1.7946678400039673
2027,7670,1.3891949653625488,0.9996082782745361,1.2169498205184937,2.002662420272827
2027,7680,1.4228967428207397,0.9866575002670288,1.2575608491897583,1.9859745502471924
2027,7690,1.2288978099822998,0.9630445241928101,1.08875572681427,1.6782783269882202
2027,7700,1.4551868438720703,1.016517996788025,1.1213384866714478,1.9067518711090088
2027,7710,1.5003081560134888,1.0721499919891357,1.1603798866271973,1.7875500917434692
2027,7720,1.380279541015625,0.9825525283813477,1.0943825244903564,1.698975682258606
2027,7730,1.5121206045150757,1.048877239227295,1.2715750932693481,2.128774404525757
2027,7740,1.42770254611969,1.0423064231872559,1.1844278573989868,1.9991490840911865
2027,7750,1.4055685997009277,0.9967255592346191,1.0380821228027344,1.7733094692230225
2027,7760,1.149124026298523,0.9616035223007202,1.1475449800491333,1.6821165084838867
2027,7770,1.3803640604019165,0.99443519115448,1.1366273164749146,1.8446820974349976
2027,7780,1.5514116287231445,1.104037880897522,1.224962592124939,1.9051659107208252
2027,7790,1.4418911933898926,1.020142674446106,1.1675533056259155,1.8331103324890137
2027,7800,1.418750524520874,1.0501182079315186,1.1980433464050293,1.9733394384384155
2027,7810,1.352643609046936,0.9642120599746704,0.9704939723014832,1.6847174167633057
2027,7820,1.3378974199295044,1.0042717456817627,1.2026327848434448,1.826988697052002
2027,7830,1.2968730926513672,0.9722722768783569,1.0914336442947388,1.742626428604126
2027,7840,1.494940996170044,1.1062606573104858,1.235458254814148,1.941922664642334
2027,7850,1.534729242324829,1.0434634685516357,1.235353708267212,1.9966083765029907
2027,7860,1.4777697324752808,1.0922213792800903,1.1504632234573364,1.8678195476531982
2027,7870,1.448714256286621,1.0184954404830933,1.1176644563674927,1.874374270439148
2027,7880,1.2477779388427734,0.9540904760360718,1.1709364652633667,1.8579849004745483
2027,7890,1.372506856918335,1.0564485788345337,1.2254799604415894,1.875845193862915
2027,7900,1.5453152656555176,1.070959210395813,1.2020385265350342,1.9172782897949219
2027,7910,1.3614104986190796,1.0014277696609497,1.1132540702819824,1.7584450244903564
2027,7920,1.4257874488830566,1.0199730396270752,1.2791645526885986,1.974380612373352
2027,7930,1.3581199645996094,0.9942445158958435,1.0285964012145996,1.6404597759246826
2027,7940,1.379092812538147,1.0152924060821533,1.0987389087677002,1.907619595527649
2027,7950,1.294439673423767,0.9712201356887817,1.0841764211654663,1.7036231756210327
2027,7960,1.2897740602493286,0.9856435060501099,1.1180262565612793,1.8021714687347412
2027,7970,1.5513478517532349,1.079155445098877,1.1982804536819458,2.0135035514831543
2027,7980,1.4476890563964844,1.0508711338043213,1.167165994644165,1.8387391567230225
2027,7990,1.3925148248672485,1.014175295829773,1.1231127977371216,1.9390226602554321
2027,8000,1.3824235200881958,0.9814212918281555,1.0904418230056763,1.810320258140564
2027,8010,1.4705572128295898,1.0567009449005127,1.1623884439468384,1.9620625972747803
2027,8020,1.5574513673782349,1.1293662786483765,1.2493586540222168,1.925388216972351
2027,8030,1.2737107276916504,0.9779071807861328,1.076095700263977,1.7161937952041626
2027,8040,1.3994176387786865,1.0379060506820679,1.1629436016082764,1.9421931505203247
2027,8050,1.508618712425232,1.0403918027877808,1.1918467283248901,1.9682676792144775
2027,8060,1.3335152864456177,0.9524676203727722,1.0481607913970947,1.6900287866592407
2027,8070,1.4131401777267456,0.9847597479820251,1.098052740097046,1.909936785697937
2027,8080,1.2776386737823486,1.0285223722457886,1.119559407234192,1.8311924934387207
2027,8090,1.4663888216018677,1.0069341659545898,1.2014650106430054,2.0427002906799316
2027,8100,1.4391968250274658,1.0005865097045898,1.1452478170394897,1.893964171409607
2027,8110,1.5200774669647217,1.014346957206726,1.1315267086029053,1.5970561504364014
2027,8120,1.4687812328338623,1.119840145111084,1.1707313060760498,1.8693333864212036
2027,8130,1.3286937475204468,0.9345791339874268,1.038326621055603,1.7441662549972534
2027,8140,1.432890772819519,1.0307114124298096,1.1947044134140015,1.937637209892273
2027,8150,1.4486020803451538,1.0458524227142334,1.2396986484527588,1.973156452178955
2027,8160,1.4041507244110107,1.0168430805206299,1.2316763401031494,1.9573155641555786
2027,8170,1.3350034952163696,0.9586504697799683,1.1671477556228638,1.7836148738861084
2027,8180,1.2412657737731934,1.0433226823806763,1.1249194145202637,1.66947603225708
2027,8190,1.5146583318710327,1.000303864479065,1.1694287061691284,1.93771231174469
2027,8200,1.5294663906097412,1.0678576231002808,1.2611228227615356,2.011683225631714
2027,8210,1.4133044481277466,0.9570491909980774,1.0938189029693604,1.8465144634246826
2027,8220,1.3126581907272339,0.9310699105262756,1.0527087450027466,1.8023614883422852
2027,8230,1.5122970342636108,1.0665918588638306,1.263312578201294,2.0538368225097656
2027,8240,1.4555222988128662,1.0343493223190308,1.1045371294021606,1.7330845594406128
2027,8250,1.2585198879241943,1.03147554397583,1.1642327308654785,1.7928054332733154
2027,8260,1.4960391521453857,1.0453038215637207,1.1329916715621948,1.97169828414917
2027,8270,1.4446241855621338,0.9969899654388428,1.1384660005569458,1.892670750617981
2027,8280,1.2830833196640015,0.9272198677062988,1.0352007150650024,1.6863147020339966
2027,8290,1.4979413747787476,1.009082317352295,1.1243048906326294,1.8192894458770752
2027,8300,1.4660390615463257,1.0736299753189087,1.2768745422363281,2.115051507949829
2027,8310,1.3092377185821533,0.9569538831710815,1.050248384475708,1.819629430770874
2027,8320,1.335904836654663,1.0138638019561768,1.1282800436019897,1.835795521736145
2027,8330,1.3633798360824585,0.9633635878562927,1.0282586812973022,1.76473069190979
2027,8340,1.4446659088134766,1.0226614475250244,1.1938385963439941,1.8599574565887451
2027,8350,1.431146264076233,1.0742967128753662,1.1838465929031372,1.838878870010376
2027,8360,1.375393033027649,1.0027819871902466,1.098652958869934,1.8353737592697144
2027,8370,1.4511553049087524,1.0230364799499512,1.2331149578094482,1.887372374534607
2027,8380,1.5025599002838135,1.0691365003585815,1.1391410827636719,1.7234572172164917
2027,8390,1.3606559038162231,0.9726252555847168,1.1515058279037476,1.8435248136520386
2027,8400,1.416501522064209,1.0141923427581787,1.1620616912841797,1.7228831052780151
2027,8410,1.4538476467132568,1.0255919694900513,1.1479556560516357,1.9385417699813843
2027,8420,1.464419960975647,1.0613499879837036,1.3282029628753662,1.9069626331329346
2027,8430,1.4299205541610718,1.0403556823730469,1.1208758354187012,1.9973843097686768
2027,8440,1.4649103879928589,1.0183404684066772,1.1211012601852417,1.8024518489837646
2027,8450,1.4037004709243774,0.9580402374267578,1.1055302619934082,1.7424999475479126
2027,8460,1.4771913290023804,1.031864881515503,1.205849528312683,1.9932665824890137
2027,8470,1.3742727041244507,0.9605028629302979,1.099089503288269,1.8611690998077393
2027,8480,1.4327703714370728,1.0615744590759277,1.1877449750900269,1.8655120134353638
2027,8490,1.4180723428726196,1.07956862449646,1.180051565170288,1.9247667789459229
2027,8500,1.3599761724472046,1.0249271392822266,1.080165147781372,1.5959255695343018
2027,8510,1.4429612159729004,1.0133326053619385,1.1194524765014648,1.9188950061798096
2027,8520,1.4645060300827026,0.983051598072052,1.1139634847640991,1.83090078830719
2027,8530,1.5028903484344482,1.0146098136901855,1.1745834350585938,1.8786901235580444
2027,8540,1.3088289499282837,0.9999618530273438,1.1561601161956787,1.86906898021698
2027,8550,1.3673908710479736,0.9987207055091858,1.1545264720916748,1.7650471925735474
2027,8560,1.4322270154953003,1.0039178133010864,1.1321674585342407,1.8524219989776611
2027,8570,1.400508999824524,0.9791063070297241,1.1789073944091797,1.9759585857391357
2027,8580,1.4390366077423096,1.039345383644104,1.1903654336929321,1.975068211555481
2027,8590,1.370758295059204,1.0492219924926758,1.1119563579559326,1.7812645435333252
2027,8600,1.49202299118042,1.0330947637557983,1.1971083879470825,1.900162696838379
2027,8610,1.3505523204803467,1.0027732849121094,1.1242272853851318,1.774435043334961
2027,8620,1.3396661281585693,0.9195315837860107,1.061556100845337,1.7453738451004028
2027,8630,1.3387219905853271,0.9183283448219299,1.09071946144104,1.9236749410629272
2027,8640,1.3725303411483765,1.008614182472229,1.0691909790039062,1.80318021774292
2027,8650,1.344211459159851,0.9755537509918213,1.1699076890945435,1.9230912923812866
2027,8660,1.2542901039123535,0.940068244934082,1.041852593421936,1.7449196577072144
2027,8670,1.4081228971481323,0.970789909362793,1.0309492349624634,1.7956633567810059
2027,8680,1.4056591987609863,1.1039174795150757,1.1549347639083862,1.8502626419067383
2027,8690,1.4891066551208496,1.0513265132904053,1.1809543371200562,1.9256517887115479
2027,8700,1.3753331899642944,1.0417016744613647,1.0604017972946167,1.784690499305725
2027,8710,1.5359960794448853,1.0416532754898071,1.2758307456970215,1.9540894031524658
2027,8720,1.4532277584075928,1.0204031467437744,1.1925808191299438,1.9497065544128418
2027,8730,1.261542797088623,0.9639601707458496,1.1238430738449097,1.8434779644012451
2027,8740,1.5030633211135864,1.0344767570495605,1.1271295547485352,1.8540793657302856
2027,8750,1.3467768430709839,0.9851955771446228,1.0939204692840576,1.8040803670883179
2027,8760,1.2640323638916016,1.0477375984191895,1.1210618019104004,1.6539974212646484
2027,8770,1.4563548564910889,1.0300017595291138,1.1238129138946533,1.8237487077713013
2027,8780,1.2730281352996826,0.9611537456512451,1.1025753021240234,1.777938961982727
2027,8790,1.4476981163024902,1.0131916999816895,1.2255367040634155,1.947011113166809
2027,8800,1.403795599937439,0.9999551177024841,1.1450443267822266,1.9131560325622559
2027,8810,1.4697129726409912,0.9728394746780396,1.1262965202331543,1.759915828704834
2027,8820,1.3246266841888428,0.9671409726142883,1.0861395597457886,1.8593705892562866
2027,8830,1.4012720584869385,1.0256080627441406,1.0959973335266113,1.8739632368087769
2027,8840,1.3398444652557373,0.9773401618003845,1.1100010871887207,1.871848464012146
2027,8850,1.2934026718139648,0.9901465177536011,1.0804963111877441,1.7899929285049438
2027,8860,1.454683542251587,1.0494929552078247,1.2669330835342407,2.120018720626831
2027,8870,1.4516997337341309,0.9819635152816772,1.1533502340316772,1.863585352897644
2027,8880,1.3764400482177734,0.9896555542945862,1.1068569421768188,1.8116651773452759
2027,8890,1.4081335067749023,0.9545840620994568,1.2044928073883057,2.03369402885437
2027,8900,1.3447569608688354,1.0559977293014526,1.0675429105758667,1.7056212425231934
2027,8910,1.4482958316802979,1.0326002836227417,1.1626943349838257,1.896323561668396
2027,8920,1.2773888111114502,0.998016357421875,1.057123064994812,1.7860170602798462
2027,8930,1.2498915195465088,0.9186592698097229,1.0517315864562988,1.6983842849731445
2027,8940,1.520632266998291,1.1382094621658325,1.2145419120788574,2.1755573749542236
2027,8950,1.2666053771972656,0.9259801506996155,1.107621669769287,1.7203086614608765
2027,8960,1.5003149509429932,1.121207356452942,1.2460006475448608,2.180619239807129
2027,8970,1.4567828178405762,1.0311977863311768,1.2724615335464478,1.969438910484314
2027,8980,1.5645668506622314,1.0940461158752441,1.279326319694519,1.9914779663085938
2027,8990,1.349274754524231,1.0018340349197388,1.146896243095398,1.797550082206726
2027,9000,1.3011693954467773,0.9842777252197266,1.1933895349502563,1.9788187742233276
2027,9010,1.306671142578125,0.9666276574134827,1.126379132270813,1.7262990474700928
2027,9020,1.3284897804260254,1.0109829902648926,1.1577587127685547,1.776183009147644
2027,9030,1.391182541847229,1.0110844373703003,1.1408424377441406,1.9388644695281982
2027,9040,1.4418182373046875,0.9641157984733582,1.1418832540512085,1.947433352470398
2027,9050,1.3808231353759766,1.010694146156311,1.226946473121643,1.8432430028915405
2027,9060,1.3192466497421265,0.9450722336769104,1.0494526624679565,1.7264326810836792
2027,9070,1.4849125146865845,1.0623763799667358,1.175879955291748,2.0068137645721436
2027,9080,1.4709261655807495,1.0552397966384888,1.2441898584365845,1.9803800582885742
2027,9090,1.4348403215408325,1.0271718502044678,1.1438639163970947,1.8090929985046387
2027,9100,1.4407750368118286,0.9978289008140564,1.072675108909607,1.7383215427398682
2027,9110,1.4098390340805054,0.9849781394004822,1.1261334419250488,1.9051716327667236
2027,9120,1.35801362991333,1.0369049310684204,1.2814998626708984,1.9604318141937256
2027,9130,1.3503698110580444,1.0205403566360474,1.1426057815551758,1.8284598588943481
2027,9140,1.2137064933776855,1.007419228553772,1.1123768091201782,1.714711308479309
2027,9150,1.361465334892273,0.9884630441665649,1.0754579305648804,1.664505958557129
2027,9160,1.4368393421173096,0.9953060150146484,1.2100317478179932,1.8493480682373047
2027,9170,1.3249703645706177,1.0088170766830444,1.2012195587158203,1.868399739265442
2027,9180,1.4223301410675049,1.00684654712677,1.197040319442749,1.935255527496338
2027,9190,1.4964126348495483,1.0481908321380615,1.143674612045288,2.0102713108062744
2027,9200,1.473799228668213,1.0618035793304443,1.2015302181243896,1.9896353483200073
2027,9210,1.411750078201294,1.0258358716964722,1.1496165990829468,1.7849161624908447
2027,9220,1.3894673585891724,1.074468731880188,1.2571314573287964,1.9509906768798828
2027,9230,1.5466171503067017,1.1020015478134155,1.175608515739441,1.791102647781372
2027,9240,1.4262670278549194,0.9869168400764465,1.1609983444213867,1.7661383152008057
2027,9250,1.4218482971191406,1.005768895149231,1.194191813468933,1.9045549631118774
2027,9260,1.2951780557632446,0.9961862564086914,1.15541410446167,1.9170739650726318
2027,9270,1.1826704740524292,0.9289805293083191,1.0350215435028076,1.6712993383407593
2027,9280,1.3632278442382812,1.0108507871627808,1.1851425170898438,1.817798137664795
2027,9290,1.3900771141052246,0.9921016693115234,1.1219639778137207,1.8585623502731323
2027,9300,1.4979997873306274,1.0377811193466187,1.277798056602478,2.0634706020355225
2027,9310,1.4181225299835205,1.0110864639282227,1.1825205087661743,1.8658825159072876
2027,9320,1.3352429866790771,0.9768167734146118,1.1374317407608032,1.714159607887268
2027,9330,1.4457916021347046,1.0504837036132812,1.3075382709503174,2.0126094818115234
2027,9340,1.397656798362732,1.0181946754455566,1.113661527633667,1.8211426734924316
2027,9350,1.3656610250473022,0.9981502890586853,1.0990127325057983,1.8366330862045288
2027,9360,1.4797331094741821,1.0395828485488892,1.1693062782287598,1.9268310070037842
2027,9370,1.3938478231430054,0.9401752948760986,1.1670056581497192,1.8811912536621094
2027,9380,1.4895230531692505,1.066953420639038,1.2543021440505981,1.966376543045044
2027,9390,1.3101903200149536,1.0227586030960083,1.1151533126831055,1.7866830825805664
2027,9400,1.4624855518341064,1.0250164270401,1.2016746997833252,1.8738844394683838
2027,9410,1.3795980215072632,0.9948462843894958,1.096595287322998,1.8506020307540894
2027,9420,1.5604747533798218,1.036800742149353,1.2947653532028198,2.03709077835083
2027,9430,1.3479856252670288,0.9532820582389832,1.1163480281829834,1.9097825288772583
2027,9440,1.2808847427368164,0.9728002548217773,1.1283183097839355,1.7587698698043823
2027,9450,1.4113138914108276,1.0392628908157349,1.1905466318130493,1.8884061574935913
2027,9460,1.46620512008667,1.044312596321106,1.1498538255691528,1.7782756090164185
2027,9470,1.4282076358795166,1.0326030254364014,1.2087903022766113,1.8344212770462036
2027,9480,1.344599962234497,1.0428452491760254,1.1917592287063599,2.081564426422119
2027,9490,1.4409878253936768,1.010135293006897,1.130222201347351,1.825061559677124
2027,9500,1.2664227485656738,0.9653176069259644,1.0945639610290527,1.7861318588256836
2027,9510,1.318548321723938,0.9483739137649536,1.1130479574203491,1.7565133571624756
2027,9520,1.4442839622497559,1.0135904550552368,1.1589446067810059,1.8683980703353882
2027,9530,1.4894132614135742,1.0980817079544067,1.1978331804275513,2.008805513381958
2027,9540,1.4173377752304077,1.0025254487991333,1.1767772436141968,1.8465914726257324
2027,9550,1.1070301532745361,0.9149245023727417,1.1365970373153687,1.6818994283676147
2027,9560,1.367294430732727,1.002824068069458,1.1819816827774048,1.82011079788208
2027,9570,1.3450900316238403,1.0038045644760132,1.1971895694732666,1.6984283924102783
2027,9580,1.4801844358444214,1.0374525785446167,1.2279915809631348,1.9539626836776733
2027,9590,1.3422409296035767,0.9447377324104309,1.0296614170074463,1.7145650386810303
2027,9600,1.2887259721755981,0.908111035823822,0.9850703477859497,1.5686007738113403
2027,9610,1.4217650890350342,1.040162205696106,1.1826719045639038,1.802428126335144
2027,9620,1.575998067855835,1.126577615737915,1.247972846031189,1.9440823793411255
2027,9630,1.3579713106155396,1.0255757570266724,1.1662651300430298,1.6451445817947388
2027,9640,1.328346610069275,1.0159066915512085,1.1394703388214111,1.847259521484375
2027,9650,1.321872591972351,0.9487624168395996,1.099485993385315,1.789820909500122
2027,9660,1.3603453636169434,1.0521141290664673,1.1627088785171509,1.8850497007369995
2027,9670,1.3581149578094482,1.0289623737335205,1.16965913772583,1.8393760919570923
2027,9680,1.41890287399292,1.0090794563293457,1.135495662689209,1.7130564451217651
2027,9690,1.6727685928344727,1.2153986692428589,1.2844038009643555,1.90217125415802
2027,9700,1.3997533321380615,1.0428986549377441,1.2376073598861694,1.9183295965194702
2027,9710,1.4101594686508179,0.994860827922821,1.1492516994476318,1.820599913597107
2027,9720,1.3726282119750977,1.0038894414901733,1.1189051866531372,1.851479411125183
2027,9730,1.3415488004684448,1.0099079608917236,1.1584242582321167,1.8781380653381348
2027,9740,1.4484305381774902,1.041723370552063,1.2219728231430054,1.8781530857086182
2027,9750,1.261897325515747,0.9670377969741821,1.045022964477539,1.58385169506073
2027,9760,1.4249210357666016,1.0548774003982544,1.2805637121200562,1.9945333003997803
2027,9770,1.4159742593765259,0.9935854077339172,1.1144107580184937,1.7070122957229614
2027,9780,1.247869849205017,0.9489034414291382,1.0548529624938965,1.5555909872055054
2027,9790,1.3484750986099243,1.025056004524231,1.1084167957305908,1.7723661661148071
2027,9800,1.3923341035842896,0.972934901714325,1.2272127866744995,1.9122540950775146
2027,9810,1.353415608406067,1.0251325368881226,1.1574199199676514,1.8599116802215576
2027,9820,1.4181954860687256,1.0646649599075317,1.150881052017212,1.874393105506897
2027,9830,1.3653573989868164,1.0049890279769897,1.1399190425872803,1.706552505493164
2027,9840,1.393175721168518,1.0192512273788452,1.1543701887130737,1.8395649194717407
2027,9850,1.4001942873001099,1.0279521942138672,1.2186000347137451,1.987768530845642
2027,9860,1.5235201120376587,1.0776530504226685,1.208358645439148,2.155362129211426
2027,9870,1.413165807723999,1.0297863483428955,1.0788791179656982,1.759514331817627
2027,9880,1.4486571550369263,1.0641584396362305,1.1482033729553223,1.8444846868515015
2027,9890,1.4376800060272217,1.015892505645752,1.1834266185760498,1.8509857654571533
2027,9900,1.445184350013733,1.0856953859329224,1.2499346733093262,1.98068106174469
2027,9910,1.3348610401153564,0.9625611901283264,1.0675015449523926,1.715817928314209
2027,9920,1.4316534996032715,1.0472828149795532,1.190769910812378,2.0192434787750244
2027,9930,1.3536291122436523,1.031555414199829,1.1819417476654053,1.9418084621429443
2027,9940,1.2629116773605347,0.9655666947364807,0.993166446685791,1.5476551055908203
2027,9950,1.2936477661132812,0.9741225242614746,1.1208444833755493,1.6932318210601807
2027,9960,1.5695503950119019,1.0716073513031006,1.2713438272476196,2.047154426574707
2027,9970,1.3225401639938354,1.0033215284347534,1.1764591932296753,1.7905346155166626
2027,9980,1.5156570672988892,1.0733565092086792,1.1858893632888794,1.8924081325531006
2027,9990,1.4013258218765259,1.058502197265625,1.2225732803344727,2.003514289855957
2027,10000,1.3523937463760376,1.0081712007522583,1.0969691276550293,1.6919653415679932
3407,10,0.9967010021209717,0.9735817909240723,0.9881953001022339,0.9886189699172974
3407,20,0.9601722955703735,1.036915898323059,0.9794855117797852,0.9918355345726013
3407,30,1.0087628364562988,1.0465545654296875,0.8843488097190857,1.0777137279510498
3407,40,1.0174280405044556,1.0653845071792603,0.8944846391677856,1.0394190549850464
3407,50,1.0065271854400635,1.0859405994415283,0.9718138575553894,1.0988143682479858
3407,60,0.9872994422912598,1.089816927909851,0.9775168299674988,1.1656944751739502
3407,70,1.076257348060608,0.9272018074989319,0.9418894052505493,1.1766687631607056
3407,80,1.008866786956787,0.9725256562232971,0.8761882185935974,1.1644294261932373
3407,90,1.0198174715042114,0.7852907776832581,0.9748738408088684,1.1102732419967651
3407,100,1.0347435474395752,0.7164198160171509,0.9459131360054016,1.0537241697311401
3407,110,1.0132989883422852,0.731332004070282,0.9396557211875916,0.9447142481803894
3407,120,1.0944536924362183,0.7254908084869385,0.9522964954376221,0.8599513173103333
3407,130,1.1963900327682495,0.7854745388031006,1.0519866943359375,0.7751671075820923
3407,140,1.1045094728469849,0.7495051622390747,1.0384656190872192,1.0520274639129639
3407,150,1.0320080518722534,0.680372953414917,0.9223403930664062,0.9588866829872131
3407,160,0.9874729514122009,0.6625709533691406,0.7472897171974182,0.9112159609794617
3407,170,0.9396572113037109,0.6284379363059998,0.6909936666488647,0.9170188903808594
3407,180,0.8997423648834229,0.6282054781913757,0.5767523050308228,0.9218997359275818
3407,190,0.9041919708251953,0.6329137086868286,0.6444010138511658,0.7514917850494385
3407,200,0.9330328106880188,0.7806336879730225,0.7021311521530151,0.8694778084754944
3407,210,0.9288663864135742,0.7075033783912659,0.702347993850708,0.6767627000808716
3407,220,0.8526819348335266,0.6316827535629272,0.6523274779319763,0.7651704549789429
3407,230,0.8196869492530823,0.6424709558486938,0.6498991847038269,0.784956157207489
3407,240,0.8424701690673828,0.5944833755493164,0.677668035030365,0.6915102601051331
3407,250,0.8708261251449585,0.6108689904212952,0.6631550192832947,0.7145289778709412
3407,260,0.8331279754638672,0.6589415669441223,0.6764183640480042,0.668505072593689
3407,270,0.8227406740188599,0.5891135334968567,0.6441705822944641,0.7212989926338196
3407,280,0.8521313667297363,0.6407343149185181,0.6865715384483337,0.6628616452217102
3407,290,0.8609407544136047,0.6219744682312012,0.6602853536605835,0.7102835774421692
3407,300,0.8255180716514587,0.594519317150116,0.6578519344329834,0.6415217518806458
3407,310,0.7597812414169312,0.5450233221054077,0.6316072344779968,0.6245004534721375
3407,320,0.892487645149231,0.6239553093910217,0.6462582349777222,0.6839853525161743
3407,330,0.8070548176765442,0.5821416974067688,0.6550755500793457,0.6752067804336548
3407,340,0.8479324579238892,0.5838126540184021,0.6285853385925293,0.6760721802711487
3407,350,0.8272010087966919,0.5882297158241272,0.6191356778144836,0.7024261951446533
3407,360,0.8389591574668884,0.5802775025367737,0.6429071426391602,0.6838834881782532
3407,370,0.8119194507598877,0.5616753101348877,0.6324415802955627,0.6900760531425476
3407,380,0.8962414264678955,0.6580752730369568,0.6501027941703796,0.6902318000793457
3407,390,0.7847551703453064,0.5546780228614807,0.5800822377204895,0.6639648079872131
3407,400,0.8739004135131836,0.6499910354614258,0.6374995708465576,0.664554238319397
3407,410,0.7875139713287354,0.5836244225502014,0.6186802983283997,0.7008355259895325
3407,420,0.8915585279464722,0.6396556496620178,0.6985483169555664,0.6334140300750732
3407,430,0.8988969922065735,0.5845587253570557,0.7309442758560181,0.6153313517570496
3407,440,0.8469771146774292,0.5806757807731628,0.6314624547958374,0.6496343016624451
3407,450,0.8978183269500732,0.6781260371208191,0.6957805156707764,0.6517872214317322
3407,460,0.834994912147522,0.6194167137145996,0.6127755641937256,0.6921426057815552
3407,470,0.9476391673088074,0.7134536504745483,0.6172755360603333,0.723852276802063
3407,480,0.8919056057929993,0.5774247646331787,0.6407516598701477,0.678250789642334
3407,490,0.8157721757888794,0.607907235622406,0.6516494750976562,0.6633856296539307
3407,500,0.90484219789505,0.6537279486656189,0.6270259618759155,0.651129424571991
3407,510,0.8507826328277588,0.6147946119308472,0.6361188888549805,0.7036113142967224
3407,520,0.83329176902771,0.5889666080474854,0.5938989520072937,0.6482793688774109
3407,530,0.8927059769630432,0.6069724559783936,0.6316859126091003,0.6796838641166687
3407,540,0.8698980808258057,0.5943816304206848,0.6081727147102356,0.6688499450683594
3407,550,0.8936172127723694,0.645203173160553,0.6176591515541077,0.683914840221405
3407,560,0.90980064868927,0.6854982376098633,0.6478585004806519,0.6665111780166626
3407,570,0.8986369967460632,0.6197770833969116,0.6503673791885376,0.6424056887626648
3407,580,0.9597427845001221,0.6805242300033569,0.6567814946174622,0.7026458382606506
3407,590,0.8966928124427795,0.5828862190246582,0.6263726949691772,0.7129330039024353
3407,600,0.9426517486572266,0.6157016754150391,0.5890867710113525,0.6757359504699707
3407,610,0.9641215801239014,0.6419261693954468,0.6043963432312012,0.6829604506492615
3407,620,0.9689213633537292,0.6860156655311584,0.6366720795631409,0.6713227033615112
3407,630,1.019352674484253,0.6560809016227722,0.6285321712493896,0.6631932854652405
3407,640,1.0564430952072144,0.7540526986122131,0.6236311793327332,0.6715181469917297
3407,650,1.0032627582550049,0.6337413191795349,0.6251915097236633,0.7018455266952515
3407,660,0.9182250499725342,0.6078128814697266,0.6023963689804077,0.7038096785545349
3407,670,1.0742528438568115,0.6976196765899658,0.6434616446495056,0.7091619372367859
3407,680,0.9681506752967834,0.5572338104248047,0.5689895153045654,0.6693322062492371
3407,690,1.1638145446777344,0.7206277847290039,0.6699945330619812,0.7081502079963684
3407,700,1.0676040649414062,0.673437774181366,0.6222648024559021,0.7175600528717041
3407,710,1.067409634590149,0.617662787437439,0.6506505608558655,0.6961745023727417
3407,720,1.1092835664749146,0.5933866500854492,0.6278589367866516,0.7151250839233398
3407,730,1.0935262441635132,0.6154877543449402,0.615837574005127,0.6739693880081177
3407,740,1.208767056465149,0.6933946013450623,0.6563481092453003,0.7676784992218018
3407,750,1.1574455499649048,0.705892026424408,0.6082170009613037,0.7232796549797058
3407,760,1.2226881980895996,0.6927956342697144,0.6677390933036804,0.7576523423194885
3407,770,1.2319562435150146,0.6993009448051453,0.6896545886993408,0.7343290448188782
3407,780,1.1611069440841675,0.6190905570983887,0.6078229546546936,0.6624929904937744
3407,790,1.1014386415481567,0.632840633392334,0.6123754978179932,0.705123245716095
3407,800,1.1581814289093018,0.7045592665672302,0.6573583483695984,0.7046725153923035
3407,810,1.1761970520019531,0.7086889743804932,0.6589240431785583,0.7769554853439331
3407,820,1.2047535181045532,0.7043848037719727,0.6799773573875427,0.772527277469635
3407,830,1.1291321516036987,0.6053048372268677,0.6126576662063599,0.7833259701728821
3407,840,1.1606297492980957,0.6438540816307068,0.6364762187004089,0.688189685344696
3407,850,1.3033382892608643,0.6628248691558838,0.645206093788147,0.7595426440238953
3407,860,1.1408636569976807,0.624417245388031,0.639315128326416,0.7988576889038086
3407,870,1.2755297422409058,0.6767600774765015,0.6491542458534241,0.729665994644165
3407,880,1.18202805519104,0.6377044320106506,0.6473596096038818,0.7735028266906738
3407,890,1.1122032403945923,0.6700186729431152,0.6675172448158264,0.8319382667541504
3407,900,1.1822588443756104,0.7248662710189819,0.6367748975753784,0.7655507922172546
3407,910,1.2253854274749756,0.5964749455451965,0.6053444147109985,0.7153266072273254
3407,920,1.288963794708252,0.6391867995262146,0.6098757982254028,0.7705971598625183
3407,930,1.1584018468856812,0.6537544131278992,0.6554652452468872,0.7681313753128052
3407,940,1.3132404088974,0.686180830001831,0.6279730796813965,0.8228152990341187
3407,950,1.2733618021011353,0.6942678689956665,0.6588202714920044,0.862423837184906
3407,960,1.2508078813552856,0.6979967951774597,0.6578639149665833,0.8489390015602112
3407,970,1.211804747581482,0.7356653213500977,0.6757725477218628,0.8301653861999512
3407,980,1.402052879333496,0.752760112285614,0.6613937020301819,0.8321324586868286
3407,990,1.2769323587417603,0.6624773144721985,0.6456496715545654,0.8152294754981995
3407,1000,1.360749363899231,0.6225396394729614,0.6343570351600647,0.83717942237854
3407,1010,1.2674944400787354,0.6575446724891663,0.6682595014572144,0.8288325071334839
3407,1020,1.1916698217391968,0.7390592098236084,0.6187022924423218,0.8150674104690552
3407,1030,1.1271824836730957,0.6153409481048584,0.642120897769928,0.8989691138267517
3407,1040,1.3401488065719604,0.7148396372795105,0.6620703339576721,0.8713141083717346
3407,1050,1.178613543510437,0.6192207932472229,0.605193555355072,0.8238242864608765
3407,1060,1.3820199966430664,0.7150521874427795,0.7170860171318054,0.9843050241470337
3407,1070,1.2618041038513184,0.7407518029212952,0.676344096660614,0.8222665786743164
3407,1080,1.2440372705459595,0.6812646389007568,0.694804310798645,0.8556361794471741
3407,1090,1.3038480281829834,0.7837153673171997,0.6625385284423828,0.9050723314285278
3407,1100,1.2943438291549683,0.7676230072975159,0.692615807056427,0.9165946841239929
3407,1110,1.2666120529174805,0.5994197726249695,0.6205843687057495,0.8208107352256775
3407,1120,1.454765796661377,0.6458532810211182,0.6369360685348511,0.8797112107276917
3407,1130,1.274010181427002,0.7015260457992554,0.6812871694564819,0.9039748907089233
3407,1140,1.2270073890686035,0.6777650117874146,0.6627206206321716,0.8416939973831177
3407,1150,1.267593502998352,0.7016872763633728,0.6332928538322449,0.8378976583480835
3407,1160,1.327952265739441,0.7035312652587891,0.6240530014038086,0.8824182748794556
3407,1170,1.345705270767212,0.6627688407897949,0.6688327193260193,0.9556117057800293
3407,1180,1.3659077882766724,0.7076435685157776,0.643092930316925,0.8977588415145874
3407,1190,1.3518037796020508,0.6943495869636536,0.6603263020515442,0.9288008809089661
3407,1200,1.438908576965332,0.6714381575584412,0.6585679054260254,1.0040870904922485
3407,1210,1.2793488502502441,0.7398508191108704,0.7188037633895874,1.0598742961883545
3407,1220,1.357365608215332,0.6963691711425781,0.6680281162261963,0.9884577393531799
3407,1230,1.312612771987915,0.7314122915267944,0.6781492829322815,0.9782960414886475
3407,1240,1.4080867767333984,0.7850202918052673,0.7105159163475037,0.9755809903144836
3407,1250,1.436889886856079,0.7789884805679321,0.7260013222694397,0.9690483212471008
3407,1260,1.382153034210205,0.8032646179199219,0.7214897871017456,1.063421368598938
3407,1270,1.3120839595794678,0.7333285212516785,0.6633598208427429,0.9303064942359924
3407,1280,1.4385396242141724,0.7360773086547852,0.7025132179260254,1.0632421970367432
3407,1290,1.453264594078064,0.7359210252761841,0.693897008895874,1.04548978805542
3407,1300,1.266274333000183,0.7571603655815125,0.7108206748962402,1.0352537631988525
3407,1310,1.2829017639160156,0.8120760321617126,0.7204161286354065,0.9893215298652649
3407,1320,1.3578914403915405,0.7827760577201843,0.7080639004707336,1.0423812866210938
3407,1330,1.3252333402633667,0.7907196283340454,0.7181569933891296,1.1165965795516968
3407,1340,1.4187536239624023,0.7483820915222168,0.7196692824363708,1.0754833221435547
3407,1350,1.5115541219711304,0.7275232076644897,0.6909807324409485,1.026024341583252
3407,1360,1.374834656715393,0.7369078397750854,0.7024778723716736,1.0402133464813232
3407,1370,1.3808528184890747,0.7973618507385254,0.744235098361969,1.1432487964630127
3407,1380,1.3105525970458984,0.6793829798698425,0.669920027256012,0.963548481464386
3407,1390,1.4145809412002563,0.7553562521934509,0.7021110653877258,1.0671684741973877
3407,1400,1.3871488571166992,0.7290460467338562,0.6930850744247437,1.048600435256958
3407,1410,1.5105465650558472,0.7306829690933228,0.7007649540901184,1.0801037549972534
3407,1420,1.258655309677124,0.7462936639785767,0.7124538421630859,1.1307042837142944
3407,1430,1.4651159048080444,0.7280077934265137,0.683634340763092,1.0300664901733398
3407,1440,1.4778023958206177,0.765011191368103,0.7097736597061157,1.1050853729248047
3407,1450,1.4584945440292358,0.7283267974853516,0.7179816961288452,1.077108383178711
3407,1460,1.378688931465149,0.7813606262207031,0.6887302398681641,1.006548285484314
3407,1470,1.2794557809829712,0.687751293182373,0.7029421329498291,1.0437082052230835
3407,1480,1.4676166772842407,0.8175961375236511,0.7551891803741455,1.1633108854293823
3407,1490,1.2880756855010986,0.729002833366394,0.737143337726593,1.0497472286224365
3407,1500,1.4594999551773071,0.7304879426956177,0.712827205657959,1.0672155618667603
3407,1510,1.452812671661377,0.793877124786377,0.7225115299224854,1.0811229944229126
3407,1520,1.2161955833435059,0.7085381746292114,0.6944209337234497,1.0645030736923218
3407,1530,1.3411232233047485,0.8427863121032715,0.6701468229293823,1.0137181282043457
3407,1540,1.488982915878296,0.7774691581726074,0.7221691608428955,1.0504096746444702
3407,1550,1.3534313440322876,0.744330644607544,0.7220441102981567,1.0322414636611938
3407,1560,1.3924700021743774,0.7546799778938293,0.7240168452262878,1.122134804725647
3407,1570,1.392161250114441,0.715243935585022,0.6917591691017151,1.133442997932434
3407,1580,1.4217889308929443,0.8020643591880798,0.747292160987854,1.1456005573272705
3407,1590,1.539223074913025,0.7963459491729736,0.755246639251709,1.163867712020874
3407,1600,1.5117692947387695,0.8336817026138306,0.7499163150787354,1.17763352394104
3407,1610,1.4576390981674194,0.755539059638977,0.7602512836456299,1.2524255514144897
3407,1620,1.379454255104065,0.7419447898864746,0.6898107528686523,1.1728910207748413
3407,1630,1.465233325958252,0.7445766925811768,0.7371951341629028,1.1379070281982422
3407,1640,1.2969157695770264,0.7429928779602051,0.7232168912887573,1.1730855703353882
3407,1650,1.5587810277938843,0.790364146232605,0.7727702260017395,1.1964657306671143
3407,1660,1.2985823154449463,0.7118861675262451,0.6870359778404236,1.0291996002197266
3407,1670,1.496726632118225,0.7491873502731323,0.7595401406288147,1.2348389625549316
3407,1680,1.485769271850586,0.7878981232643127,0.7941164374351501,1.18491792678833
3407,1690,1.4928022623062134,0.7653696537017822,0.7525185942649841,1.114060878753662
3407,1700,1.4334155321121216,0.7357110381126404,0.7315451502799988,1.178294062614441
3407,1710,1.4663281440734863,0.8384062051773071,0.7995734810829163,1.334811806678772
3407,1720,1.4354077577590942,0.8622894883155823,0.756048858165741,1.1856354475021362
3407,1730,1.4989941120147705,0.7651818990707397,0.7562249898910522,1.1880512237548828
3407,1740,1.4699103832244873,0.8357499837875366,0.731517493724823,1.241200566291809
3407,1750,1.5122337341308594,0.7644011974334717,0.7006995677947998,1.1821084022521973
3407,1760,1.4585022926330566,0.8419716358184814,0.799049437046051,1.307053804397583
3407,1770,1.3837168216705322,0.8389216065406799,0.7809017896652222,1.1781944036483765
3407,1780,1.4151188135147095,0.8302430510520935,0.7535377740859985,1.340745449066162
3407,1790,1.3495521545410156,0.8120795488357544,0.7456562519073486,1.207506537437439
3407,1800,1.447095274925232,0.764127790927887,0.7210754752159119,1.1822192668914795
3407,1810,1.4608170986175537,0.8562107682228088,0.7697039842605591,1.2832133769989014
3407,1820,1.562045693397522,0.9034392237663269,0.8138922452926636,1.33352530002594
3407,1830,1.344558835029602,0.7925188541412354,0.7812235951423645,1.221061110496521
3407,1840,1.4104167222976685,0.8388341665267944,0.7675212025642395,1.2484411001205444
3407,1850,1.457274079322815,0.8452849388122559,0.7685257792472839,1.1599019765853882
3407,1860,1.3736950159072876,0.8487390875816345,0.7625501751899719,1.2332713603973389
3407,1870,1.4897772073745728,0.8378410935401917,0.7476820945739746,1.2669963836669922
3407,1880,1.486312985420227,0.8509208559989929,0.7974967360496521,1.3046174049377441
3407,1890,1.366794228553772,0.786472737789154,0.7486626505851746,1.379624605178833
3407,1900,1.561257004737854,0.9261531233787537,0.8188406229019165,1.3751354217529297
3407,1910,1.3717193603515625,0.7758586406707764,0.7426372170448303,1.1732542514801025
3407,1920,1.4568123817443848,0.7454071640968323,0.7131441831588745,1.1693905591964722
3407,1930,1.5197584629058838,0.8136625289916992,0.8012349009513855,1.2966731786727905
3407,1940,1.3502737283706665,0.8514261245727539,0.7302413582801819,1.2393999099731445
3407,1950,1.52056884765625,0.9117447733879089,0.8270151615142822,1.4264813661575317
3407,1960,1.553467035293579,0.9136577844619751,0.8195210099220276,1.4394029378890991
3407,1970,1.483071208000183,0.8402816653251648,0.7741739749908447,1.375165581703186
3407,1980,1.4927634000778198,0.7621791362762451,0.7536534070968628,1.267009973526001
3407,1990,1.5121837854385376,0.8292057514190674,0.7841969728469849,1.2515435218811035
3407,2000,1.392917513847351,0.8538880348205566,0.7709726691246033,1.3207944631576538
3407,2010,1.490369200706482,0.8171793222427368,0.7839957475662231,1.304166316986084
3407,2020,1.4534313678741455,0.8904843330383301,0.8115065097808838,1.3478498458862305
3407,2030,1.3855847120285034,0.8208223581314087,0.7618110775947571,1.2611874341964722
3407,2040,1.3855761289596558,0.9138565063476562,0.7869657278060913,1.3143390417099
3407,2050,1.464272379875183,0.7777960896492004,0.7879102826118469,1.3733294010162354
3407,2060,1.4455822706222534,0.8851198554039001,0.8069669008255005,1.3815112113952637
3407,2070,1.5005981922149658,0.8103220462799072,0.8315050005912781,1.3308923244476318
3407,2080,1.4997237920761108,0.8709695935249329,0.8065964579582214,1.3440747261047363
3407,2090,1.3373315334320068,0.8852959275245667,0.6989082098007202,1.246026635169983
3407,2100,1.414263129234314,0.7811625003814697,0.7323235273361206,1.236043095588684
3407,2110,1.550089955329895,0.8183248043060303,0.8027059435844421,1.2160894870758057
3407,2120,1.5456336736679077,0.9137887358665466,0.8259276151657104,1.3994684219360352
3407,2130,1.5536222457885742,0.8685194253921509,0.8385551571846008,1.470000147819519
3407,2140,1.3303042650222778,0.845008909702301,0.8154773116111755,1.350243330001831
3407,2150,1.4120627641677856,0.8722750544548035,0.8246998190879822,1.441976547241211
3407,2160,1.3480682373046875,0.7165762782096863,0.7183539867401123,1.2784724235534668
3407,2170,1.462679386138916,0.8145954012870789,0.7273575663566589,1.3137389421463013
3407,2180,1.496803879737854,0.8480424284934998,0.7866456508636475,1.3232189416885376
3407,2190,1.5513721704483032,0.8222754001617432,0.8203670978546143,1.3646020889282227
3407,2200,1.584632158279419,0.8165109753608704,0.7911472916603088,1.3291213512420654
3407,2210,1.6227757930755615,0.8257851004600525,0.7998491525650024,1.3898206949234009
3407,2220,1.5006715059280396,0.7461805939674377,0.7791074514389038,1.3162862062454224
3407,2230,1.4952640533447266,0.8540863990783691,0.8064430952072144,1.354717493057251
3407,2240,1.4537169933319092,0.8404843807220459,0.7726370096206665,1.3633804321289062
3407,2250,1.543294072151184,0.7552946209907532,0.8366063833236694,1.4526543617248535
3407,2260,1.6062589883804321,0.8559598922729492,0.8044739365577698,1.4091145992279053
3407,2270,1.6701432466506958,0.9767857193946838,0.8482553362846375,1.6195281744003296
3407,2280,1.3323938846588135,0.8057032227516174,0.7865293622016907,1.3702425956726074
3407,2290,1.5807539224624634,0.9282307624816895,0.8446096181869507,1.5610637664794922
3407,2300,1.4040789604187012,0.8336055278778076,0.7813597917556763,1.3117185831069946
3407,2310,1.5380077362060547,0.8622019290924072,0.8534411787986755,1.4233653545379639
3407,2320,1.4778105020523071,0.8742007613182068,0.8119904398918152,1.4605672359466553
3407,2330,1.5491039752960205,0.8115777373313904,0.7850757241249084,1.3944066762924194
3407,2340,1.5104387998580933,0.8034598231315613,0.8135945796966553,1.404073715209961
3407,2350,1.4663182497024536,0.8288295865058899,0.8422493934631348,1.411505103111267
3407,2360,1.6310298442840576,0.9136298298835754,0.8358733654022217,1.4520847797393799
3407,2370,1.5088034868240356,0.8981778621673584,0.8280798196792603,1.4971330165863037
3407,2380,1.4640809297561646,0.8821667432785034,0.8119317889213562,1.3845860958099365
3407,2390,1.414126992225647,0.7729052305221558,0.7893465757369995,1.3790100812911987
3407,2400,1.5396970510482788,0.8878958225250244,0.8167398571968079,1.4132169485092163
3407,2410,1.588841438293457,0.8851678371429443,0.8338996171951294,1.420109510421753
3407,2420,1.4446312189102173,0.9348401427268982,0.7870216965675354,1.5501203536987305
3407,2430,1.4949989318847656,0.7634015679359436,0.7741401195526123,1.3606748580932617
3407,2440,1.4580233097076416,0.8333878517150879,0.7805903553962708,1.4397553205490112
3407,2450,1.4247472286224365,0.7561621069908142,0.7904441356658936,1.3554335832595825
3407,2460,1.4711410999298096,0.8374493718147278,0.8100539445877075,1.4839171171188354
3407,2470,1.545827865600586,0.8199509978294373,0.8389922976493835,1.5589529275894165
3407,2480,1.624811053276062,0.8924174308776855,0.8345192074775696,1.4372007846832275
3407,2490,1.6763412952423096,0.9879515171051025,0.8504969477653503,1.4686952829360962
3407,2500,1.4967291355133057,0.8907054662704468,0.804878294467926,1.6624443531036377
3407,2510,1.6219171285629272,0.8398851752281189,0.8064262270927429,1.3306376934051514
3407,2520,1.5495247840881348,0.7966923713684082,0.825299859046936,1.4839367866516113
3407,2530,1.6176289319992065,0.9008887410163879,0.8492221236228943,1.4283310174942017
3407,2540,1.5751391649246216,0.8063411712646484,0.8601861000061035,1.482407808303833
3407,2550,1.4737657308578491,0.835384726524353,0.8225604891777039,1.4524129629135132
3407,2560,1.6150050163269043,0.8770267367362976,0.8340930938720703,1.6079820394515991
3407,2570,1.6405296325683594,0.8281780481338501,0.7931494116783142,1.4019813537597656
3407,2580,1.4097260236740112,0.9290304780006409,0.8258092999458313,1.522602915763855
3407,2590,1.4034149646759033,0.77214515209198,0.7606123089790344,1.4519866704940796
3407,2600,1.5182020664215088,0.8874092698097229,0.7977169156074524,1.3850865364074707
3407,2610,1.5212337970733643,0.9020384550094604,0.8261321187019348,1.4295921325683594
3407,2620,1.4177086353302002,0.8676202297210693,0.8342254757881165,1.5181403160095215
3407,2630,1.6299798488616943,0.8474616408348083,0.8437034487724304,1.497809886932373
3407,2640,1.4555524587631226,0.8396832942962646,0.8091315031051636,1.476731538772583
3407,2650,1.569206714630127,0.9023380875587463,0.7746273279190063,1.4954097270965576
3407,2660,1.5668116807937622,0.8795929551124573,0.8594135046005249,1.6982271671295166
3407,2670,1.5639318227767944,0.8934881091117859,0.8834365010261536,1.4870163202285767
3407,2680,1.5197960138320923,0.9117441773414612,0.8246172666549683,1.5075433254241943
3407,2690,1.7179203033447266,0.8929669260978699,0.8828650116920471,1.6330933570861816
3407,2700,1.586289644241333,0.8221734166145325,0.8034085035324097,1.3156954050064087
3407,2710,1.557714581489563,0.8585538268089294,0.8072431683540344,1.4967386722564697
3407,2720,1.5025088787078857,0.7540075182914734,0.7995412945747375,1.5009211301803589
3407,2730,1.5809814929962158,0.8412003517150879,0.8379382491111755,1.584686040878296
3407,2740,1.4935121536254883,0.8408145308494568,0.8292778730392456,1.4788683652877808
3407,2750,1.4909683465957642,0.8398084044456482,0.8322905898094177,1.3761868476867676
3407,2760,1.5775065422058105,0.851301908493042,0.8586888909339905,1.4797130823135376
3407,2770,1.5448499917984009,0.8138282299041748,0.8163623213768005,1.5062026977539062
3407,2780,1.5724564790725708,0.9079762101173401,0.8357806205749512,1.5212019681930542
3407,2790,1.6195815801620483,0.9176795482635498,0.8279488682746887,1.5071685314178467
3407,2800,1.5530554056167603,0.8612378835678101,0.8109920620918274,1.579079508781433
3407,2810,1.5184966325759888,0.8948574662208557,0.8692686557769775,1.6811999082565308
3407,2820,1.51461923122406,0.843660295009613,0.8280155062675476,1.5122324228286743
3407,2830,1.5495976209640503,0.8350528478622437,0.822253406047821,1.6062568426132202
3407,2840,1.6553303003311157,0.9382137656211853,0.8669758439064026,1.5342962741851807
3407,2850,1.6326451301574707,0.9140967130661011,0.8960155248641968,1.7335864305496216
3407,2860,1.774359941482544,1.0297025442123413,0.8796305656433105,1.6736843585968018
3407,2870,1.5354416370391846,0.7983095049858093,0.8132215142250061,1.483665943145752
3407,2880,1.6375195980072021,0.945793867111206,0.867863118648529,1.483398675918579
3407,2890,1.683582067489624,0.8178492188453674,0.8532461524009705,1.5549513101577759
3407,2900,1.5099583864212036,0.8075416684150696,0.8076818585395813,1.5411854982376099
3407,2910,1.4061416387557983,0.8649083971977234,0.8698326349258423,1.6656038761138916
3407,2920,1.5491087436676025,0.8587615489959717,0.8292086124420166,1.5343728065490723
3407,2930,1.4361203908920288,0.8404039144515991,0.8355011940002441,1.595063328742981
3407,2940,1.6138942241668701,0.8655080199241638,0.8540428280830383,1.5818792581558228
3407,2950,1.5611281394958496,0.8735513687133789,0.8474678993225098,1.600475788116455
3407,2960,1.6591591835021973,0.8990976810455322,0.8777623772621155,1.6365764141082764
3407,2970,1.5322482585906982,0.8378347754478455,0.8060088753700256,1.559356451034546
3407,2980,1.7510467767715454,0.9868568181991577,0.8874571323394775,1.65133798122406
3407,2990,1.5201644897460938,0.8700721263885498,0.8406680822372437,1.6210143566131592
3407,3000,1.5880956649780273,0.8689671754837036,0.8052374720573425,1.6209973096847534
3407,3010,1.6181656122207642,0.9477024674415588,0.9059882164001465,1.7431361675262451
3407,3020,1.6305991411209106,0.9051015973091125,0.8900148868560791,1.7034553289413452
3407,3030,1.541752576828003,0.9057472944259644,0.8861889839172363,1.7470589876174927
3407,3040,1.3919016122817993,0.814732551574707,0.8043316602706909,1.539529800415039
3407,3050,1.6589871644973755,0.9306322336196899,0.8593058586120605,1.6843321323394775
3407,3060,1.4708632230758667,0.8865291476249695,0.8455153107643127,1.7087136507034302
3407,3070,1.6856358051300049,0.9507696628570557,0.8628921508789062,1.6731383800506592
3407,3080,1.3920191526412964,0.8532360196113586,0.822023868560791,1.6483889818191528
3407,3090,1.4731427431106567,0.8356468081474304,0.8591568470001221,1.659719705581665
3407,3100,1.5232627391815186,0.8505153656005859,0.8843106031417847,1.6891515254974365
3407,3110,1.49398672580719,0.8273468613624573,0.8108066916465759,1.5716861486434937
3407,3120,1.5116465091705322,0.8494035005569458,0.8215814232826233,1.660077452659607
3407,3130,1.6188751459121704,0.8360830545425415,0.852194607257843,1.583374261856079
3407,3140,1.6519079208374023,0.8427233695983887,0.817690372467041,1.626463532447815
3407,3150,1.6487220525741577,0.915748119354248,0.8741419315338135,1.761773943901062
3407,3160,1.5041526556015015,0.8330209255218506,0.8411597609519958,1.621692419052124
3407,3170,1.6668254137039185,0.9582759141921997,0.9141415953636169,1.677783489227295
3407,3180,1.5815316438674927,0.925667941570282,0.8453331589698792,1.7454410791397095
3407,3190,1.5343151092529297,0.8735755085945129,0.8525168895721436,1.6512523889541626
3407,3200,1.5812023878097534,0.7910537123680115,0.835822343826294,1.6357688903808594
3407,3210,1.7135010957717896,0.991235077381134,0.92652428150177,1.9206091165542603
3407,3220,1.5806549787521362,0.855502188205719,0.8176100850105286,1.6548104286193848
3407,3230,1.5384539365768433,0.8939385414123535,0.8742079138755798,1.6630072593688965
3407,3240,1.502610206604004,0.8405078649520874,0.8104754090309143,1.5092977285385132
3407,3250,1.5535552501678467,0.8922931551933289,0.8218531012535095,1.643754243850708
3407,3260,1.356772541999817,0.7660590410232544,0.7609943151473999,1.4518944025039673
3407,3270,1.6347980499267578,0.9469731450080872,0.8731115460395813,1.7644243240356445
3407,3280,1.7500152587890625,0.9290661215782166,0.9255928993225098,1.7160290479660034
3407,3290,1.3701021671295166,0.8431525230407715,0.8599926233291626,1.6963878870010376
3407,3300,1.6755867004394531,0.8726360201835632,0.8907377123832703,1.7144864797592163
3407,3310,1.572522759437561,0.9185069799423218,0.8787089586257935,1.7297704219818115
3407,3320,1.7378730773925781,0.9344194531440735,0.8747014999389648,1.770909070968628
3407,3330,1.6127747297286987,0.9219893217086792,0.8931304216384888,1.741485595703125
3407,3340,1.4629992246627808,0.8585938811302185,0.8308839797973633,1.7529045343399048
3407,3350,1.5082676410675049,0.8261595368385315,0.8254474401473999,1.613214135169983
3407,3360,1.66740083694458,0.9615738391876221,0.9101511240005493,1.6269776821136475
3407,3370,1.4817168712615967,0.8928112387657166,0.8748951554298401,1.7122066020965576
3407,3380,1.5912402868270874,0.8837088942527771,0.8372719883918762,1.6119574308395386
3407,3390,1.5322574377059937,0.9068278074264526,0.9007709622383118,1.8567752838134766
3407,3400,1.3886913061141968,0.8490056991577148,0.819670557975769,1.6029047966003418
3407,3410,1.7482365369796753,0.978766143321991,0.964476466178894,2.0173680782318115
3407,3420,1.6058934926986694,0.887095034122467,0.8658204674720764,1.6904479265213013
3407,3430,1.52987802028656,0.880336582660675,0.9134036302566528,1.7231237888336182
3407,3440,1.48855459690094,0.8727885484695435,0.8240682482719421,1.5661548376083374
3407,3450,1.6691550016403198,0.9376449584960938,0.9331796765327454,1.7161659002304077
3407,3460,1.662528395652771,0.935406506061554,0.8773226141929626,1.8706361055374146
3407,3470,1.7774935960769653,1.0337387323379517,0.9523131251335144,1.9537663459777832
3407,3480,1.5332057476043701,0.8385013341903687,0.8460738062858582,1.6720303297042847
3407,3490,1.6122866868972778,0.9452083706855774,0.8608101606369019,1.6854772567749023
3407,3500,1.3969030380249023,0.7904493808746338,0.7939984798431396,1.5121148824691772
3407,3510,1.6558330059051514,0.9343897104263306,0.8948483467102051,1.8771960735321045
3407,3520,1.5937378406524658,1.0121195316314697,0.9123642444610596,1.7777658700942993
3407,3530,1.6903252601623535,0.9353283047676086,0.933185338973999,1.8071088790893555
3407,3540,1.6586493253707886,0.8687865734100342,0.8630426526069641,1.686580777168274
3407,3550,1.4189270734786987,0.8354858160018921,0.8686474561691284,1.5133671760559082
3407,3560,1.57566499710083,0.8743255138397217,0.8395133018493652,1.5971046686172485
3407,3570,1.545945644378662,0.8996625542640686,0.850866436958313,1.9186590909957886
3407,3580,1.557289719581604,0.8550943732261658,0.8579867482185364,1.6843855381011963
3407,3590,1.700975775718689,0.9046374559402466,0.946070671081543,1.7901135683059692
3407,3600,1.6331396102905273,0.9034247398376465,0.908211350440979,1.6672476530075073
3407,3610,1.7367432117462158,0.8984882235527039,0.8815159797668457,1.7231875658035278
3407,3620,1.762385606765747,0.9977536201477051,0.913668155670166,1.9635295867919922
3407,3630,1.5698304176330566,0.892699122428894,0.8986331224441528,1.7056788206100464
3407,3640,1.650376558303833,0.8659188747406006,0.8346042037010193,1.5625362396240234
3407,3650,1.7031272649765015,0.8747074007987976,0.8989632725715637,1.7671781778335571
3407,3660,1.79342520236969,0.9468478560447693,0.8767895102500916,1.696869134902954
3407,3670,1.7205015420913696,0.991240918636322,0.9432306289672852,1.899872899055481
3407,3680,1.72963547706604,0.934688925743103,0.9402447938919067,1.7857493162155151
3407,3690,1.6198168992996216,0.9066591262817383,0.8991361856460571,1.7119542360305786
3407,3700,1.5186392068862915,0.8268206119537354,0.8374280333518982,1.6384681463241577
3407,3710,1.568321704864502,0.8208826184272766,0.8496922850608826,1.7128422260284424
3407,3720,1.4684691429138184,0.8766550421714783,0.8421137928962708,1.731487512588501
3407,3730,1.5903047323226929,0.9635904431343079,0.9131549596786499,1.8576985597610474
3407,3740,1.5157221555709839,0.9192731380462646,0.8913065791130066,1.7829763889312744
3407,3750,1.6143978834152222,0.8991460800170898,0.9026013612747192,1.8708837032318115
3407,3760,1.6649307012557983,0.9778290390968323,0.8955506086349487,1.7924933433532715
3407,3770,1.7362136840820312,0.9898775219917297,0.8935747146606445,1.8365542888641357
3407,3780,1.6191211938858032,0.9345435500144958,0.9606050252914429,1.9310165643692017
3407,3790,1.6069157123565674,0.9723816514015198,0.9213843941688538,1.907318115234375
3407,3800,1.7534923553466797,1.054040789604187,0.9512989521026611,1.9761755466461182
3407,3810,1.4042212963104248,0.8616229891777039,0.8916294574737549,1.7636922597885132
3407,3820,1.5584806203842163,0.9011170268058777,0.8351749181747437,1.7139033079147339
3407,3830,1.4239253997802734,0.8151941895484924,0.8532360196113586,1.7138521671295166
3407,3840,1.4652557373046875,0.9179701209068298,0.8757538199424744,1.798445463180542
3407,3850,1.5846929550170898,0.9472752213478088,0.9426855444908142,1.8054965734481812
3407,3860,1.5521624088287354,0.9114660620689392,0.8708153963088989,1.8883470296859741
3407,3870,1.621093511581421,0.9432494044303894,0.8968636393547058,1.7023558616638184
3407,3880,1.6538525819778442,0.9343499541282654,0.8993999361991882,1.6620662212371826
3407,3890,1.6463398933410645,0.8293927907943726,0.8348512053489685,1.5763245820999146
3407,3900,1.5020177364349365,0.9112237095832825,0.9205129742622375,1.9296144247055054
3407,3910,1.6167696714401245,0.9604151248931885,0.8913108110427856,1.8386539220809937
3407,3920,1.38419771194458,0.932513415813446,0.9065285325050354,1.7385879755020142
3407,3930,1.5072453022003174,0.8609786033630371,0.8512360453605652,1.5853309631347656
3407,3940,1.6729310750961304,0.9632760286331177,0.8843954801559448,1.843565583229065
3407,3950,1.381292700767517,0.857654333114624,0.8812956809997559,1.748098373413086
3407,3960,1.5727497339248657,0.8969592452049255,0.8667365908622742,1.7174206972122192
3407,3970,1.5083061456680298,0.9542097449302673,0.8582128286361694,1.8850387334823608
3407,3980,1.5204036235809326,0.933418869972229,0.8563867807388306,1.9280211925506592
3407,3990,1.7071129083633423,1.0472065210342407,0.9331658482551575,1.9918458461761475
3407,4000,1.4165796041488647,0.880233645439148,0.8210270404815674,1.6163294315338135
3407,4010,1.4647431373596191,0.9188679456710815,0.8865817189216614,1.7350237369537354
3407,4020,1.733884572982788,0.9258690476417542,0.9254037737846375,1.8343369960784912
3407,4030,1.6589652299880981,0.9489401578903198,0.9319363832473755,1.7184778451919556
3407,4040,1.5741795301437378,0.9302271008491516,0.8840453028678894,1.7670259475708008
3407,4050,1.5612945556640625,0.9537524580955505,0.9251471161842346,1.788493275642395
3407,4060,1.6650612354278564,0.9014790654182434,0.9208350777626038,1.7646286487579346
3407,4070,1.5768537521362305,0.9152514338493347,0.87879878282547,1.8835628032684326
3407,4080,1.4791371822357178,0.9422799944877625,0.8850595951080322,1.761153221130371
3407,4090,1.3883510828018188,0.8436179757118225,0.8340909481048584,1.7777893543243408
3407,4100,1.5698291063308716,0.8740641474723816,0.8455283045768738,1.777139663696289
3407,4110,1.4411952495574951,0.889869213104248,0.8492245078086853,1.5775514841079712
3407,4120,1.6008585691452026,0.8962064981460571,0.8518506288528442,1.8790699243545532
3407,4130,1.6339470148086548,0.9420080780982971,0.945938766002655,1.8701415061950684
3407,4140,1.6224281787872314,0.9244037866592407,0.900490403175354,1.8711764812469482
3407,4150,1.609119176864624,1.028254747390747,0.9118281602859497,2.015331506729126
3407,4160,1.4565035104751587,0.8960804343223572,0.8830122351646423,1.7407317161560059
3407,4170,1.3916056156158447,0.9226713180541992,0.8705408573150635,1.7449959516525269
3407,4180,1.5354347229003906,1.0140739679336548,0.9157630801200867,1.888201117515564
3407,4190,1.530910849571228,0.8425968885421753,0.8922110795974731,1.797041893005371
3407,4200,1.5503947734832764,0.9799450635910034,0.9217610359191895,2.010486602783203
3407,4210,1.5600531101226807,0.9310871958732605,0.9394954442977905,1.897125244140625
3407,4220,1.4976236820220947,0.8649179935455322,0.8747379779815674,1.8518857955932617
3407,4230,1.5314350128173828,0.9068452715873718,0.8144491314888,1.8071571588516235
3407,4240,1.5447461605072021,0.9069227576255798,0.9161140322685242,1.827919363975525
3407,4250,1.616951823234558,0.8831018209457397,0.9071077108383179,1.8066880702972412
3407,4260,1.5205574035644531,0.8351063132286072,0.8504125475883484,1.830641508102417
3407,4270,1.5381304025650024,0.9598990082740784,0.8712566494941711,1.7811248302459717
3407,4280,1.521805763244629,0.9189543724060059,0.9703877568244934,1.79506254196167
3407,4290,1.7196539640426636,1.1020461320877075,0.9525786638259888,2.008791208267212
3407,4300,1.6983873844146729,0.9643290042877197,0.8987109661102295,1.8222459554672241
3407,4310,1.3740270137786865,0.8439749479293823,0.8160026669502258,1.7262216806411743
3407,4320,1.3541074991226196,0.8662331700325012,0.822662353515625,1.486374855041504
3407,4330,1.4639976024627686,0.8612130284309387,0.8392279744148254,1.6504052877426147
3407,4340,1.4367282390594482,0.9368671774864197,0.8490651845932007,1.752135157585144
3407,4350,1.4959012269973755,0.9344395399093628,0.8854688405990601,1.8134231567382812
3407,4360,1.6208089590072632,0.8861097097396851,0.9216955900192261,1.7741758823394775
3407,4370,1.7253243923187256,1.01056706905365,1.013512372970581,2.010805606842041
3407,4380,1.6196682453155518,0.93362957239151,0.9256889820098877,1.9303709268569946
3407,4390,1.4211528301239014,0.8738534450531006,0.8221285939216614,1.7002487182617188
3407,4400,1.5575637817382812,0.9278444647789001,0.888883113861084,1.820704698562622
3407,4410,1.6259281635284424,0.8268325328826904,0.8870531916618347,1.823028802871704
3407,4420,1.5144641399383545,0.9133478999137878,0.8901292085647583,1.9271354675292969
3407,4430,1.5881901979446411,0.8256517052650452,0.8366525769233704,1.7752573490142822
3407,4440,1.8782577514648438,1.0024399757385254,1.0041133165359497,1.984958291053772
3407,4450,1.4366748332977295,0.889755129814148,0.8808838725090027,1.8711295127868652
3407,4460,1.5021507740020752,0.9573312997817993,0.9106913208961487,1.9719620943069458
3407,4470,1.5562068223953247,1.0206823348999023,0.9725045561790466,2.035269260406494
3407,4480,1.6375926733016968,0.9941136240959167,0.8880583643913269,1.791238784790039
3407,4490,1.517019271850586,0.941917359828949,0.9039812684059143,1.89304780960083
3407,4500,1.5183284282684326,0.9175427556037903,0.9129135012626648,1.698872685432434
3407,4510,1.4947158098220825,0.85639488697052,0.9319844245910645,1.8978840112686157
3407,4520,1.4595545530319214,0.8942760229110718,0.9067726731300354,1.8670463562011719
3407,4530,1.4412815570831299,0.9082534313201904,0.880929708480835,1.7444995641708374
3407,4540,1.4703326225280762,0.8081541657447815,0.8000052571296692,1.6762516498565674
3407,4550,1.6702966690063477,1.008357286453247,0.9199891686439514,1.9293267726898193
3407,4560,1.5886170864105225,0.9927324056625366,0.9481147527694702,2.011610507965088
3407,4570,1.5084806680679321,0.9242655038833618,0.8697908520698547,1.9786025285720825
3407,4580,1.688130259513855,0.9685748219490051,0.9198061227798462,1.8239827156066895
3407,4590,1.6207301616668701,0.9383832812309265,0.8654508590698242,1.7857991456985474
3407,4600,1.5801920890808105,0.9074597358703613,0.8383888006210327,1.6944721937179565
3407,4610,1.6234012842178345,1.0901321172714233,1.042868971824646,1.994960069656372
3407,4620,1.5201082229614258,0.9656347632408142,0.9150422215461731,1.8009170293807983
3407,4630,1.510348916053772,0.9242166876792908,0.8984290957450867,1.9140998125076294
3407,4640,1.558948040008545,0.9033982753753662,0.8733102083206177,1.6978970766067505
3407,4650,1.4438098669052124,0.8653033375740051,0.841151773929596,1.6956788301467896
3407,4660,1.5845757722854614,0.9634789824485779,0.8816477060317993,1.9583796262741089
3407,4670,1.4489104747772217,0.9096651077270508,0.8697757124900818,1.7293599843978882
3407,4680,1.4931870698928833,0.9319578409194946,0.8994426727294922,1.8093804121017456
3407,4690,1.4243443012237549,0.8874804973602295,0.8666455745697021,1.7428287267684937
3407,4700,1.5243101119995117,0.9195166826248169,0.8744803667068481,1.7217618227005005
3407,4710,1.3417783975601196,0.8684659004211426,0.8678221702575684,1.8021934032440186
3407,4720,1.4144508838653564,0.9506282210350037,0.8781770467758179,2.034796953201294
3407,4730,1.3628937005996704,0.8470533490180969,0.8737033009529114,1.6842870712280273
3407,4740,1.6542083024978638,0.9889572858810425,0.970831573009491,2.075007915496826
3407,4750,1.420586347579956,0.8690977692604065,0.9505974650382996,1.8108489513397217
3407,4760,1.639285922050476,0.9402180910110474,0.8584874868392944,1.8602216243743896
3407,4770,1.4687368869781494,0.9499011635780334,0.8968468904495239,1.9880492687225342
3407,4780,1.3288823366165161,0.8622894883155823,0.817530632019043,1.8083062171936035
3407,4790,1.6817023754119873,1.0577630996704102,0.9685633778572083,2.0389041900634766
3407,4800,1.3533226251602173,0.9263172149658203,0.8339884877204895,1.707590937614441
3407,4810,1.456238031387329,0.862920343875885,0.8481653332710266,1.711223840713501
3407,4820,1.6125502586364746,0.9421257376670837,0.9217836260795593,1.8117612600326538
3407,4830,1.6016396284103394,0.9229979515075684,0.893633246421814,1.9433553218841553
3407,4840,1.414624571800232,0.8964589834213257,0.869501531124115,1.8417377471923828
3407,4850,1.6657772064208984,0.9726560711860657,0.9516728520393372,2.002157688140869
3407,4860,1.5315608978271484,0.8768963813781738,0.8834773302078247,1.7665060758590698
3407,4870,1.693335771560669,1.017054796218872,0.9846415519714355,2.0686490535736084
3407,4880,1.5221410989761353,0.9126058220863342,0.9201920032501221,1.984466791152954
3407,4890,1.473846673965454,0.901475191116333,0.919279158115387,1.970267415046692
3407,4900,1.486862301826477,0.9075274467468262,0.9112818241119385,1.9020519256591797
3407,4910,1.4148529767990112,0.9506679177284241,0.8708658218383789,1.8506666421890259
3407,4920,1.4810829162597656,0.9027618765830994,0.8656432628631592,1.6812461614608765
3407,4930,1.5357526540756226,0.940483570098877,0.9483774900436401,1.9163838624954224
3407,4940,1.4627443552017212,0.9019628167152405,0.8735286593437195,1.6140518188476562
3407,4950,1.442469835281372,0.9342774152755737,0.8856011629104614,1.7774608135223389
3407,4960,1.7232877016067505,1.025691270828247,0.9593188762664795,1.993420124053955
3407,4970,1.4579452276229858,1.009294033050537,0.9103756546974182,1.901901364326477
3407,4980,1.5018681287765503,1.0051437616348267,0.9101210236549377,2.0209991931915283
3407,4990,1.548964023590088,0.8968539834022522,0.8899999260902405,1.9157229661941528
3407,5000,1.605690360069275,0.9402317404747009,0.908039391040802,2.0364348888397217
3407,5010,1.4600275754928589,0.9012609124183655,0.9310619235038757,1.8759723901748657
3407,5020,1.5216124057769775,0.9447464942932129,0.9730393886566162,1.969423532485962
3407,5030,1.430550456047058,0.9917702674865723,0.926584005355835,1.8290657997131348
3407,5040,1.4556865692138672,0.9602436423301697,0.9172613024711609,1.835815668106079
3407,5050,1.53913414478302,0.9802640676498413,0.9497876167297363,1.9575703144073486
3407,5060,1.5884336233139038,0.9242793321609497,0.9301148653030396,1.903336524963379
3407,5070,1.599278450012207,0.9222937822341919,0.9499152898788452,1.9610769748687744
3407,5080,1.586103081703186,0.9352239370346069,0.9775856137275696,1.8791736364364624
3407,5090,1.586099624633789,0.9352424144744873,0.9235554337501526,1.916003942489624
3407,5100,1.4248876571655273,0.8953279256820679,0.8801347613334656,1.776971459388733
3407,5110,1.693627953529358,1.015012502670288,0.9350205063819885,2.1229586601257324
3407,5120,1.569453477859497,0.9840899705886841,0.940316915512085,1.8831193447113037
3407,5130,1.6302648782730103,1.0072051286697388,0.9566190242767334,1.9651457071304321
3407,5140,1.4802089929580688,0.9346857070922852,0.8989104628562927,1.9842725992202759
3407,5150,1.6482378244400024,0.9289467334747314,0.9653216004371643,1.9057841300964355
3407,5160,1.5112181901931763,0.9449384212493896,0.951572597026825,1.9278972148895264
3407,5170,1.4243603944778442,0.8825460076332092,0.9131571650505066,1.862075686454773
3407,5180,1.3387707471847534,0.9274967312812805,0.9005581736564636,1.8008803129196167
3407,5190,1.52153480052948,0.9828834533691406,0.9140213131904602,2.0131943225860596
3407,5200,1.6251497268676758,0.9410094022750854,0.9127053618431091,2.0209829807281494
3407,5210,1.5501301288604736,0.9505797028541565,0.9394799470901489,1.9688196182250977
3407,5220,1.5580010414123535,1.0360352993011475,1.009616494178772,2.1562001705169678
3407,5230,1.399419903755188,0.8613926768302917,0.8352919220924377,1.767088532447815
3407,5240,1.6756268739700317,0.9951050877571106,0.9412381052970886,1.9172673225402832
3407,5250,1.4449772834777832,0.9284665584564209,0.9352027177810669,1.9464097023010254
3407,5260,1.6962995529174805,1.0304346084594727,1.0456527471542358,2.0309698581695557
3407,5270,1.3902344703674316,0.9042654633522034,0.8824594020843506,1.8798860311508179
3407,5280,1.6354228258132935,1.022374153137207,0.9692313075065613,1.9515447616577148
3407,5290,1.357850193977356,0.9234204292297363,0.9460391402244568,1.8355450630187988
3407,5300,1.297799825668335,0.885612428188324,0.8537765741348267,1.6870241165161133
3407,5310,1.2219151258468628,0.9585581421852112,0.8975089192390442,1.844613790512085
3407,5320,1.7315360307693481,1.0632141828536987,0.9551952481269836,2.0643842220306396
3407,5330,1.7304935455322266,1.052935004234314,0.9642220735549927,1.9578218460083008
3407,5340,1.6333781480789185,1.092044472694397,0.9660490155220032,2.1467907428741455
3407,5350,1.5481386184692383,0.9987010955810547,0.9438730478286743,1.945837140083313
3407,5360,1.404210090637207,1.029736876487732,1.0334678888320923,2.0936741828918457
3407,5370,1.4428579807281494,0.909561276435852,0.8584961891174316,1.7716978788375854
3407,5380,1.4901046752929688,0.9401490092277527,0.8538367748260498,1.8482986688613892
3407,5390,1.5109788179397583,0.8916212916374207,0.8972371220588684,1.762176275253296
3407,5400,1.6356258392333984,1.0160454511642456,1.028016209602356,1.967069149017334
3407,5410,1.4896808862686157,0.8715073466300964,0.8451547026634216,1.7544798851013184
3407,5420,1.3894613981246948,0.8823801875114441,0.8501050472259521,1.6256797313690186
3407,5430,1.3722074031829834,0.9603659510612488,0.8974454402923584,1.9977422952651978
3407,5440,1.5433030128479004,0.9219856262207031,0.8889782428741455,1.8011209964752197
3407,5450,1.44545316696167,0.9116748571395874,0.8631960153579712,1.8438688516616821
3407,5460,1.5219979286193848,0.8879384398460388,0.8691177368164062,1.7987381219863892
3407,5470,1.2654474973678589,1.026764154434204,0.9484519958496094,1.9178506135940552
3407,5480,1.479707956314087,0.897299587726593,0.9139761924743652,1.834797978401184
3407,5490,1.5686949491500854,0.8760125637054443,0.8623203635215759,1.7704989910125732
3407,5500,1.353865623474121,0.8308648467063904,0.8658344745635986,1.772607684135437
3407,5510,1.4236770868301392,0.881187915802002,0.9045902490615845,1.8716281652450562
3407,5520,1.6319011449813843,0.9734171032905579,0.9465841054916382,2.0532801151275635
3407,5530,1.1431156396865845,0.8727812767028809,0.8463738560676575,1.7293435335159302
3407,5540,1.432887077331543,0.8906129002571106,0.9162675142288208,1.9137790203094482
3407,5550,1.4004720449447632,0.9772516489028931,0.861676037311554,1.9569683074951172
3407,5560,1.51128351688385,0.9063697457313538,0.9577110409736633,2.0081167221069336
3407,5570,1.576256275177002,0.9595047235488892,0.9900098443031311,1.961803913116455
3407,5580,1.5105772018432617,0.9429637789726257,0.8870571255683899,1.954748511314392
3407,5590,1.5700304508209229,0.9067996144294739,0.8654241561889648,1.762671947479248
3407,5600,1.4963912963867188,1.0282642841339111,0.9694426655769348,1.9509525299072266
3407,5610,1.5149215459823608,0.9353271126747131,0.9009253978729248,1.7255229949951172
3407,5620,1.5061371326446533,0.894598662853241,0.8967769742012024,1.8455138206481934
3407,5630,1.3956454992294312,0.9140841960906982,0.8119084239006042,1.7446027994155884
3407,5640,1.3734941482543945,0.9956185221672058,1.003772258758545,1.976650595664978
3407,5650,1.6070082187652588,0.9802097678184509,0.9876991510391235,2.0326311588287354
3407,5660,1.3580816984176636,0.9543470740318298,0.9076329469680786,1.7886790037155151
3407,5670,1.2622877359390259,0.9266130328178406,0.9061981439590454,1.8504735231399536
3407,5680,1.6250250339508057,0.9580347537994385,0.9513135552406311,1.9119527339935303
3407,5690,1.6191177368164062,0.9181703925132751,0.9185584783554077,1.8479536771774292
3407,5700,1.5341382026672363,0.9275296330451965,0.906764805316925,1.901344656944275
3407,5710,1.556000828742981,1.0094425678253174,0.9691388010978699,2.028817653656006
3407,5720,1.6033440828323364,0.9431655406951904,0.9248115420341492,1.934746265411377
3407,5730,1.4694489240646362,1.0133923292160034,0.9506910443305969,2.0981338024139404
3407,5740,1.3976308107376099,0.9009685516357422,0.9461364150047302,1.855573058128357
3407,5750,1.7726038694381714,1.0603045225143433,0.994349479675293,2.189143657684326
3407,5760,1.4093869924545288,1.1324201822280884,1.0557395219802856,2.226659059524536
3407,5770,1.4350999593734741,0.8919211626052856,0.8586834073066711,1.8414398431777954
3407,5780,1.554210901260376,0.8748276829719543,0.9686642289161682,1.9429210424423218
3407,5790,1.491800308227539,1.0308468341827393,0.9316807985305786,1.9657046794891357
3407,5800,1.7189830541610718,1.0800589323043823,1.0189427137374878,1.9069910049438477
3407,5810,1.635715126991272,0.9381232857704163,0.9302504062652588,1.9018406867980957
3407,5820,1.5374382734298706,1.0464667081832886,1.0089999437332153,2.10412859916687
3407,5830,1.2436758279800415,0.8024266362190247,0.8495762348175049,1.6105155944824219
3407,5840,1.5113310813903809,1.0653302669525146,0.9812154173851013,2.000380754470825
3407,5850,1.6061018705368042,0.975258469581604,0.9893844723701477,2.095405101776123
3407,5860,1.3757343292236328,1.0032747983932495,0.9437811970710754,1.7998404502868652
3407,5870,1.4966882467269897,0.908703088760376,0.8956282138824463,1.8167126178741455
3407,5880,1.412354588508606,0.8859189748764038,0.8928782939910889,1.8622006177902222
3407,5890,1.4421573877334595,0.9742934703826904,0.9988250732421875,2.130112648010254
3407,5900,1.3874695301055908,0.9420384764671326,0.8883255124092102,1.9592878818511963
3407,5910,1.5083025693893433,1.0402570962905884,1.0239816904067993,2.039130687713623
3407,5920,1.5497606992721558,0.9903307557106018,0.9893324971199036,1.9177497625350952
3407,5930,1.4077397584915161,0.9332630038261414,0.9457297921180725,1.9115122556686401
3407,5940,1.535351037979126,0.9946634769439697,0.9868573546409607,1.9978883266448975
3407,5950,1.5695630311965942,0.9332277178764343,0.9593175053596497,2.024674654006958
3407,5960,1.5131093263626099,0.9661285281181335,0.9388224482536316,1.8479975461959839
3407,5970,1.5144774913787842,0.9395251274108887,0.958907425403595,1.9859824180603027
3407,5980,1.543474793434143,1.0020642280578613,1.0438188314437866,2.042232036590576
3407,5990,1.6256052255630493,1.0564157962799072,0.9893311262130737,2.076632022857666
3407,6000,1.5640227794647217,0.9814885258674622,0.9332286715507507,2.0193874835968018
3407,6010,1.573071002960205,0.9897885918617249,0.871527373790741,1.9780031442642212
3407,6020,1.3536185026168823,1.0294350385665894,0.9013965129852295,2.004718780517578
3407,6030,1.2979549169540405,0.8896785974502563,0.830527663230896,1.6517596244812012
3407,6040,1.3631439208984375,0.9320363402366638,0.8737936019897461,1.7881252765655518
3407,6050,1.4648104906082153,0.8992844223976135,0.9269954562187195,1.7996217012405396
3407,6060,1.5190843343734741,0.968324601650238,0.9358887076377869,1.8859390020370483
3407,6070,1.2936209440231323,0.9474768042564392,0.8831565976142883,1.8239158391952515
3407,6080,1.5046182870864868,0.987819254398346,0.9017181396484375,2.058443069458008
3407,6090,1.5978926420211792,0.912609875202179,0.9435838460922241,1.8545218706130981
3407,6100,1.4439762830734253,0.9171038866043091,0.8678340315818787,1.6577754020690918
3407,6110,1.502407193183899,0.9676142930984497,0.945271372795105,1.991028904914856
3407,6120,1.632138967514038,0.9963250756263733,0.9301071763038635,1.9720358848571777
3407,6130,1.7968509197235107,1.081405758857727,1.031842589378357,2.098196029663086
3407,6140,1.4596115350723267,0.9089134931564331,0.9082316160202026,1.8715513944625854
3407,6150,1.6332703828811646,0.9491298198699951,0.9191279411315918,1.9189224243164062
3407,6160,1.439855933189392,0.9382786750793457,0.9108392596244812,1.8393570184707642
3407,6170,1.3858977556228638,1.0093793869018555,0.9260615110397339,1.883901596069336
3407,6180,1.4853805303573608,0.9185171127319336,0.9115522503852844,1.8716989755630493
3407,6190,1.4695080518722534,0.907387912273407,0.9259724617004395,1.8097041845321655
3407,6200,1.4206819534301758,0.9420241713523865,0.8945955634117126,1.7880595922470093
3407,6210,1.5397590398788452,0.9324216246604919,0.8695284724235535,1.806994915008545
3407,6220,1.3531759977340698,0.9803657531738281,0.9127277135848999,1.9994713068008423
3407,6230,1.1893115043640137,0.8798785209655762,0.9006250500679016,1.7549593448638916
3407,6240,1.319937825202942,0.8635163307189941,0.8314394950866699,1.523999571800232
3407,6250,1.51636803150177,0.9534193277359009,0.9242927432060242,1.8556909561157227
3407,6260,1.542962908744812,0.9154453873634338,0.9084924459457397,1.8913239240646362
3407,6270,1.4835290908813477,0.9275674819946289,0.8950208425521851,1.9039102792739868
3407,6280,1.4785079956054688,0.9063786268234253,0.8595648407936096,1.7116366624832153
3407,6290,1.4945051670074463,0.9667973518371582,0.9474200010299683,1.8061113357543945
3407,6300,1.4511618614196777,0.8383544087409973,0.8318180441856384,1.517859697341919
3407,6310,1.498490810394287,0.936190664768219,0.9293188452720642,1.7479907274246216
3407,6320,1.5344008207321167,1.0706461668014526,1.0131796598434448,1.9510598182678223
3407,6330,1.499369740486145,0.905476450920105,0.8926172852516174,1.7734169960021973
3407,6340,1.597292184829712,0.9227049350738525,0.9110473394393921,1.864850401878357
3407,6350,1.416675090789795,0.9832689166069031,0.9576744437217712,1.9592914581298828
3407,6360,1.5514470338821411,0.9609049558639526,0.8879918456077576,1.9083826541900635
3407,6370,1.5474342107772827,0.9193604588508606,0.9048982858657837,1.8695547580718994
3407,6380,1.4842939376831055,0.9739723205566406,0.9522873163223267,1.8571076393127441
3407,6390,1.5044654607772827,0.9991503357887268,0.9437689781188965,1.8873746395111084
3407,6400,1.6183059215545654,1.0034065246582031,0.9839136004447937,2.0382542610168457
3407,6410,1.4844393730163574,0.9931367635726929,0.9132152795791626,1.89200758934021
3407,6420,1.4873627424240112,0.9136462807655334,0.8823407292366028,1.7575832605361938
3407,6430,1.4477977752685547,0.9951501488685608,0.9351533055305481,1.9049487113952637
3407,6440,1.2682455778121948,0.9363968968391418,0.9097344875335693,1.8489388227462769
3407,6450,1.5239124298095703,0.9836299419403076,0.9633201360702515,1.9320080280303955
3407,6460,1.4405993223190308,0.9280661940574646,0.8915676474571228,1.790307641029358
3407,6470,1.407342791557312,0.9117406606674194,0.8994652628898621,1.8100727796554565
3407,6480,1.2292135953903198,0.9474273324012756,0.8975487351417542,1.7649531364440918
3407,6490,1.419934868812561,1.0281131267547607,1.002416968345642,1.9426032304763794
3407,6500,1.501625657081604,0.9223607182502747,0.9340091943740845,1.937581181526184
3407,6510,1.6619818210601807,0.991779088973999,0.9562680721282959,1.9507195949554443
3407,6520,1.556296467781067,0.983126699924469,0.9213464260101318,1.9361118078231812
3407,6530,1.3526637554168701,0.9741547703742981,0.8014112710952759,1.6913011074066162
3407,6540,1.3017067909240723,0.9745498299598694,0.8913732171058655,1.7957210540771484
3407,6550,1.4105027914047241,0.9054667949676514,0.8796007633209229,1.75050950050354
3407,6560,1.401769995689392,0.9531365036964417,0.8685712814331055,1.7698519229888916
3407,6570,1.3639503717422485,0.9964616298675537,0.9334188103675842,1.7950718402862549
3407,6580,1.5422923564910889,0.9563076496124268,0.939239501953125,1.8160680532455444
3407,6590,1.399295449256897,0.905691385269165,0.8914669156074524,1.7755286693572998
3407,6600,1.391647219657898,0.9160300493240356,0.9224711656570435,1.7934476137161255
3407,6610,1.4845434427261353,1.0283302068710327,0.9249443411827087,1.9100840091705322
3407,6620,1.5138195753097534,0.9794631004333496,0.9445934891700745,1.889878511428833
3407,6630,1.557789921760559,0.9858975410461426,0.9403932690620422,1.9936821460723877
3407,6640,1.5490403175354004,1.0091923475265503,0.9861849546432495,2.124722719192505
3407,6650,1.5826621055603027,0.9564516544342041,0.925572395324707,1.9291014671325684
3407,6660,1.4909974336624146,0.9390456676483154,0.9256654381752014,1.7455105781555176
3407,6670,1.5332423448562622,0.9973840117454529,0.9088166952133179,1.8655747175216675
3407,6680,1.5971766710281372,0.9860901236534119,0.9369113445281982,1.8731812238693237
3407,6690,1.5347652435302734,1.048514723777771,0.945751965045929,1.8965994119644165
3407,6700,1.4521921873092651,0.9428725838661194,0.9217380285263062,1.8927617073059082
3407,6710,1.4825018644332886,0.963963508605957,0.905849039554596,1.864068627357483
3407,6720,1.6345561742782593,1.099955439567566,0.9798029065132141,2.0423412322998047
3407,6730,1.3918583393096924,0.8952345252037048,0.9038478136062622,1.6189830303192139
3407,6740,1.4322381019592285,0.9143909811973572,0.9233938455581665,1.8612737655639648
3407,6750,1.5892413854599,0.9936326146125793,0.9482255578041077,1.894203782081604
3407,6760,1.5368062257766724,1.01020348072052,0.927931547164917,1.9999372959136963
3407,6770,1.4494696855545044,0.9326546788215637,0.9623935222625732,1.9623055458068848
3407,6780,1.4291248321533203,0.9502143263816833,0.9708880186080933,2.02579927444458
3407,6790,1.5835295915603638,0.9400401711463928,0.9151206016540527,1.8855090141296387
3407,6800,1.437152624130249,0.9308318495750427,0.9038710594177246,1.7463117837905884
3407,6810,1.3513455390930176,0.9341995716094971,0.9185702800750732,1.7606898546218872
3407,6820,1.467150092124939,0.9517838954925537,0.9752932786941528,1.904347538948059
3407,6830,1.6194649934768677,0.9834569692611694,0.9685941338539124,2.026878833770752
3407,6840,1.445035696029663,0.912683367729187,0.9116512537002563,1.68717622756958
3407,6850,1.4350004196166992,0.9406152963638306,0.9007980823516846,1.9706156253814697
3407,6860,1.4302655458450317,0.9427003264427185,0.9269351959228516,1.935595989227295
3407,6870,1.502379059791565,0.9577569365501404,0.976449191570282,1.8254932165145874
3407,6880,1.5090004205703735,0.9890016317367554,0.9210932850837708,1.9097033739089966
3407,6890,1.377211570739746,0.9462781548500061,0.934735894203186,1.8986244201660156
3407,6900,1.5513023138046265,1.017141580581665,0.9649122357368469,1.8541189432144165
3407,6910,1.4242949485778809,0.9937096834182739,0.944843590259552,2.093933343887329
3407,6920,1.4065972566604614,1.081576943397522,0.99471116065979,2.1634767055511475
3407,6930,1.609984278678894,1.0298179388046265,0.9794530868530273,2.085160970687866
3407,6940,1.428317666053772,0.9624184966087341,0.9094445109367371,1.770779013633728
3407,6950,1.2624841928482056,0.9115911722183228,0.9240411520004272,1.7977482080459595
3407,6960,1.2767305374145508,0.960548460483551,0.8803631067276001,1.5591155290603638
3407,6970,1.4816834926605225,0.998447835445404,0.9462228417396545,1.9806824922561646
3407,6980,1.2472234964370728,0.8630324602127075,0.8316066861152649,1.595421552658081
3407,6990,1.5217630863189697,0.9681563973426819,0.9468387365341187,1.9381979703903198
3407,7000,1.333177089691162,0.886029064655304,0.9045704007148743,1.7933435440063477
3407,7010,1.637089729309082,1.0352023839950562,1.0036522150039673,1.8352766036987305
3407,7020,1.5473839044570923,0.9964219331741333,0.9307676553726196,1.9353704452514648
3407,7030,1.5537662506103516,0.9363614320755005,0.9513296484947205,1.8703135251998901
3407,7040,1.3971309661865234,0.9461991190910339,0.9549614191055298,1.8900153636932373
3407,7050,1.479848861694336,1.0229657888412476,0.9146786332130432,1.8062474727630615
3407,7060,1.5242856740951538,1.0617339611053467,1.0095546245574951,2.2180330753326416
3407,7070,1.5368452072143555,1.0259133577346802,0.9694294929504395,2.071449041366577
3407,7080,1.2351244688034058,0.8952970504760742,0.8991702198982239,1.7712664604187012
3407,7090,1.3257149457931519,0.8927654027938843,0.9026594758033752,1.902256727218628
3407,7100,1.4221372604370117,0.9140798449516296,0.9233267307281494,1.9444390535354614
3407,7110,1.5229424238204956,1.0215529203414917,1.0168510675430298,1.9264620542526245
3407,7120,1.4320272207260132,0.9174280166625977,0.9026161432266235,1.785497784614563
3407,7130,1.2956202030181885,0.9775272607803345,0.9310509562492371,1.888820767402649
3407,7140,1.5441715717315674,0.9792038798332214,0.9653124809265137,2.0191855430603027
3407,7150,1.604737401008606,0.9794853329658508,0.9044227600097656,1.7107800245285034
3407,7160,1.4863967895507812,1.0417448282241821,0.9460451006889343,1.9371787309646606
3407,7170,1.4571036100387573,0.9814708828926086,0.9879518151283264,1.9023371934890747
3407,7180,1.6407482624053955,1.1066975593566895,1.0054408311843872,2.194627285003662
3407,7190,1.48661208152771,0.8952125906944275,0.9417471289634705,1.8582020998001099
3407,7200,1.5099689960479736,0.9854766130447388,0.9251720905303955,1.9438475370407104
3407,7210,1.3422447443008423,0.9619855284690857,0.9345760345458984,2.0048909187316895
3407,7220,1.3316408395767212,0.9935793876647949,0.9027608633041382,1.7473530769348145
3407,7230,1.5654927492141724,1.0840141773223877,1.044008493423462,2.1193552017211914
3407,7240,1.2997504472732544,0.898198127746582,0.926375687122345,1.7964648008346558
3407,7250,1.4580566883087158,1.014083981513977,0.9650787115097046,1.8948477506637573
3407,7260,1.5975584983825684,1.0165823698043823,0.922915518283844,1.977095365524292
3407,7270,1.5851881504058838,1.0274118185043335,0.9551091194152832,1.7930926084518433
3407,7280,1.5191988945007324,0.9777202606201172,0.9526852369308472,1.8723779916763306
3407,7290,1.2516955137252808,0.9222738146781921,0.8806573152542114,1.7902015447616577
3407,7300,1.3873720169067383,0.9634944796562195,0.8959810137748718,1.731246829032898
3407,7310,1.5368621349334717,1.029407024383545,0.9669486880302429,2.1489803791046143
3407,7320,1.4383901357650757,1.0590190887451172,0.9767900109291077,2.1044442653656006
3407,7330,1.4486668109893799,0.9478482007980347,0.9826626777648926,1.6528435945510864
3407,7340,1.3827537298202515,0.9714848399162292,0.9594510197639465,1.9477075338363647
3407,7350,1.4197064638137817,0.8972004652023315,0.9251085519790649,1.6683260202407837
3407,7360,1.6204863786697388,1.000619888305664,0.9555065035820007,1.9399906396865845
3407,7370,1.3900117874145508,1.0159629583358765,0.9404879808425903,1.8399368524551392
3407,7380,1.256931185722351,0.9655314683914185,0.9346559047698975,1.835000991821289
3407,7390,1.3917851448059082,0.9130831956863403,0.9666815400123596,1.760838270187378
3407,7400,1.4111032485961914,0.9900954365730286,0.9746099710464478,2.0420498847961426
3407,7410,1.4831633567810059,0.9695744514465332,0.9287034273147583,1.8829594850540161
3407,7420,1.5285899639129639,0.9578957557678223,0.9357772469520569,1.719071626663208
3407,7430,1.4726474285125732,0.9383469820022583,0.9587823748588562,1.8347162008285522
3407,7440,1.2926760911941528,0.9420897364616394,0.8975375890731812,1.6924822330474854
3407,7450,1.516281008720398,0.9540897011756897,0.9499072432518005,1.7318835258483887
3407,7460,1.6070585250854492,1.0591275691986084,0.9580149054527283,2.1657683849334717
3407,7470,1.4939014911651611,0.9330411553382874,0.9079083800315857,1.7666943073272705
3407,7480,1.4199844598770142,0.9310159683227539,0.805461049079895,1.5475378036499023
3407,7490,1.213377833366394,0.8840503692626953,0.8919259309768677,1.6858218908309937
3407,7500,1.562792420387268,0.9931839108467102,0.9804482460021973,1.915950059890747
3407,7510,1.5051363706588745,1.0412242412567139,0.9708746075630188,2.0351269245147705
3407,7520,1.5134406089782715,1.0063278675079346,1.048296332359314,1.982455849647522
3407,7530,1.5228883028030396,0.9329416155815125,0.9174279570579529,1.6668747663497925
3407,7540,1.6117643117904663,1.0441839694976807,0.9826331734657288,2.1049892902374268
3407,7550,1.4672669172286987,0.9293375015258789,0.9125779271125793,1.8262091875076294
3407,7560,1.4451185464859009,1.0369938611984253,0.983479917049408,2.0661306381225586
3407,7570,1.4357874393463135,1.0028598308563232,1.029690146446228,1.8530601263046265
3407,7580,1.4395846128463745,0.9638436436653137,0.9407480955123901,1.8925215005874634
3407,7590,1.4663689136505127,0.9447572231292725,0.9123119711875916,1.7553086280822754
3407,7600,1.5714467763900757,1.0446633100509644,0.9904620051383972,2.0365893840789795
3407,7610,1.5287858247756958,0.9578197598457336,0.9710963368415833,1.8616348505020142
3407,7620,1.2573200464248657,0.9204726815223694,0.8865514397621155,1.735174298286438
3407,7630,1.4298170804977417,0.9683098196983337,0.926175594329834,1.9626103639602661
3407,7640,1.5780737400054932,0.9527440667152405,0.96448814868927,1.8390568494796753
3407,7650,1.5489189624786377,1.0701122283935547,0.9973633885383606,2.18878436088562
3407,7660,1.4472452402114868,0.9258884787559509,0.9062501192092896,1.7432721853256226
3407,7670,1.36077082157135,0.9656223058700562,0.9179434180259705,1.7992935180664062
3407,7680,1.5079618692398071,1.002422571182251,0.9455485343933105,1.8504478931427002
3407,7690,1.4939581155776978,0.971250057220459,1.0143498182296753,1.8466144800186157
3407,7700,1.4838347434997559,0.9746618270874023,0.942441463470459,1.8227267265319824
3407,7710,1.48732590675354,1.028272271156311,0.9590305089950562,1.9961018562316895
3407,7720,1.5341763496398926,1.0545059442520142,0.9591935276985168,1.9480234384536743
3407,7730,1.4443191289901733,0.9208140969276428,0.8764213919639587,1.787820816040039
3407,7740,1.3780564069747925,0.9247146844863892,0.9119853973388672,1.7233330011367798
3407,7750,1.4296988248825073,0.9934991002082825,0.9672635793685913,1.9607356786727905
3407,7760,1.5058737993240356,1.0458805561065674,1.0313791036605835,2.2369346618652344
3407,7770,1.3625942468643188,0.969073474407196,0.864901065826416,1.6579339504241943
3407,7780,1.4762438535690308,0.992607057094574,0.9822695255279541,1.775741457939148
3407,7790,1.5113000869750977,0.966011643409729,0.9435638785362244,1.8397836685180664
3407,7800,1.2336596250534058,0.9557313919067383,0.8961848616600037,1.826265573501587
3407,7810,1.3776957988739014,0.9226239919662476,0.9048414826393127,1.7751092910766602
3407,7820,1.4803766012191772,0.9962169528007507,0.9638972282409668,2.052485466003418
3407,7830,1.5075734853744507,1.0803232192993164,0.9862446784973145,2.1020097732543945
3407,7840,1.4872124195098877,0.9575762748718262,0.952299177646637,1.8701177835464478
3407,7850,1.5843067169189453,0.9540525674819946,0.9633955955505371,1.857945442199707
3407,7860,1.4338271617889404,1.0513039827346802,0.9434347152709961,1.918544888496399
3407,7870,1.406429409980774,0.9335348606109619,0.9257341623306274,1.7306201457977295
3407,7880,1.2788766622543335,0.965815007686615,0.9282699227333069,1.9772156476974487
3407,7890,1.4314974546432495,1.0377719402313232,1.0127867460250854,2.1156365871429443
3407,7900,1.51963472366333,0.9763413071632385,0.9716388583183289,1.8948806524276733
3407,7910,1.4976879358291626,0.9744253754615784,0.8970542550086975,1.8148953914642334
3407,7920,1.3989969491958618,0.971656084060669,0.9283889532089233,1.9004007577896118
3407,7930,1.5734573602676392,1.1132423877716064,1.0470972061157227,2.3636722564697266
3407,7940,1.3239513635635376,0.991309404373169,0.9496472477912903,1.768002986907959
3407,7950,1.3561879396438599,0.8901321291923523,0.9109959006309509,1.6917271614074707
3407,7960,1.447835922241211,1.0067119598388672,0.9363870620727539,1.8969690799713135
3407,7970,1.4113819599151611,0.9333063960075378,0.9177749156951904,1.87946617603302
3407,7980,1.340221881866455,0.9873301386833191,0.9503322243690491,1.9290059804916382
3407,7990,1.2365658283233643,0.9711197018623352,0.910473108291626,1.688673734664917
3407,8000,1.3695049285888672,1.1026666164398193,0.9482830166816711,1.987569808959961
3407,8010,1.5235929489135742,0.981212854385376,0.903634250164032,1.899156093597412
3407,8020,1.5321141481399536,0.9532532095909119,0.9393792152404785,1.8719308376312256
3407,8030,1.6764410734176636,1.0547795295715332,0.9425275921821594,1.9626643657684326
3407,8040,1.5963796377182007,1.090570092201233,1.012310266494751,1.9314841032028198
3407,8050,1.5141507387161255,0.9943312406539917,0.9908499717712402,1.883628487586975
3407,8060,1.4170831441879272,0.9955381155014038,0.9719355702400208,1.9618606567382812
3407,8070,1.464142918586731,0.9285101294517517,0.9577862620353699,1.9081262350082397
3407,8080,1.4260398149490356,1.0493030548095703,0.9270451664924622,1.9225053787231445
3407,8090,1.264968991279602,0.8867267370223999,0.8752217888832092,1.6751796007156372
3407,8100,1.5058162212371826,1.10576593875885,1.073685646057129,1.9252803325653076
3407,8110,1.3933991193771362,0.9450060725212097,0.9183394312858582,1.701399326324463
3407,8120,1.3887454271316528,1.050227165222168,0.9664144515991211,1.7721517086029053
3407,8130,1.542910099029541,0.9997450709342957,0.9398170113563538,1.8484928607940674
3407,8140,1.42500901222229,0.9283447861671448,0.9238530993461609,1.7484745979309082
3407,8150,1.4073796272277832,1.0201594829559326,0.9162085056304932,1.780934453010559
3407,8160,1.5046391487121582,0.9707732796669006,0.9446240067481995,1.8017181158065796
3407,8170,1.282369613647461,0.9264366030693054,0.9182242751121521,1.862892985343933
3407,8180,1.3366390466690063,0.9892339110374451,0.9115611910820007,1.9647997617721558
3407,8190,1.465232014656067,0.8965989351272583,0.9091613292694092,1.7869113683700562
3407,8200,1.4199824333190918,1.0633357763290405,1.0684453248977661,1.8909529447555542
3407,8210,1.345519781112671,0.9371756911277771,0.9131609797477722,1.7970069646835327
3407,8220,1.3320870399475098,0.983830988407135,0.9292362928390503,1.7870354652404785
3407,8230,1.5139715671539307,1.0247259140014648,0.9496782422065735,1.897996187210083
3407,8240,1.3696787357330322,1.019741177558899,1.0129573345184326,1.973464846611023
3407,8250,1.3833985328674316,0.9716386198997498,0.9071493148803711,1.6744756698608398
3407,8260,1.5267759561538696,0.9735961556434631,0.9701780676841736,1.967362880706787
3407,8270,1.5000501871109009,1.0434387922286987,0.9865525960922241,1.9458997249603271
3407,8280,1.3722963333129883,0.9551949501037598,0.9164478182792664,1.957370638847351
3407,8290,1.4052238464355469,0.9630025625228882,0.8652914762496948,1.7383124828338623
3407,8300,1.4977593421936035,0.9794359803199768,0.9612718224525452,1.7512078285217285
3407,8310,1.648064136505127,1.0488861799240112,1.0032275915145874,1.8936659097671509
3407,8320,1.3413761854171753,1.0087171792984009,0.9381318092346191,1.789562702178955
3407,8330,1.3759400844573975,0.9249477982521057,0.9313068389892578,2.0238704681396484
3407,8340,1.2432917356491089,1.0168811082839966,0.946232795715332,1.8659600019454956
3407,8350,1.200104832649231,0.9321727156639099,0.8995918035507202,1.6512577533721924
3407,8360,1.4519881010055542,0.9438254833221436,0.9507840871810913,1.8032221794128418
3407,8370,1.2954990863800049,1.0077954530715942,0.9759150743484497,2.085658073425293
3407,8380,1.5870373249053955,1.0572783946990967,0.9909149408340454,1.9876629114151
3407,8390,1.507649302482605,0.994753897190094,0.9644494652748108,1.7966282367706299
3407,8400,1.5007286071777344,1.0991030931472778,0.937021017074585,2.0092289447784424
3407,8410,1.4341586828231812,0.9416399598121643,0.9715021252632141,1.8778254985809326
3407,8420,1.3296974897384644,0.9376663565635681,0.9013485908508301,1.9286439418792725
3407,8430,1.3186243772506714,1.0297551155090332,0.9470447301864624,2.0100724697113037
3407,8440,1.6810134649276733,1.1136895418167114,0.9855300188064575,2.0846669673919678
3407,8450,1.3877596855163574,0.9370430707931519,0.9647036790847778,1.7374852895736694
3407,8460,1.5876727104187012,0.9633581042289734,1.0137598514556885,1.8385951519012451
3407,8470,1.5600959062576294,1.0001345872879028,0.9575182795524597,1.9109361171722412
3407,8480,1.534104824066162,0.9490587711334229,0.9169206619262695,1.9488518238067627
3407,8490,1.4439656734466553,0.9703370332717896,0.9746417999267578,1.8690264225006104
3407,8500,1.5334173440933228,1.014687418937683,0.9622688293457031,1.8090882301330566
3407,8510,1.22613525390625,0.9133812189102173,0.9590027928352356,1.7597334384918213
3407,8520,1.397153377532959,0.9795666337013245,0.9285881519317627,1.9868234395980835
3407,8530,1.5648760795593262,1.0833170413970947,1.0219370126724243,2.000422716140747
3407,8540,1.2609308958053589,0.9036099910736084,0.8948976993560791,1.640955924987793
3407,8550,1.44839608669281,0.9606913328170776,0.9089038372039795,1.7634378671646118
3407,8560,1.4393737316131592,0.9951417446136475,0.9840933084487915,1.8386046886444092
3407,8570,1.3651671409606934,0.9594168066978455,0.9742103815078735,1.9036511182785034
3407,8580,1.3077398538589478,0.985279381275177,0.9492292404174805,1.921444296836853
3407,8590,1.4562709331512451,0.9392082691192627,0.9175178408622742,1.7393935918807983
3407,8600,1.4959617853164673,1.0677340030670166,0.9380574226379395,1.8494740724563599
3407,8610,1.3494925498962402,0.9753561019897461,0.9420880675315857,1.8148568868637085
3407,8620,1.432739496231079,0.941275417804718,0.9535459280014038,1.7348229885101318
3407,8630,1.3569260835647583,0.8748850226402283,0.8897935152053833,1.5904123783111572
3407,8640,1.3501012325286865,0.9454934000968933,0.9432623982429504,1.8437042236328125
3407,8650,1.4137393236160278,1.0547209978103638,0.9351813197135925,1.885467767715454
3407,8660,1.4174156188964844,0.9404522776603699,0.9487538933753967,1.7182657718658447
3407,8670,1.466057300567627,1.009535789489746,0.9900396466255188,1.932897686958313
3407,8680,1.0615214109420776,0.8467463850975037,0.8305506706237793,1.7068508863449097
3407,8690,1.251593828201294,0.9430813789367676,0.9177777767181396,1.6963049173355103
3407,8700,1.402462363243103,0.9140067100524902,0.9302266240119934,1.817847728729248
3407,8710,1.2856090068817139,0.9617740511894226,0.990310549736023,2.038599729537964
3407,8720,1.2428821325302124,0.9420989155769348,0.9459698796272278,1.919205904006958
3407,8730,1.2288293838500977,0.9304004311561584,0.9183786511421204,1.9541068077087402
3407,8740,1.5331215858459473,0.9766064882278442,0.9850746393203735,1.792900562286377
3407,8750,1.2950459718704224,0.973465085029602,0.9518116116523743,1.8374719619750977
3407,8760,1.5277209281921387,0.9889265894889832,0.9553727507591248,1.7491987943649292
3407,8770,1.4822900295257568,1.0762138366699219,0.9713658094406128,2.015795946121216
3407,8780,1.5304828882217407,1.0745043754577637,0.888400673866272,1.9878032207489014
3407,8790,1.2847177982330322,0.9117532968521118,0.9542167782783508,1.8847712278366089
3407,8800,1.3568923473358154,0.9534050226211548,0.9473442435264587,1.794893503189087
3407,8810,1.5539333820343018,1.0618712902069092,1.0133966207504272,2.083590507507324
3407,8820,1.3095027208328247,0.9869194030761719,0.908596932888031,1.7901463508605957
3407,8830,1.5797065496444702,1.0073740482330322,0.9490532875061035,1.9002439975738525
3407,8840,1.4862912893295288,1.00619637966156,1.027201771736145,1.9185415506362915
3407,8850,1.260822057723999,0.8969769477844238,0.8542762994766235,1.6593856811523438
3407,8860,1.4390653371810913,1.011328101158142,0.9299746751785278,1.9241485595703125
3407,8870,1.2432365417480469,0.8832874894142151,0.8442527651786804,1.6041706800460815
3407,8880,1.39030122756958,0.9471599459648132,0.9401493668556213,1.7597557306289673
3407,8890,1.4407527446746826,0.9591510891914368,0.9668154120445251,1.7829885482788086
3407,8900,1.3129936456680298,0.9016466736793518,0.8908590078353882,1.679254412651062
3407,8910,1.489598035812378,1.07044517993927,1.0043905973434448,1.9447721242904663
3407,8920,1.442938208580017,0.9940175414085388,0.9722244739532471,1.7913167476654053
3407,8930,1.6337645053863525,1.0759027004241943,0.8621034622192383,1.7697765827178955
3407,8940,1.3749622106552124,0.9115118384361267,0.9257460236549377,1.8245205879211426
3407,8950,1.2814525365829468,0.9563862085342407,0.917766273021698,1.6610511541366577
3407,8960,1.4440243244171143,1.1176692247390747,0.9657492637634277,2.010394811630249
3407,8970,1.4378304481506348,1.0076043605804443,0.9281416535377502,1.9588077068328857
3407,8980,1.4092954397201538,0.958673894405365,0.9480752944946289,1.8755799531936646
3407,8990,1.322129726409912,0.9058396816253662,0.9328487515449524,1.6345893144607544
3407,9000,1.2091412544250488,0.9382950663566589,0.8851631879806519,1.7351603507995605
3407,9010,1.50717294216156,0.9307652711868286,0.9536469578742981,1.7541987895965576
3407,9020,1.2965664863586426,1.0345481634140015,1.0030499696731567,1.8437023162841797
3407,9030,1.6477311849594116,0.9938677549362183,0.9936748743057251,1.820359706878662
3407,9040,1.36109459400177,0.9979766607284546,0.9475157856941223,1.9894161224365234
3407,9050,1.4141632318496704,1.0045497417449951,0.9530680179595947,1.8433886766433716
3407,9060,1.363817572593689,1.0368887186050415,0.9662437438964844,1.9736675024032593
3407,9070,1.3107824325561523,0.8984435200691223,0.9168456196784973,1.773173213005066
3407,9080,1.4137656688690186,0.908499538898468,0.9146381616592407,1.7386318445205688
3407,9090,1.3424237966537476,0.9363997578620911,0.9344004988670349,1.6850165128707886
3407,9100,1.3956986665725708,0.9844982624053955,0.9432675242424011,1.7519454956054688
3407,9110,1.3920683860778809,1.0084863901138306,0.953099250793457,1.8995540142059326
3407,9120,1.3427209854125977,0.9441916942596436,0.9609791040420532,1.8220690488815308
3407,9130,1.5865286588668823,0.9472910165786743,0.9129278063774109,1.7442179918289185
3407,9140,1.3956981897354126,0.9922158122062683,0.9885938167572021,2.050565481185913
3407,9150,1.3479697704315186,0.9415655732154846,0.9009284377098083,1.6649681329727173
3407,9160,1.3265717029571533,0.9298080801963806,0.8941819071769714,1.8842206001281738
3407,9170,1.402990460395813,1.0175371170043945,0.916353702545166,1.9080681800842285
3407,9180,1.5262330770492554,0.9878047704696655,0.9713382720947266,1.77117121219635
3407,9190,1.4155296087265015,0.9952133297920227,0.9545275568962097,1.946501612663269
3407,9200,1.4648241996765137,0.9679546356201172,0.942021369934082,1.9394694566726685
3407,9210,1.3844916820526123,1.0040802955627441,0.9375787973403931,1.9045450687408447
3407,9220,1.4586657285690308,1.0299186706542969,0.9440832138061523,1.960686206817627
3407,9230,1.5016518831253052,1.076508641242981,0.9500165581703186,2.1928865909576416
3407,9240,1.5356807708740234,1.0131080150604248,0.971783459186554,1.8474409580230713
3407,9250,1.6266783475875854,1.0464446544647217,0.9500758051872253,1.9037965536117554
3407,9260,1.5230597257614136,0.9892721176147461,0.9332374930381775,1.8140789270401
3407,9270,1.5200315713882446,1.0577911138534546,0.9678348898887634,1.9165104627609253
3407,9280,1.5395947694778442,1.0233893394470215,0.9682302474975586,1.8426892757415771
3407,9290,1.3763272762298584,0.9944571852684021,0.9663956165313721,1.7659573554992676
3407,9300,1.4784300327301025,0.944379448890686,0.9258272647857666,1.8498553037643433
3407,9310,1.5716253519058228,0.9841166138648987,0.9603144526481628,1.8306618928909302
3407,9320,1.629104495048523,0.9869580864906311,0.9706763029098511,1.8417104482650757
3407,9330,1.470658540725708,0.9589499831199646,0.996225118637085,1.8324486017227173
3407,9340,1.37223219871521,1.0347445011138916,0.9778029918670654,1.8715780973434448
3407,9350,1.6417577266693115,1.0666331052780151,1.0432747602462769,2.1311187744140625
3407,9360,1.4101741313934326,0.9675616025924683,0.9260454773902893,1.8401309251785278
3407,9370,1.5306577682495117,1.0155611038208008,0.9260953068733215,1.8762372732162476
3407,9380,1.4946928024291992,1.0417596101760864,0.9509475231170654,1.863839030265808
3407,9390,1.3437721729278564,0.951524019241333,0.9881149530410767,1.972756266593933
3407,9400,1.378612995147705,0.9780040979385376,0.9159348011016846,1.8447871208190918
3407,9410,1.4811890125274658,1.0145703554153442,1.0209407806396484,1.949931025505066
3407,9420,1.4921340942382812,1.0598537921905518,0.9647339582443237,1.8495320081710815
3407,9430,1.4026498794555664,0.9803478121757507,0.9205087423324585,1.858374834060669
3407,9440,1.430510401725769,1.0517470836639404,0.9468525648117065,1.9282569885253906
3407,9450,1.262441873550415,0.9748814105987549,0.9320469498634338,1.905825138092041
3407,9460,1.448314905166626,0.9603267312049866,0.9568883180618286,1.8804858922958374
3407,9470,1.446668267250061,0.9420301914215088,0.9478440880775452,1.7266684770584106
3407,9480,1.4942337274551392,0.9732186794281006,0.975775957107544,1.8191473484039307
3407,9490,1.5273079872131348,1.131050944328308,1.0351296663284302,1.964591145515442
3407,9500,1.378893494606018,1.0516457557678223,0.9694849252700806,1.937002420425415
3407,9510,1.312706708908081,0.9104741811752319,0.8924676179885864,1.6249072551727295
3407,9520,1.311588168144226,1.0222870111465454,0.9343004822731018,1.8687629699707031
3407,9530,1.3250426054000854,0.9742913246154785,0.9599769711494446,1.8009657859802246
3407,9540,1.47902250289917,0.9329468011856079,0.9181278944015503,1.768811821937561
3407,9550,1.3267204761505127,0.9738517999649048,0.9738265872001648,1.8002921342849731
3407,9560,1.4478610754013062,1.0824229717254639,0.9561444520950317,1.7679322957992554
3407,9570,1.5413347482681274,1.0917892456054688,1.0850163698196411,2.168621301651001
3407,9580,1.2992918491363525,0.9380823373794556,0.8845627903938293,1.7801343202590942
3407,9590,1.483366847038269,0.9995068311691284,0.9453479647636414,1.9676522016525269
3407,9600,1.2631382942199707,0.9792311787605286,0.9709039330482483,1.7273916006088257
3407,9610,1.4560546875,0.9613344669342041,0.9287530779838562,1.7328070402145386
3407,9620,1.4155250787734985,0.8966258764266968,0.948034942150116,1.7010420560836792
3407,9630,1.322376012802124,0.98282390832901,0.9012249112129211,1.7012324333190918
3407,9640,1.5137410163879395,0.9579068422317505,0.9568996429443359,1.719747543334961
3407,9650,1.3209960460662842,0.9676835536956787,0.8978332877159119,1.811475157737732
3407,9660,1.545481562614441,1.0141092538833618,0.9644256830215454,1.7063462734222412
3407,9670,1.4932421445846558,0.9677556753158569,0.9421185851097107,1.724857211112976
3407,9680,1.5916332006454468,1.0475751161575317,0.9103097319602966,1.8336760997772217
3407,9690,1.5265522003173828,1.0481631755828857,0.9828866124153137,2.0899810791015625
3407,9700,1.396620273590088,0.9685189127922058,0.927582859992981,1.7880326509475708
3407,9710,1.325343370437622,0.9551609754562378,0.9255033135414124,1.8689361810684204
3407,9720,1.3443354368209839,0.9676997065544128,0.9492217302322388,1.9277204275131226
3407,9730,1.5080629587173462,0.9750340580940247,0.9352568984031677,1.82002854347229
3407,9740,1.4097630977630615,0.9314486384391785,0.9920482039451599,1.838702917098999
3407,9750,1.3505206108093262,0.9450918436050415,0.9614015817642212,1.8758726119995117
3407,9760,1.490280032157898,0.9663370251655579,0.9364368319511414,1.8675156831741333
3407,9770,1.6022111177444458,0.9915568828582764,0.9571207761764526,1.8663702011108398
3407,9780,1.4476454257965088,0.9509937763214111,0.9144700169563293,1.790297031402588
3407,9790,1.4252114295959473,1.0542370080947876,1.0092322826385498,1.988186240196228
3407,9800,1.4556983709335327,1.0503289699554443,1.027199625968933,2.036982774734497
3407,9810,1.4105783700942993,1.023207664489746,1.007767915725708,1.9201254844665527
3407,9820,1.5680214166641235,1.0089271068572998,0.9758883118629456,1.9438023567199707
3407,9830,1.4373165369033813,1.0104731321334839,0.9667118787765503,2.078774929046631
3407,9840,1.4155834913253784,1.0766748189926147,1.021766185760498,1.9569729566574097
3407,9850,1.301445722579956,0.9713793396949768,0.9810158014297485,1.802392840385437
3407,9860,1.3730103969573975,0.9306498169898987,0.8758096098899841,1.7294288873672485
3407,9870,1.3788968324661255,1.0667638778686523,0.9354559779167175,2.1066946983337402
3407,9880,1.4574450254440308,0.976254940032959,0.9970831274986267,1.8647618293762207
3407,9890,1.405107021331787,0.9415046572685242,0.9279367327690125,1.7309421300888062
3407,9900,1.4765170812606812,0.8780199289321899,0.9240221381187439,1.755584955215454
3407,9910,1.2706997394561768,0.9047285318374634,0.9393522143363953,1.743980050086975
3407,9920,1.1627919673919678,0.906533420085907,0.897210955619812,1.731463074684143
3407,9930,1.476153016090393,1.0815978050231934,1.0161195993423462,2.124281406402588
3407,9940,1.3888018131256104,1.0119515657424927,0.9482665657997131,1.942765474319458
3407,9950,1.4312918186187744,0.9874563217163086,0.9788286685943604,1.8767176866531372
3407,9960,1.4622336626052856,0.9472497701644897,0.9364664554595947,1.7288517951965332
3407,9970,1.5601152181625366,1.0490232706069946,1.0564250946044922,1.98929762840271
3407,9980,1.5766698122024536,1.0210717916488647,0.9893594980239868,1.971387267112732
3407,9990,1.4891409873962402,1.0007514953613281,0.9746367931365967,1.8870576620101929
3407,10000,1.3999813795089722,0.9809855818748474,0.9556360244750977,1.8733165264129639
4517,10,0.9698522090911865,0.9769676923751831,1.0260676145553589,0.9417676329612732
4517,20,0.9946426153182983,0.9877552390098572,0.9840414524078369,1.0058622360229492
4517,30,1.0281791687011719,1.0539376735687256,0.9676540493965149,0.9705213904380798
4517,40,1.020849347114563,1.1175657510757446,1.0549596548080444,0.9983210563659668
4517,50,1.0790789127349854,1.175857424736023,1.0216506719589233,1.0688908100128174
4517,60,1.0642430782318115,1.2081756591796875,0.9721859097480774,1.1240959167480469
4517,70,1.0053391456604004,1.1995668411254883,0.9868524074554443,1.0909135341644287
4517,80,1.0282471179962158,1.071242094039917,0.9611841440200806,1.0160237550735474
4517,90,1.106810450553894,1.012562870979309,0.8651189208030701,1.0839558839797974
4517,100,1.0740793943405151,0.9871585965156555,0.8360244035720825,1.151198387145996
4517,110,1.1189522743225098,0.9446589350700378,0.7370577454566956,1.0812740325927734
4517,120,1.1778627634048462,0.9331580996513367,0.624738335609436,1.040504813194275
4517,130,1.2385836839675903,0.8263112902641296,0.7637935876846313,1.1310480833053589
4517,140,1.1789463758468628,0.8930415511131287,0.8040374517440796,1.0926520824432373
4517,150,1.0653996467590332,0.8346031904220581,0.7826414704322815,0.9358291625976562
4517,160,0.9912796020507812,0.7280561923980713,0.6568207740783691,0.7714973092079163
4517,170,0.9558847546577454,0.6624956130981445,0.5776519179344177,0.6667835116386414
4517,180,0.9735386967658997,0.6941148042678833,0.6413617134094238,0.6258456707000732
4517,190,1.1210460662841797,0.6753743886947632,0.7300880551338196,0.6687599420547485
4517,200,0.8519629240036011,0.6472209095954895,0.6582375168800354,0.6235794425010681
4517,210,1.068508505821228,0.6710168719291687,0.7007824182510376,0.6970006823539734
4517,220,0.9942739605903625,0.6351683139801025,0.6768231987953186,0.669995129108429
4517,230,1.1452760696411133,0.7116957306861877,0.7315012812614441,0.7166332602500916
4517,240,1.0007753372192383,0.6560429334640503,0.6375436782836914,0.6847172379493713
4517,250,1.0755034685134888,0.6648282408714294,0.6747101545333862,0.714669942855835
4517,260,0.8984216451644897,0.5994760990142822,0.6316576600074768,0.6874301433563232
4517,270,0.9842885732650757,0.6170015931129456,0.6129483580589294,0.6917499303817749
4517,280,0.9294520020484924,0.5819216966629028,0.5939120054244995,0.6893625259399414
4517,290,0.9366351962089539,0.610892653465271,0.6081297993659973,0.7123939990997314
4517,300,1.0247950553894043,0.670829176902771,0.592539370059967,0.6984322667121887
4517,310,0.9369175434112549,0.6326751708984375,0.6004458665847778,0.693359375
4517,320,0.9171091914176941,0.6014285683631897,0.5914067625999451,0.6789563894271851
4517,330,1.0033572912216187,0.6999289393424988,0.5971707105636597,0.7328022122383118
4517,340,0.9009649157524109,0.5943227410316467,0.5908904075622559,0.6870527267456055
4517,350,1.0392179489135742,0.6512913703918457,0.6119460463523865,0.6906737089157104
4517,360,0.9546480774879456,0.6358001828193665,0.5795143842697144,0.6592021584510803
4517,370,0.9450481534004211,0.6127690672874451,0.5594676733016968,0.6956710815429688
4517,380,0.9573259353637695,0.6407554149627686,0.6251171231269836,0.7000359296798706
4517,390,0.9689450263977051,0.6731482744216919,0.6007822155952454,0.6843940615653992
4517,400,0.9726362824440002,0.6338254809379578,0.5807155966758728,0.6476351022720337
4517,410,1.0334354639053345,0.6461930274963379,0.6110670566558838,0.6580747961997986
4517,420,0.9611879587173462,0.5993953943252563,0.5489599704742432,0.622162938117981
4517,430,0.9964869618415833,0.639212965965271,0.5829539895057678,0.6752951145172119
4517,440,1.0319797992706299,0.6888613700866699,0.6157576441764832,0.722140908241272
4517,450,1.0058926343917847,0.6510802507400513,0.5585669875144958,0.6509255170822144
4517,460,0.8955819010734558,0.6063846349716187,0.5505241751670837,0.668443500995636
4517,470,0.9534491896629333,0.6222519874572754,0.547454297542572,0.6873682141304016
4517,480,0.9541577100753784,0.5978461503982544,0.559363603591919,0.6486866474151611
4517,490,1.021859049797058,0.6531575322151184,0.6080875396728516,0.6908624768257141
4517,500,1.0098563432693481,0.6269630789756775,0.5728925466537476,0.6674460768699646
4517,510,1.0356805324554443,0.6493083834648132,0.5877063870429993,0.7186230421066284
4517,520,0.9720802307128906,0.6453139781951904,0.5653529763221741,0.717878520488739
4517,530,0.971342921257019,0.6259315609931946,0.5747526288032532,0.6798421740531921
4517,540,0.9861301779747009,0.6430978178977966,0.5552114844322205,0.6878735423088074
4517,550,0.9706007242202759,0.5974695682525635,0.5618056654930115,0.7092076539993286
4517,560,0.9637924432754517,0.6271047592163086,0.5798293948173523,0.7558745741844177
4517,570,0.9960083365440369,0.6389408111572266,0.5724696516990662,0.7531538009643555
4517,580,0.9509111046791077,0.6563131809234619,0.5531498193740845,0.7507537603378296
4517,590,1.0613685846328735,0.6396397352218628,0.5654345154762268,0.7507328391075134
4517,600,0.9350023865699768,0.5996228456497192,0.5781513452529907,0.7700083255767822
4517,610,0.9974760413169861,0.6175867319107056,0.5958742499351501,0.7531741261482239
4517,620,1.1147910356521606,0.6622944474220276,0.651209831237793,0.8030827045440674
4517,630,0.9456148147583008,0.5989097952842712,0.5365116000175476,0.7431710362434387
4517,640,1.0795581340789795,0.5975122451782227,0.5582892894744873,0.7177416682243347
4517,650,0.9777408838272095,0.6375677585601807,0.5427894592285156,0.8225107192993164
4517,660,1.0696392059326172,0.619573175907135,0.577628493309021,0.7186484932899475
4517,670,0.9825751781463623,0.6338209509849548,0.5755543112754822,0.7894162535667419
4517,680,1.1436512470245361,0.6585869193077087,0.6585276126861572,0.857254147529602
4517,690,1.0824419260025024,0.6246271133422852,0.5563316941261292,0.7688112854957581
4517,700,1.0069178342819214,0.6279425621032715,0.5627629160881042,0.8253577351570129
4517,710,1.1087645292282104,0.6354939341545105,0.5981237888336182,0.8049649596214294
4517,720,1.1081855297088623,0.6767728328704834,0.5936628580093384,0.8560460805892944
4517,730,1.0536508560180664,0.613571047782898,0.51827073097229,0.8049826622009277
4517,740,1.0918329954147339,0.6166031360626221,0.6067217588424683,0.8091851472854614
4517,750,1.0983452796936035,0.6391322612762451,0.5656813383102417,0.7967071533203125
4517,760,1.0841926336288452,0.6137005686759949,0.5678525567054749,0.7774943709373474
4517,770,1.0744476318359375,0.6411070227622986,0.5879707336425781,0.8664684891700745
4517,780,1.1488056182861328,0.6129278540611267,0.6113297343254089,0.8393380045890808
4517,790,1.139465093612671,0.6454134583473206,0.6131404042243958,0.8820990324020386
4517,800,1.1008974313735962,0.607431173324585,0.5595148801803589,0.8315795660018921
4517,810,1.0798770189285278,0.6424557566642761,0.6131750345230103,0.8612669110298157
4517,820,1.1060523986816406,0.6508569121360779,0.6060557961463928,0.885993480682373
4517,830,1.1618461608886719,0.6951097846031189,0.6554057598114014,0.908566951751709
4517,840,1.0851002931594849,0.64357590675354,0.611737072467804,0.8975660800933838
4517,850,1.0185949802398682,0.6727138161659241,0.5884761214256287,0.9417799115180969
4517,860,1.0698189735412598,0.6627055406570435,0.5719660520553589,0.8934486508369446
4517,870,1.0792300701141357,0.6625057458877563,0.6061477661132812,0.9175676107406616
4517,880,1.035456657409668,0.6780331134796143,0.5700838565826416,0.9407756924629211
4517,890,1.1672228574752808,0.6739212870597839,0.5934348702430725,0.8173111081123352
4517,900,1.0758082866668701,0.6909286975860596,0.5841690301895142,0.9172750115394592
4517,910,1.1675547361373901,0.6235588788986206,0.5837125182151794,0.9397356510162354
4517,920,1.1176915168762207,0.614206850528717,0.5695955753326416,0.8863053321838379
4517,930,1.115244746208191,0.6337495446205139,0.610990583896637,0.9467751383781433
4517,940,1.0838624238967896,0.6740022897720337,0.5821873545646667,0.9088563323020935
4517,950,1.0441792011260986,0.634675145149231,0.5441749691963196,0.9253050684928894
4517,960,1.1370837688446045,0.6569023132324219,0.6075866222381592,0.9127590656280518
4517,970,1.1375271081924438,0.6952693462371826,0.60307377576828,1.0086863040924072
4517,980,1.2139644622802734,0.6761503219604492,0.6308807730674744,0.9991118311882019
4517,990,1.0661121606826782,0.6578502058982849,0.6257264614105225,0.9978982210159302
4517,1000,1.1754571199417114,0.6646388173103333,0.6154789328575134,1.0199453830718994
4517,1010,1.0910242795944214,0.5831555724143982,0.605505645275116,0.8758495450019836
4517,1020,1.122138261795044,0.7217208743095398,0.6370043158531189,1.0722798109054565
4517,1030,1.0573432445526123,0.6906020045280457,0.5601166486740112,0.9714274406433105
4517,1040,1.154790997505188,0.6861530542373657,0.6349561214447021,0.9864240884780884
4517,1050,1.2334567308425903,0.7008020281791687,0.6445037126541138,1.073207974433899
4517,1060,1.0991452932357788,0.6859197616577148,0.5960419774055481,0.9880733489990234
4517,1070,1.1859829425811768,0.7258293032646179,0.6719343066215515,1.0926401615142822
4517,1080,1.2236747741699219,0.7573917508125305,0.6715246438980103,1.0604584217071533
4517,1090,1.1200597286224365,0.679312527179718,0.6454948782920837,1.0335955619812012
4517,1100,1.165927529335022,0.6796635389328003,0.6811871528625488,1.0169674158096313
4517,1110,1.1101820468902588,0.6728203296661377,0.6148900985717773,1.0059226751327515
4517,1120,1.0747867822647095,0.6862652897834778,0.6198005080223083,1.0003552436828613
4517,1130,1.1421456336975098,0.6514167189598083,0.6311345100402832,0.9250278472900391
4517,1140,1.1186243295669556,0.6731020212173462,0.657646119594574,1.0676028728485107
4517,1150,1.0565589666366577,0.6688920259475708,0.6332495808601379,1.006778359413147
4517,1160,1.146072506904602,0.6604562401771545,0.622417688369751,1.0144516229629517
4517,1170,1.2016348838806152,0.7097339034080505,0.6316908597946167,1.0960774421691895
4517,1180,1.2550926208496094,0.7336587309837341,0.6527467966079712,1.0563998222351074
4517,1190,1.035095453262329,0.6775495409965515,0.609947919845581,1.0673091411590576
4517,1200,1.274176001548767,0.7096256613731384,0.6573864817619324,1.0429290533065796
4517,1210,1.151736855506897,0.6945436596870422,0.6599212288856506,1.0652790069580078
4517,1220,1.1513265371322632,0.7607240080833435,0.6483739018440247,1.108280062675476
4517,1230,1.14763605594635,0.6555173993110657,0.6863343715667725,0.9509897232055664
4517,1240,1.1692273616790771,0.6584450006484985,0.6434730887413025,0.8788674473762512
4517,1250,1.1914000511169434,0.7067569494247437,0.6914421319961548,1.0992006063461304
4517,1260,1.0445935726165771,0.7461615204811096,0.616112470626831,1.2047432661056519
4517,1270,1.1162763833999634,0.7114575505256653,0.6473264694213867,1.1677848100662231
4517,1280,1.1144288778305054,0.7050641179084778,0.6357463002204895,1.068076729774475
4517,1290,1.1395624876022339,0.7472637295722961,0.6880813837051392,1.1470017433166504
4517,1300,1.1667813062667847,0.7537723183631897,0.652435302734375,1.1866905689239502
4517,1310,1.115090250968933,0.7347864508628845,0.6734362840652466,1.153241515159607
4517,1320,1.1181514263153076,0.7253419160842896,0.643513560295105,1.132245659828186
4517,1330,1.2186199426651,0.7822259068489075,0.6732825636863708,1.060038685798645
4517,1340,1.0712206363677979,0.6922661662101746,0.6815809011459351,1.2749015092849731
4517,1350,1.1232138872146606,0.7200623154640198,0.6506839394569397,1.1199150085449219
4517,1360,1.2650654315948486,0.787682831287384,0.7589370608329773,1.1595573425292969
4517,1370,1.0818126201629639,0.8088754415512085,0.7173827290534973,1.1860452890396118
4517,1380,1.1624027490615845,0.7729165554046631,0.6945958733558655,1.1033132076263428
4517,1390,1.1607022285461426,0.7785382270812988,0.7283275127410889,1.1802077293395996
4517,1400,1.2347160577774048,0.787846028804779,0.7166649699211121,1.316254734992981
4517,1410,1.301894187927246,0.8562724590301514,0.7108376026153564,1.1698174476623535
4517,1420,1.1131279468536377,0.7324370741844177,0.6781954169273376,1.1147353649139404
4517,1430,1.183444857597351,0.7628799080848694,0.6507079601287842,1.0702320337295532
4517,1440,1.1504762172698975,0.7701972126960754,0.6928163170814514,1.110293984413147
4517,1450,1.208134412765503,0.8115127682685852,0.6957958340644836,1.1782360076904297
4517,1460,1.2095917463302612,0.8307355642318726,0.7032830119132996,1.1195067167282104
4517,1470,1.2586500644683838,0.7849394679069519,0.7294308543205261,1.1118121147155762
4517,1480,1.2055189609527588,0.7783077955245972,0.7109642028808594,1.154928207397461
4517,1490,1.2155407667160034,0.7737472057342529,0.782482385635376,1.1920264959335327
4517,1500,1.2182633876800537,0.8174057602882385,0.6570342779159546,1.0751765966415405
4517,1510,1.129339575767517,0.830783486366272,0.6840795278549194,1.1566630601882935
4517,1520,1.088956594467163,0.7816321849822998,0.6558268666267395,1.1152536869049072
4517,1530,1.1652088165283203,0.7714883089065552,0.6415680646896362,1.108086109161377
4517,1540,1.2322124242782593,0.7930617332458496,0.740386426448822,1.2736214399337769
4517,1550,1.190739631652832,0.852235734462738,0.7481911778450012,1.3156003952026367
4517,1560,1.1713011264801025,0.7820742130279541,0.7024980783462524,1.1324509382247925
4517,1570,1.0841147899627686,0.7992917895317078,0.683180034160614,1.0435340404510498
4517,1580,1.3272026777267456,0.8434792160987854,0.8017041087150574,1.1623722314834595
4517,1590,1.148771047592163,0.8321640491485596,0.7281035780906677,1.290513038635254
4517,1600,1.1887898445129395,0.7869877219200134,0.7527552247047424,1.3123873472213745
4517,1610,1.206682562828064,0.8256240487098694,0.7044251561164856,1.3432633876800537
4517,1620,1.2070467472076416,0.8328479528427124,0.702164351940155,1.0556056499481201
4517,1630,1.1270313262939453,0.76014643907547,0.6848716139793396,1.1856629848480225
4517,1640,1.1742537021636963,0.9121003746986389,0.7394735217094421,1.3293581008911133
4517,1650,1.2157543897628784,0.8518051505088806,0.726447582244873,1.246239185333252
4517,1660,1.07285737991333,0.8540065288543701,0.7120830416679382,1.2704039812088013
4517,1670,1.1296690702438354,0.8259980082511902,0.6843396425247192,1.2648379802703857
4517,1680,1.1989327669143677,0.8711610436439514,0.7378325462341309,1.316001296043396
4517,1690,1.0856887102127075,0.8021747469902039,0.734650731086731,1.2721697092056274
4517,1700,1.1448369026184082,0.8014317154884338,0.7235742211341858,1.2113025188446045
4517,1710,1.2136634588241577,0.909856915473938,0.766512393951416,1.4225146770477295
4517,1720,1.188408613204956,0.8415297269821167,0.7080463767051697,1.3267728090286255
4517,1730,1.1219189167022705,0.87396639585495,0.7492188811302185,1.3714350461959839
4517,1740,1.1524419784545898,0.8308406472206116,0.7008775472640991,1.2834752798080444
4517,1750,1.2538836002349854,0.8818622827529907,0.7773619294166565,1.463132619857788
4517,1760,1.123316764831543,0.8075704574584961,0.7346082329750061,1.303470492362976
4517,1770,1.1691811084747314,0.8112888932228088,0.7129582762718201,1.1640722751617432
4517,1780,1.1143168210983276,0.7629650831222534,0.7381924986839294,1.256977915763855
4517,1790,1.1180700063705444,0.8816010355949402,0.6646925210952759,1.2394473552703857
4517,1800,1.1828409433364868,0.8301254510879517,0.7416890263557434,1.3636363744735718
4517,1810,1.1131870746612549,0.786114513874054,0.7147108912467957,1.1617748737335205
4517,1820,1.2077134847640991,0.8292605876922607,0.7443284392356873,1.2862497568130493
4517,1830,1.2298157215118408,0.7792328000068665,0.7955112457275391,1.3146225214004517
4517,1840,1.1657721996307373,0.8610946536064148,0.7680820226669312,1.3691855669021606
4517,1850,1.248746395111084,0.8153856992721558,0.7423043847084045,1.2772160768508911
4517,1860,1.0590540170669556,0.7857041954994202,0.7036795020103455,1.166899561882019
4517,1870,1.2968547344207764,0.9570972919464111,0.7995178699493408,1.336618423461914
4517,1880,1.1477733850479126,0.9197685122489929,0.8155706524848938,1.361844539642334
4517,1890,1.167412519454956,0.9073014259338379,0.7582352161407471,1.3981269598007202
4517,1900,1.1897295713424683,0.8876556754112244,0.7451697587966919,1.3133544921875
4517,1910,1.1400874853134155,0.8395775556564331,0.7827210426330566,1.5060923099517822
4517,1920,1.2236562967300415,0.8778917789459229,0.7586265206336975,1.3296005725860596
4517,1930,1.2461574077606201,1.0062206983566284,0.7456477284431458,1.3222813606262207
4517,1940,1.1478935480117798,0.9209312200546265,0.7229041457176208,1.5697585344314575
4517,1950,1.1834973096847534,0.8784580230712891,0.7592822313308716,1.07090163230896
4517,1960,1.2632139921188354,0.9242506623268127,0.7914857864379883,1.3354781866073608
4517,1970,1.1313812732696533,0.8896890878677368,0.7356337308883667,1.3097493648529053
4517,1980,1.192294955253601,0.9533175230026245,0.802635908126831,1.413119912147522
4517,1990,1.1914010047912598,0.9629532098770142,0.8619862794876099,1.5049227476119995
4517,2000,1.3198649883270264,0.9981344938278198,0.8125621676445007,1.4676451683044434
4517,2010,1.2665164470672607,0.9238391518592834,0.8681996464729309,1.4703794717788696
4517,2020,1.2521393299102783,0.9325903058052063,0.8160258531570435,1.3579593896865845
4517,2030,1.0781831741333008,0.847368061542511,0.7589514851570129,1.3719459772109985
4517,2040,1.2822539806365967,0.9515924453735352,0.8209734559059143,1.4747095108032227
4517,2050,1.276673674583435,0.9002628922462463,0.7681032419204712,1.425937294960022
4517,2060,1.3062798976898193,0.8574144244194031,0.7695856094360352,1.3145815134048462
4517,2070,1.3076350688934326,0.9602147936820984,0.7893651127815247,1.407309889793396
4517,2080,1.1532927751541138,0.8622418642044067,0.7673040628433228,1.3022058010101318
4517,2090,1.3529804944992065,0.9853315353393555,0.9088165163993835,1.5564520359039307
4517,2100,1.240365743637085,0.8543326258659363,0.7768890857696533,1.2872800827026367
4517,2110,1.3033769130706787,0.9452936053276062,0.810828685760498,1.339674472808838
4517,2120,1.2663946151733398,0.923249363899231,0.7859809398651123,1.3185169696807861
4517,2130,1.1741210222244263,0.8940634727478027,0.7962846755981445,1.4437767267227173
4517,2140,1.32004714012146,0.857111930847168,0.9119206666946411,1.3838242292404175
4517,2150,1.1906405687332153,0.9548065066337585,0.7971118688583374,1.739812970161438
4517,2160,1.3067359924316406,1.0554314851760864,0.7937425971031189,1.3881993293762207
4517,2170,1.3596837520599365,0.9634225368499756,0.883799135684967,1.443804144859314
4517,2180,1.2106143236160278,0.939882755279541,0.7881881594657898,1.4540131092071533
4517,2190,1.1396150588989258,0.8320238590240479,0.778314471244812,1.5809252262115479
4517,2200,1.214656114578247,0.8890735507011414,0.7731247544288635,1.4351338148117065
4517,2210,1.1921943426132202,0.9706234931945801,0.8002398014068604,1.4677146673202515
4517,2220,1.2629655599594116,0.9753934144973755,0.7861186861991882,1.4125996828079224
4517,2230,1.1238468885421753,0.9015095233917236,0.7498322129249573,1.1815659999847412
4517,2240,1.152657151222229,0.9191189408302307,0.7506287693977356,1.4013336896896362
4517,2250,1.2363090515136719,0.9871112108230591,0.8529449701309204,1.4876066446304321
4517,2260,1.23432195186615,0.9131975173950195,0.7747530937194824,1.4394384622573853
4517,2270,1.170182466506958,0.8965970277786255,0.7180269360542297,1.407047986984253
4517,2280,1.2560683488845825,0.9688025712966919,0.7930405735969543,1.5503791570663452
4517,2290,1.1608288288116455,0.9301917552947998,0.727957546710968,1.338824987411499
4517,2300,1.276236891746521,1.0353310108184814,0.8506509065628052,1.5916454792022705
4517,2310,1.4059810638427734,0.9886841773986816,0.8350259065628052,1.41534423828125
4517,2320,1.3298717737197876,1.0205038785934448,0.8332138061523438,1.5211668014526367
4517,2330,1.2931830883026123,0.9581806063652039,0.8071684241294861,1.3832759857177734
4517,2340,1.2616121768951416,0.8946476578712463,0.8233228325843811,1.4799232482910156
4517,2350,1.1974126100540161,0.9770287275314331,0.8269771337509155,1.5689882040023804
4517,2360,1.1850992441177368,1.0195399522781372,0.7812881469726562,1.5290167331695557
4517,2370,1.2363700866699219,0.967918336391449,0.7290302515029907,1.4067312479019165
4517,2380,1.2676050662994385,1.0113509893417358,0.8955471515655518,1.4835295677185059
4517,2390,1.1756086349487305,0.9474807381629944,0.7872825264930725,1.4929234981536865
4517,2400,1.2111222743988037,0.9701065421104431,0.8035585284233093,1.4027512073516846
4517,2410,1.1964389085769653,0.9612929224967957,0.8331688046455383,1.452773928642273
4517,2420,1.227570652961731,0.9602026343345642,0.7951123118400574,1.3354648351669312
4517,2430,1.2475028038024902,0.9625504612922668,0.8209840059280396,1.3950530290603638
4517,2440,1.0977885723114014,0.9873586297035217,0.7963407635688782,1.4819753170013428
4517,2450,1.2389099597930908,1.0031116008758545,0.8235123753547668,1.6205998659133911
4517,2460,1.24860417842865,0.96685791015625,0.8445090651512146,1.4591376781463623
4517,2470,1.3310811519622803,1.0184258222579956,0.8386358022689819,1.4685198068618774
4517,2480,1.3305658102035522,1.0611752271652222,0.9054362773895264,1.6925252676010132
4517,2490,1.286865234375,0.9991664886474609,0.8536094427108765,1.5555591583251953
4517,2500,1.2607961893081665,0.945702075958252,0.8590331077575684,1.4812589883804321
4517,2510,1.183452844619751,0.9750412702560425,0.8231958746910095,1.494409203529358
4517,2520,1.2159429788589478,0.9392484426498413,0.8127659559249878,1.534610390663147
4517,2530,1.1775562763214111,0.9719560146331787,0.7843442559242249,1.4196139574050903
4517,2540,1.2934619188308716,1.0231090784072876,0.9046907424926758,1.6689711809158325
4517,2550,1.1928856372833252,0.9196189045906067,0.7360445857048035,1.361028790473938
4517,2560,1.329200029373169,1.0973522663116455,0.9636478424072266,1.6466119289398193
4517,2570,1.3002797365188599,0.9359951019287109,0.8609451651573181,1.4126498699188232
4517,2580,1.3925089836120605,1.0711530447006226,0.855181097984314,1.526856780052185
4517,2590,1.2926832437515259,1.0260043144226074,0.937950611114502,1.6289348602294922
4517,2600,1.1653755903244019,0.884475588798523,0.8010086417198181,1.3547993898391724
4517,2610,1.2012759447097778,0.9984581470489502,0.8441551327705383,1.6448478698730469
4517,2620,1.2793371677398682,0.9707059264183044,0.9293397665023804,1.6758288145065308
4517,2630,1.2285490036010742,1.0182523727416992,0.8308911323547363,1.5426846742630005
4517,2640,1.286752462387085,0.9863552451133728,0.8975614309310913,1.4719550609588623
4517,2650,1.359704852104187,1.002667784690857,0.8744530081748962,1.5124592781066895
4517,2660,1.2814862728118896,1.0590626001358032,0.872204601764679,1.6459749937057495
4517,2670,1.4029324054718018,0.9471673369407654,0.9052719473838806,1.570251703262329
4517,2680,1.2426966428756714,0.9394789934158325,0.8303220868110657,1.4530138969421387
4517,2690,1.2160608768463135,0.952020525932312,0.8219788670539856,1.4604153633117676
4517,2700,1.326515555381775,1.0244665145874023,0.9495359063148499,1.6252412796020508
4517,2710,1.3541929721832275,1.0809608697891235,0.9237962961196899,1.7457199096679688
4517,2720,1.1635745763778687,0.9006205201148987,0.7468172311782837,1.3878164291381836
4517,2730,1.2085176706314087,1.045218825340271,0.8143995404243469,1.672042727470398
4517,2740,1.3144361972808838,0.9796984195709229,0.8649061322212219,1.5878794193267822
4517,2750,1.3208311796188354,0.9521817564964294,0.8366912007331848,1.4710832834243774
4517,2760,1.2313247919082642,0.992965817451477,0.8192717432975769,1.3984105587005615
4517,2770,1.2845677137374878,1.1204733848571777,0.8965710997581482,1.7964866161346436
4517,2780,1.3189728260040283,0.9799820184707642,0.8603797554969788,1.6597046852111816
4517,2790,1.3339226245880127,1.0138450860977173,0.9510728120803833,1.6624345779418945
4517,2800,1.3371585607528687,0.9349079132080078,0.9280315041542053,1.5068773031234741
4517,2810,1.2085137367248535,1.003933310508728,0.8857903480529785,1.6034350395202637
4517,2820,1.2166563272476196,1.0900770425796509,0.8281641602516174,1.6336472034454346
4517,2830,1.3085575103759766,0.9846304059028625,0.906902551651001,1.5700544118881226
4517,2840,1.3866806030273438,1.1117684841156006,0.9186029434204102,1.67489492893219
4517,2850,1.2720950841903687,1.0409533977508545,0.8575997352600098,1.522863507270813
4517,2860,1.3751192092895508,1.059478998184204,0.8911861181259155,1.669939398765564
4517,2870,1.2769970893859863,1.047088384628296,0.895241916179657,1.684588074684143
4517,2880,1.2610899209976196,1.0560197830200195,0.8980202674865723,1.7523075342178345
4517,2890,1.354475975036621,1.064460277557373,0.8626431226730347,1.7383259534835815
4517,2900,1.2725344896316528,1.0547641515731812,0.8300214409828186,1.5464731454849243
4517,2910,1.3153585195541382,0.9981416463851929,0.8100425601005554,1.4592095613479614
4517,2920,1.299292802810669,1.021652102470398,0.8636599183082581,1.5274466276168823
4517,2930,1.2826439142227173,1.014210820198059,0.8830858469009399,1.7136915922164917
4517,2940,1.2686352729797363,1.0592083930969238,0.8824454545974731,1.6953775882720947
4517,2950,1.3456928730010986,1.1348836421966553,0.9042694568634033,1.7266422510147095
4517,2960,1.26308274269104,0.9872635006904602,0.8211035132408142,1.5678757429122925
4517,2970,1.2750707864761353,0.9608696103096008,0.7981386780738831,1.4364019632339478
4517,2980,1.395235300064087,0.9850179553031921,0.8730111122131348,1.4472531080245972
4517,2990,1.278031826019287,0.9649495482444763,0.8785790205001831,1.635461449623108
4517,3000,1.1976228952407837,0.9376416802406311,0.8275061249732971,1.5280753374099731
4517,3010,1.3385637998580933,1.104526400566101,0.9365552663803101,1.6660000085830688
4517,3020,1.3989372253417969,1.1877806186676025,0.9630787372589111,1.8134527206420898
4517,3030,1.3980506658554077,1.0236248970031738,1.014024019241333,1.6868860721588135
4517,3040,1.2562986612319946,1.078274130821228,0.8394524455070496,1.6237584352493286
4517,3050,1.200350046157837,1.0051718950271606,0.8848012685775757,1.6446906328201294
4517,3060,1.2912336587905884,1.0202112197875977,0.8700063824653625,1.6328333616256714
4517,3070,1.340414047241211,1.0087887048721313,0.9031782150268555,1.581860065460205
4517,3080,1.2914059162139893,0.9817994236946106,0.884614884853363,1.5006829500198364
4517,3090,1.3287734985351562,1.0433506965637207,0.8728026151657104,1.5339651107788086
4517,3100,1.3705801963806152,1.0840857028961182,0.870800256729126,1.537433385848999
4517,3110,1.36527419090271,0.9764285683631897,0.8621439337730408,1.452311396598816
4517,3120,1.3337054252624512,1.0581128597259521,0.8717153668403625,1.6074674129486084
4517,3130,1.3528296947479248,1.0667141675949097,0.9199391603469849,1.609681248664856
4517,3140,1.3348944187164307,1.049707055091858,0.9111006259918213,1.6570956707000732
4517,3150,1.2509469985961914,1.0565354824066162,0.8305023312568665,1.515895962715149
4517,3160,1.3541173934936523,0.9998435378074646,0.8550759553909302,1.5594351291656494
4517,3170,1.4437336921691895,1.17615807056427,1.0261951684951782,1.801774501800537
4517,3180,1.2790257930755615,1.0447707176208496,0.8901745080947876,1.634250521659851
4517,3190,1.3927428722381592,1.0784568786621094,0.8594347834587097,1.5927823781967163
4517,3200,1.3118914365768433,1.056681513786316,0.9782478213310242,1.684757947921753
4517,3210,1.2680333852767944,0.9765703678131104,0.9751072525978088,1.5618038177490234
4517,3220,1.3108731508255005,1.0440884828567505,0.9583475589752197,1.7658424377441406
4517,3230,1.2655445337295532,0.996930718421936,0.8951353430747986,1.651746392250061
4517,3240,1.1992449760437012,1.081520915031433,0.9245936870574951,1.698005199432373
4517,3250,1.4238044023513794,1.1240395307540894,0.9822832942008972,1.7537864446640015
4517,3260,1.259195327758789,1.03452730178833,0.8520783185958862,1.5602830648422241
4517,3270,1.2898048162460327,1.1003564596176147,0.8578011393547058,1.6775765419006348
4517,3280,1.302939534187317,1.0619018077850342,0.9124048352241516,1.66576087474823
4517,3290,1.262587308883667,1.0606848001480103,0.9347265362739563,1.7528388500213623
4517,3300,1.2393670082092285,1.0573800802230835,0.8666092157363892,1.5227512121200562
4517,3310,1.3041818141937256,0.9949589371681213,0.8768101930618286,1.5857335329055786
4517,3320,1.2220247983932495,1.0969523191452026,0.8726248145103455,1.6366987228393555
4517,3330,1.4055287837982178,1.0727874040603638,1.0038836002349854,1.7056266069412231
4517,3340,1.2747207880020142,1.0443480014801025,0.8779306411743164,1.5740879774093628
4517,3350,1.1682212352752686,0.9743486046791077,0.8333708047866821,1.5638715028762817
4517,3360,1.4154722690582275,1.1149591207504272,1.0079654455184937,1.7450066804885864
4517,3370,1.091271996498108,0.9061746597290039,0.8268362283706665,1.4040812253952026
4517,3380,1.2963382005691528,1.2279937267303467,0.8864375352859497,1.6773699522018433
4517,3390,1.3204011917114258,0.9866436719894409,0.8785090446472168,1.5176923274993896
4517,3400,1.1899144649505615,0.9828373193740845,0.814418613910675,1.4581373929977417
4517,3410,1.3451521396636963,1.102681040763855,1.0061856508255005,1.5261929035186768
4517,3420,1.2437530755996704,0.9981918931007385,0.8573132753372192,1.5343270301818848
4517,3430,1.2809103727340698,1.0463203191757202,0.9008799195289612,1.6193345785140991
4517,3440,1.240668773651123,1.0584876537322998,0.8745136260986328,1.5623629093170166
4517,3450,1.4124542474746704,1.0233792066574097,0.9644017219543457,1.5598262548446655
4517,3460,1.3063437938690186,1.0891711711883545,0.9259730577468872,1.5864814519882202
4517,3470,1.2532339096069336,1.017585277557373,0.9174754619598389,1.6377203464508057
4517,3480,1.3179867267608643,0.9989995956420898,0.8827885985374451,1.5726358890533447
4517,3490,1.2990535497665405,1.0412828922271729,0.8808155655860901,1.6204395294189453
4517,3500,1.1313589811325073,1.0010918378829956,0.867734968662262,1.637463927268982
4517,3510,1.2113454341888428,1.0303382873535156,0.924954354763031,1.5756510496139526
4517,3520,1.2488614320755005,0.9955358505249023,0.809152364730835,1.4411259889602661
4517,3530,1.3533437252044678,1.1468937397003174,1.0225439071655273,1.774835467338562
4517,3540,1.2069134712219238,1.0732008218765259,0.8760188221931458,1.5388388633728027
4517,3550,1.2010202407836914,1.0430673360824585,0.8876795172691345,1.6832756996154785
4517,3560,1.3414664268493652,1.1392757892608643,0.9409574270248413,1.6720490455627441
4517,3570,1.350579023361206,1.1024020910263062,0.9966472387313843,1.7104076147079468
4517,3580,1.3068926334381104,1.0590687990188599,0.9283907413482666,1.6228138208389282
4517,3590,1.139402151107788,1.0267865657806396,0.8962679505348206,1.8018972873687744
4517,3600,1.260718584060669,1.0841600894927979,0.837321400642395,1.528352975845337
4517,3610,1.2685149908065796,1.013515830039978,0.922308623790741,1.566693902015686
4517,3620,1.3386907577514648,1.049228549003601,0.8578023910522461,1.5079313516616821
4517,3630,1.1822516918182373,0.9643793106079102,0.8350995779037476,1.5910850763320923
4517,3640,1.3291246891021729,1.09940767288208,0.9432940483093262,1.6312168836593628
4517,3650,1.2846217155456543,1.0863103866577148,0.9637888073921204,1.9350152015686035
4517,3660,1.127640962600708,1.0325965881347656,0.8829129338264465,1.675642967224121
4517,3670,1.1611950397491455,1.0033440589904785,0.8523765802383423,1.661649465560913
4517,3680,1.2737621068954468,1.1340059041976929,1.0419162511825562,2.1036453247070312
4517,3690,1.3639681339263916,1.1387741565704346,0.9553341865539551,1.678802728652954
4517,3700,1.323105812072754,1.053000807762146,1.0845454931259155,1.8162786960601807
4517,3710,1.3100930452346802,1.0984078645706177,0.953453004360199,1.7520761489868164
4517,3720,1.4151158332824707,1.1323753595352173,1.012937068939209,1.841606616973877
4517,3730,1.4097609519958496,1.17039155960083,1.0219236612319946,1.8373628854751587
4517,3740,1.423604130744934,1.1734262704849243,1.0465364456176758,1.691763162612915
4517,3750,1.239593505859375,1.0596528053283691,0.9293224215507507,1.5504409074783325
4517,3760,1.3586480617523193,1.1632099151611328,0.9404562711715698,1.6879589557647705
4517,3770,1.1704992055892944,1.021104097366333,0.8819922804832458,1.7209633588790894
4517,3780,1.2834910154342651,1.0930767059326172,1.006717562675476,1.732863426208496
4517,3790,1.2453476190567017,1.030886173248291,0.8878511786460876,1.6951628923416138
4517,3800,1.224220633506775,1.0330750942230225,0.9297887682914734,1.7485716342926025
4517,3810,1.243726372718811,1.16019606590271,0.9111449122428894,1.623497724533081
4517,3820,1.318387508392334,1.0733659267425537,0.9717143774032593,1.8841389417648315
4517,3830,1.1434882879257202,1.0856029987335205,0.8887423872947693,1.734575867652893
4517,3840,1.4050350189208984,1.187015414237976,0.9973388910293579,1.8754656314849854
4517,3850,1.2074987888336182,1.0733286142349243,0.9189617037773132,1.7315988540649414
4517,3860,1.2094475030899048,0.9594345092773438,0.8585152626037598,1.4553242921829224
4517,3870,1.169238805770874,1.0128370523452759,0.7808773517608643,1.497565507888794
4517,3880,1.216740608215332,1.152753233909607,0.9773498773574829,1.914263367652893
4517,3890,1.312137484550476,1.1525063514709473,1.0152629613876343,1.8374919891357422
4517,3900,1.154586911201477,0.9620290398597717,0.8173831105232239,1.549709439277649
4517,3910,1.3465312719345093,1.172333002090454,0.9926236867904663,1.7929316759109497
4517,3920,1.1759321689605713,0.9603756070137024,0.8621842861175537,1.4717861413955688
4517,3930,1.285193681716919,1.0702964067459106,0.9693930745124817,1.8124996423721313
4517,3940,1.1729143857955933,1.0530263185501099,0.9412543177604675,1.6899408102035522
4517,3950,1.3360803127288818,1.1146304607391357,0.9591060876846313,1.750571608543396
4517,3960,1.546881914138794,1.2873613834381104,1.116512656211853,1.9274349212646484
4517,3970,1.4304691553115845,1.2196080684661865,1.080445647239685,2.0296382904052734
4517,3980,1.385745644569397,1.1378694772720337,0.982693612575531,1.7476521730422974
4517,3990,1.264089584350586,1.1011863946914673,0.9705840945243835,1.6562044620513916
4517,4000,1.2043628692626953,1.0487593412399292,0.9009020924568176,1.6669180393218994
4517,4010,1.311031460762024,1.082558274269104,0.9963703751564026,1.9112541675567627
4517,4020,1.426653504371643,1.1287565231323242,0.9622337222099304,1.7976515293121338
4517,4030,1.4312859773635864,1.100490689277649,1.0167274475097656,1.6212420463562012
4517,4040,1.2777283191680908,1.0489858388900757,0.8889152407646179,1.5332196950912476
4517,4050,1.242028832435608,1.0056675672531128,0.8334181308746338,1.5208842754364014
4517,4060,1.2713329792022705,1.14994478225708,0.9448930621147156,1.7188180685043335
4517,4070,1.3731850385665894,1.115073323249817,0.9921740889549255,1.6719048023223877
4517,4080,1.1831055879592896,0.9670283794403076,0.8871657252311707,1.5100687742233276
4517,4090,1.2699426412582397,1.076070785522461,0.9719250202178955,1.768103837966919
4517,4100,1.302679419517517,1.1056492328643799,1.0166953802108765,1.7936824560165405
4517,4110,1.0859793424606323,1.0321837663650513,0.9314367771148682,1.7367029190063477
4517,4120,1.1797375679016113,1.0605312585830688,0.8680884838104248,1.6033941507339478
4517,4130,1.2679221630096436,1.0295860767364502,0.9374908804893494,1.5901947021484375
4517,4140,1.5182640552520752,1.1261883974075317,1.0332250595092773,1.6855312585830688
4517,4150,1.2925039529800415,1.1452809572219849,1.0242751836776733,1.8831061124801636
4517,4160,1.2471948862075806,1.0459601879119873,0.877567708492279,1.6169394254684448
4517,4170,1.2260981798171997,1.1087392568588257,0.9469967484474182,1.6399930715560913
4517,4180,1.377686858177185,1.218645453453064,1.0820938348770142,1.8309348821640015
4517,4190,1.1905699968338013,0.9902140498161316,0.8220658302307129,1.483949065208435
4517,4200,1.1412619352340698,0.9959364533424377,0.8812546133995056,1.496903657913208
4517,4210,1.3052150011062622,1.0967460870742798,0.9477670788764954,1.7193315029144287
4517,4220,1.2890223264694214,1.1428556442260742,0.9393970966339111,1.8645433187484741
4517,4230,1.2100613117218018,1.0156538486480713,0.9303366541862488,1.6848238706588745
4517,4240,1.3908528089523315,1.0893373489379883,0.9145312309265137,1.5764803886413574
4517,4250,1.2798466682434082,1.1286134719848633,0.9631427526473999,1.7523103952407837
4517,4260,1.4460433721542358,1.2150577306747437,1.1310451030731201,2.0499203205108643
4517,4270,1.2978037595748901,1.0549190044403076,0.9415411949157715,1.655486822128296
4517,4280,1.3740761280059814,1.1811274290084839,1.0727320909500122,1.8962057828903198
4517,4290,1.265136957168579,1.0870239734649658,0.8986067175865173,1.7034858465194702
4517,4300,1.23099684715271,1.1460198163986206,0.9827907681465149,1.851524829864502
4517,4310,1.2772103548049927,1.085730791091919,0.925133466720581,1.6870145797729492
4517,4320,1.238666296005249,1.119551420211792,0.9334046244621277,1.6367335319519043
4517,4330,1.2920801639556885,1.0990735292434692,0.9259687662124634,1.7376803159713745
4517,4340,1.2859909534454346,1.244183897972107,0.9799833297729492,1.7959092855453491
4517,4350,1.1866320371627808,1.011210560798645,0.9458507895469666,1.6540272235870361
4517,4360,1.2073650360107422,1.0887434482574463,0.9633275270462036,1.8192631006240845
4517,4370,1.3022676706314087,1.1552388668060303,0.9490073323249817,1.662476658821106
4517,4380,1.343178153038025,1.1672742366790771,1.0372450351715088,1.8089171648025513
4517,4390,1.2735439538955688,1.181892991065979,1.0090848207473755,1.8496625423431396
4517,4400,1.2434864044189453,1.0449745655059814,0.8869448304176331,1.618041753768921
4517,4410,1.3353132009506226,1.1826728582382202,1.035327434539795,1.8796617984771729
4517,4420,1.2440400123596191,1.2147295475006104,0.9755896329879761,1.9505438804626465
4517,4430,1.3483638763427734,1.2165318727493286,0.9776617288589478,1.8728644847869873
4517,4440,1.2340577840805054,1.0807393789291382,1.0213234424591064,1.8815231323242188
4517,4450,1.3570175170898438,1.0459237098693848,0.9359320402145386,1.690078854560852
4517,4460,1.3167906999588013,1.13158118724823,1.0120333433151245,1.8178956508636475
4517,4470,1.3176666498184204,1.2088865041732788,1.0213043689727783,1.8118661642074585
4517,4480,1.247371792793274,1.1025646924972534,0.9180306196212769,1.77178955078125
4517,4490,1.2295863628387451,1.1467995643615723,0.9486580491065979,1.8336261510849
4517,4500,1.3590480089187622,1.1245015859603882,1.034117341041565,1.831923484802246
4517,4510,1.438320279121399,1.2931931018829346,1.1522910594940186,2.267383098602295
4517,4520,1.178941249847412,0.985974907875061,0.9198896884918213,1.6053271293640137
4517,4530,1.2941079139709473,1.1475107669830322,0.9998999238014221,1.858525037765503
4517,4540,1.3619329929351807,1.238800048828125,1.0130304098129272,1.8959741592407227
4517,4550,1.1940990686416626,1.1595126390457153,0.9746288657188416,1.9268168210983276
4517,4560,1.223081350326538,1.0621964931488037,0.9401171803474426,1.7303012609481812
4517,4570,1.2830368280410767,1.1751060485839844,0.9661545753479004,1.848557949066162
4517,4580,1.153098225593567,1.1329864263534546,0.8792494535446167,1.5978219509124756
4517,4590,1.2576065063476562,1.1454179286956787,1.037215232849121,1.770819067955017
4517,4600,1.1645342111587524,1.0504915714263916,0.9264274835586548,1.6808048486709595
4517,4610,1.2199043035507202,1.0046600103378296,1.0113542079925537,1.749477505683899
4517,4620,1.224454641342163,1.1903599500656128,1.0140873193740845,2.081434965133667
4517,4630,1.1792563199996948,1.0038546323776245,0.8989431262016296,1.5947786569595337
4517,4640,1.375458836555481,1.2401822805404663,1.0153180360794067,1.737635612487793
4517,4650,1.313140869140625,1.0744234323501587,1.0520477294921875,1.724994421005249
4517,4660,1.3829596042633057,1.2136056423187256,1.0132943391799927,1.8745753765106201
4517,4670,1.3342881202697754,1.1137559413909912,1.0231211185455322,1.796649694442749
4517,4680,1.3668255805969238,1.1686872243881226,0.9931859970092773,1.7746365070343018
4517,4690,1.1623680591583252,0.9801841378211975,0.8964118957519531,1.5922441482543945
4517,4700,1.272244930267334,1.1369080543518066,0.9691326022148132,1.8018521070480347
4517,4710,1.1747022867202759,1.0227376222610474,0.9175037145614624,1.7324979305267334
4517,4720,1.2932554483413696,1.1184800863265991,1.043118953704834,1.925873041152954
4517,4730,1.249212622642517,1.1081266403198242,0.993709146976471,1.9200263023376465
4517,4740,1.2180429697036743,1.0617775917053223,0.9769684076309204,1.7664849758148193
4517,4750,1.2073261737823486,1.0646288394927979,0.926001787185669,1.6940677165985107
4517,4760,1.2869328260421753,1.1095056533813477,0.9452009201049805,1.7355486154556274
4517,4770,1.205673336982727,1.0880231857299805,1.1428132057189941,1.9887670278549194
4517,4780,1.2642914056777954,1.0467274188995361,1.004348635673523,1.731419324874878
4517,4790,1.2278519868850708,1.0768885612487793,0.8910010457038879,1.602238655090332
4517,4800,1.263250470161438,1.0494188070297241,0.9981334805488586,1.7916526794433594
4517,4810,1.301442265510559,1.129256010055542,0.9839035868644714,1.6925380229949951
4517,4820,1.304206371307373,1.0262808799743652,0.9723076224327087,1.7244755029678345
4517,4830,1.1941159963607788,0.9927165508270264,0.9054818749427795,1.7697464227676392
4517,4840,1.2111644744873047,1.0084421634674072,0.9415529370307922,1.6652803421020508
4517,4850,1.352294921875,1.1357165575027466,1.0477529764175415,1.74636709690094
4517,4860,1.2233930826187134,1.0623723268508911,0.9665632247924805,1.7697705030441284
4517,4870,1.161512017250061,1.0559148788452148,0.8709632158279419,1.5964199304580688
4517,4880,1.251518964767456,1.173391342163086,0.9987885355949402,1.7365481853485107
4517,4890,1.2997146844863892,1.1673896312713623,0.9607820510864258,1.8566468954086304
4517,4900,1.3863325119018555,1.1139838695526123,0.9779958128929138,1.6762771606445312
4517,4910,1.3588930368423462,1.1386853456497192,1.0123647451400757,1.814503788948059
4517,4920,1.116498351097107,1.11784029006958,0.9513692855834961,1.7418113946914673
4517,4930,1.319287896156311,1.1154204607009888,0.9844589829444885,1.7211635112762451
4517,4940,1.3282490968704224,1.1451560258865356,1.0466578006744385,1.8747631311416626
4517,4950,1.2320126295089722,1.1522754430770874,0.962599515914917,1.7096450328826904
4517,4960,1.4284677505493164,1.1860400438308716,1.0617694854736328,1.8255960941314697
4517,4970,1.2831791639328003,1.1421325206756592,0.990227222442627,1.796510934829712
4517,4980,1.3011465072631836,1.125856876373291,1.053788185119629,1.9550693035125732
4517,4990,1.2559717893600464,1.1487481594085693,1.005664348602295,1.7625921964645386
4517,5000,1.230844497680664,1.106248140335083,1.0295007228851318,1.9369460344314575
4517,5010,1.1059906482696533,1.0103901624679565,0.9463939070701599,1.5946978330612183
4517,5020,1.3142811059951782,1.044779896736145,0.9735116958618164,1.6968848705291748
4517,5030,1.342703104019165,1.15840744972229,1.0161635875701904,1.9478391408920288
4517,5040,1.1925595998764038,1.0285862684249878,1.0376193523406982,1.7496155500411987
4517,5050,1.3176850080490112,1.116719365119934,0.9634552597999573,1.8661251068115234
4517,5060,1.2109553813934326,1.093862533569336,0.9422878623008728,1.7654269933700562
4517,5070,1.288076639175415,1.1487210988998413,1.1136767864227295,1.9529109001159668
4517,5080,1.2527577877044678,1.162477731704712,1.0138447284698486,2.169149875640869
4517,5090,1.2057169675827026,1.113525390625,0.9799311757087708,1.8881583213806152
4517,5100,1.2762417793273926,1.1210590600967407,1.0511599779129028,1.8724744319915771
4517,5110,1.1658295392990112,0.9980499148368835,0.8843214511871338,1.4879302978515625
4517,5120,1.2507388591766357,1.068161964416504,0.9774836897850037,1.7177307605743408
4517,5130,1.2437280416488647,1.1799403429031372,0.9577315449714661,1.7536834478378296
4517,5140,1.4495328664779663,1.2168911695480347,1.1877976655960083,1.8113348484039307
4517,5150,1.1372389793395996,1.0444093942642212,0.8639439344406128,1.6557836532592773
4517,5160,1.247284173965454,1.0800902843475342,0.9369148015975952,1.6593044996261597
4517,5170,1.3236175775527954,1.1708383560180664,1.056005835533142,1.8521450757980347
4517,5180,1.4094947576522827,1.2506182193756104,1.0576716661453247,2.049224376678467
4517,5190,1.2683098316192627,1.1222729682922363,0.8900756239891052,1.696342945098877
4517,5200,1.1518434286117554,1.0467771291732788,0.9748069643974304,1.8566222190856934
4517,5210,1.3419159650802612,1.1608226299285889,1.0482724905014038,1.8822448253631592
4517,5220,1.1898996829986572,1.1110336780548096,1.0986504554748535,2.057706594467163
4517,5230,1.3892333507537842,1.081750512123108,0.9522075057029724,1.7984063625335693
4517,5240,1.349135160446167,1.1126716136932373,1.0157310962677002,1.8349480628967285
4517,5250,1.2109084129333496,1.1086878776550293,1.0236362218856812,1.8398315906524658
4517,5260,1.147728443145752,1.0388516187667847,0.9032241702079773,1.7335351705551147
4517,5270,1.3654557466506958,1.1243964433670044,1.0427758693695068,1.769890546798706
4517,5280,1.2542932033538818,1.1137868165969849,0.9546962380409241,1.601798176765442
4517,5290,1.2701964378356934,1.1701478958129883,1.042889952659607,1.7933967113494873
4517,5300,1.1819736957550049,1.1155555248260498,0.9951533079147339,1.6589117050170898
4517,5310,1.249459147453308,1.1181902885437012,0.9227452874183655,1.6291881799697876
4517,5320,1.2303378582000732,1.218403697013855,1.013301134109497,1.861719012260437
4517,5330,1.3220399618148804,1.1726090908050537,1.0520915985107422,1.7964140176773071
4517,5340,1.2948048114776611,1.121199369430542,0.9760375618934631,1.6480648517608643
4517,5350,1.128644347190857,1.0160263776779175,0.9336596131324768,1.6706891059875488
4517,5360,1.1027531623840332,1.044119119644165,0.9040844440460205,1.670384168624878
4517,5370,1.236603856086731,1.0960146188735962,1.1188033819198608,2.033085346221924
4517,5380,1.2294021844863892,1.008188247680664,0.9508992433547974,1.502177119255066
4517,5390,1.1533656120300293,1.1193475723266602,0.9814032912254333,1.7646898031234741
4517,5400,1.2724722623825073,1.1170721054077148,1.0898185968399048,1.8905342817306519
4517,5410,1.050600528717041,1.0209357738494873,0.9042021036148071,1.5598260164260864
4517,5420,1.3342288732528687,1.2285934686660767,1.0365632772445679,1.8626917600631714
4517,5430,1.154923439025879,1.0543029308319092,0.9886914491653442,1.7278074026107788
4517,5440,1.172963261604309,1.115126609802246,1.0131486654281616,1.8453471660614014
4517,5450,1.2165634632110596,1.1517103910446167,0.9800834655761719,1.850521445274353
4517,5460,1.1839141845703125,1.06436026096344,0.8783153295516968,1.670351266860962
4517,5470,1.256880521774292,1.1874674558639526,1.0008214712142944,1.8279410600662231
4517,5480,1.158292293548584,1.0060149431228638,1.008736491203308,1.805873155593872
4517,5490,1.311257004737854,1.1859073638916016,1.083612084388733,1.8203630447387695
4517,5500,1.1992498636245728,1.0830215215682983,0.9880281686782837,1.7670694589614868
4517,5510,1.2945696115493774,1.128851294517517,1.003088355064392,1.8373777866363525
4517,5520,1.2756322622299194,1.0965572595596313,0.9364250898361206,1.5123569965362549
4517,5530,1.3322380781173706,1.2153148651123047,1.0701864957809448,1.872409701347351
4517,5540,1.2876334190368652,1.1935734748840332,1.0858731269836426,2.011404275894165
4517,5550,1.2841315269470215,1.129357099533081,1.0864040851593018,1.9011162519454956
4517,5560,1.3309706449508667,1.215977668762207,1.0595152378082275,1.8423339128494263
4517,5570,1.199841856956482,1.0942856073379517,0.9458898305892944,1.7481443881988525
4517,5580,1.2728338241577148,1.1989349126815796,1.113276720046997,1.8759349584579468
4517,5590,1.2286630868911743,1.1305711269378662,1.0185246467590332,1.8261853456497192
4517,5600,1.1474353075027466,1.018850564956665,0.9806931018829346,1.7748792171478271
4517,5610,1.415770173072815,1.1818004846572876,1.0729314088821411,1.8825587034225464
4517,5620,1.2950223684310913,1.0547475814819336,1.081900954246521,1.8732260465621948
4517,5630,1.2659846544265747,1.1427254676818848,0.9684740304946899,1.740472674369812
4517,5640,1.111279010772705,0.9981050491333008,0.9264040589332581,1.698796033859253
4517,5650,1.463586688041687,1.2263987064361572,1.1487607955932617,2.0715529918670654
4517,5660,1.2881757020950317,1.2119364738464355,1.0805658102035522,1.9368613958358765
4517,5670,1.187171220779419,1.0891835689544678,0.9580988883972168,1.7701085805892944
4517,5680,1.2347790002822876,0.9989148378372192,0.9764305353164673,1.6886296272277832
4517,5690,1.1777894496917725,1.068381428718567,1.0853264331817627,1.9632432460784912
4517,5700,1.129042387008667,1.1009917259216309,0.9662578701972961,1.6526836156845093
4517,5710,1.1511638164520264,1.0642473697662354,0.9461753964424133,1.780847191810608
4517,5720,1.2701330184936523,1.1456220149993896,1.0526782274246216,1.9120386838912964
4517,5730,1.3715457916259766,1.1603436470031738,1.0636906623840332,2.0072872638702393
4517,5740,1.2714494466781616,1.2362984418869019,1.0483850240707397,1.9653916358947754
4517,5750,1.1921507120132446,1.0969561338424683,0.9495640397071838,1.6175684928894043
4517,5760,1.1214423179626465,1.0812039375305176,0.9667883515357971,1.7839927673339844
4517,5770,1.3063397407531738,1.0759952068328857,0.9952555298805237,1.674363374710083
4517,5780,1.3309112787246704,1.2824938297271729,1.0585323572158813,1.852321982383728
4517,5790,1.2268487215042114,1.0875712633132935,0.9564581513404846,1.8117202520370483
4517,5800,1.2945764064788818,1.1994330883026123,1.0509357452392578,1.8122150897979736
4517,5810,1.1924160718917847,0.9818429946899414,0.9689613580703735,1.7333720922470093
4517,5820,1.2599055767059326,1.0756105184555054,0.9831165075302124,1.7716578245162964
4517,5830,1.213309407234192,1.1167175769805908,1.066683053970337,1.907455325126648
4517,5840,1.1997709274291992,1.0528086423873901,1.0353137254714966,1.8384116888046265
4517,5850,1.331465721130371,1.1792831420898438,1.0782015323638916,1.9307819604873657
4517,5860,1.1723301410675049,1.0909186601638794,1.0693581104278564,1.8507345914840698
4517,5870,1.2847545146942139,1.0895105600357056,1.0713986158370972,1.8452047109603882
4517,5880,1.305379867553711,1.1242069005966187,0.9857759475708008,1.5948649644851685
4517,5890,1.2099313735961914,1.225829839706421,0.9858748316764832,1.86970055103302
4517,5900,1.1500757932662964,1.1169488430023193,0.9723425507545471,1.7749969959259033
4517,5910,1.228373646736145,1.0909656286239624,1.0390572547912598,1.811070203781128
4517,5920,1.4009369611740112,1.1632099151611328,1.034285068511963,1.782850742340088
4517,5930,1.1352591514587402,1.0936729907989502,0.9639472961425781,1.8283134698867798
4517,5940,1.1649335622787476,1.0612322092056274,0.936087965965271,1.622190237045288
4517,5950,1.2498279809951782,1.1329336166381836,0.9245847463607788,1.5974421501159668
4517,5960,1.3677644729614258,1.1833878755569458,1.072666049003601,1.8654217720031738
4517,5970,1.2389930486679077,1.1363145112991333,1.0962072610855103,1.8934723138809204
4517,5980,1.3626163005828857,1.2057605981826782,1.042293667793274,1.8763290643692017
4517,5990,1.262359619140625,1.1139131784439087,1.0581626892089844,1.8732837438583374
4517,6000,1.2566548585891724,1.1611098051071167,0.989041805267334,1.8009289503097534
4517,6010,1.3878555297851562,1.2552329301834106,1.2270679473876953,2.188995361328125
4517,6020,1.2777549028396606,1.1240007877349854,1.1184031963348389,1.8991693258285522
4517,6030,1.137315273284912,1.1355637311935425,0.8869458436965942,1.7484841346740723
4517,6040,1.26050865650177,1.1704267263412476,0.984758734703064,1.786173701286316
4517,6050,1.3458889722824097,1.2125014066696167,1.1357425451278687,2.0623133182525635
4517,6060,1.3573347330093384,1.1777433156967163,1.144539475440979,1.9599099159240723
4517,6070,1.3895186185836792,1.2133852243423462,0.9952918291091919,1.8199752569198608
4517,6080,1.0869414806365967,1.0489009618759155,0.9135915040969849,1.6194912195205688
4517,6090,1.2721673250198364,1.0821658372879028,1.0048925876617432,1.657144546508789
4517,6100,1.215406894683838,1.141868233680725,0.973206639289856,1.841116189956665
4517,6110,1.2263309955596924,1.176000714302063,0.9234768152236938,1.8050050735473633
4517,6120,1.2910284996032715,1.1648834943771362,1.107243299484253,1.9195126295089722
4517,6130,1.1575483083724976,1.1762351989746094,1.007704257965088,1.9219636917114258
4517,6140,1.208438515663147,1.1314940452575684,0.986734926700592,1.7633934020996094
4517,6150,1.2311657667160034,1.1088875532150269,1.017524242401123,1.7965019941329956
4517,6160,1.313327431678772,1.234267234802246,1.0407642126083374,1.8117786645889282
4517,6170,1.304704189300537,1.1610161066055298,1.1764122247695923,1.9988503456115723
4517,6180,1.3105717897415161,1.1631405353546143,1.118038296699524,1.968187689781189
4517,6190,1.244196891784668,1.1270464658737183,0.9952422976493835,1.7655165195465088
4517,6200,1.2965583801269531,1.1705451011657715,1.0253177881240845,1.8384746313095093
4517,6210,1.2038663625717163,1.1105443239212036,1.1369980573654175,1.9409637451171875
4517,6220,1.2959178686141968,1.2077239751815796,1.0604714155197144,1.8515794277191162
4517,6230,1.282377004623413,1.0550612211227417,1.039465069770813,1.7334785461425781
4517,6240,1.1394838094711304,1.0864903926849365,0.8485827445983887,1.585968255996704
4517,6250,1.1782630681991577,1.0812193155288696,0.9490945339202881,1.5940712690353394
4517,6260,1.2623448371887207,1.2429583072662354,1.0715090036392212,1.9009294509887695
4517,6270,1.1758962869644165,1.116050362586975,1.0061068534851074,1.7021102905273438
4517,6280,1.1521841287612915,1.0624433755874634,0.9060794115066528,1.48749577999115
4517,6290,1.404723048210144,1.1877949237823486,1.0640888214111328,1.6941020488739014
4517,6300,1.1811243295669556,1.0924352407455444,1.0281877517700195,1.7789431810379028
4517,6310,1.1333231925964355,1.0242067575454712,0.9261682629585266,1.628441572189331
4517,6320,1.2516041994094849,1.0984710454940796,0.9317244291305542,1.6511203050613403
4517,6330,1.1837323904037476,1.1274687051773071,0.992725670337677,1.7191294431686401
4517,6340,1.11842679977417,1.1087489128112793,0.9685025215148926,1.7694779634475708
4517,6350,1.3490369319915771,1.2591575384140015,1.0480400323867798,1.8672683238983154
4517,6360,1.056483507156372,1.0633902549743652,0.9071112275123596,1.5368965864181519
4517,6370,1.2633874416351318,1.1627663373947144,0.992068886756897,1.8353673219680786
4517,6380,1.2729038000106812,1.1291978359222412,1.027628779411316,1.7283600568771362
4517,6390,1.3091933727264404,1.1623954772949219,1.072706699371338,1.8939669132232666
4517,6400,1.1755305528640747,1.0548335313796997,0.9498445987701416,1.6189284324645996
4517,6410,1.1321897506713867,1.0242060422897339,0.9814242720603943,1.5631216764450073
4517,6420,1.1064165830612183,1.1139538288116455,0.9431871175765991,1.6262966394424438
4517,6430,1.2260960340499878,1.0716962814331055,0.9664879441261292,1.597659707069397
4517,6440,1.2856799364089966,1.1773838996887207,1.0023517608642578,1.735315203666687
4517,6450,1.2073460817337036,1.104294776916504,0.9571506381034851,1.5318726301193237
4517,6460,1.225433349609375,1.1686664819717407,1.0620938539505005,1.906063437461853
4517,6470,1.248883605003357,1.1072208881378174,0.9572814106941223,1.6552352905273438
4517,6480,1.3671605587005615,1.1279780864715576,1.1073026657104492,1.871551275253296
4517,6490,1.21653413772583,1.1221166849136353,1.1745461225509644,1.9560130834579468
4517,6500,1.2781257629394531,1.1710779666900635,1.0027788877487183,1.8268535137176514
4517,6510,1.1957263946533203,1.1194522380828857,0.9566827416419983,1.682466983795166
4517,6520,1.1989063024520874,1.1511675119400024,1.120779037475586,1.8980720043182373
4517,6530,1.2311463356018066,1.0597732067108154,0.9531090259552002,1.5794754028320312
4517,6540,1.3903791904449463,1.2340548038482666,1.0506277084350586,1.7753384113311768
4517,6550,1.1713920831680298,0.9909340143203735,0.9121286273002625,1.5318670272827148
4517,6560,1.1857458353042603,1.0978673696517944,1.0252989530563354,1.7358040809631348
4517,6570,1.2892433404922485,1.1987969875335693,0.988800048828125,1.7260375022888184
4517,6580,1.314578890800476,1.163364052772522,1.1323739290237427,2.006786346435547
4517,6590,1.0882387161254883,1.0227736234664917,0.9279999732971191,1.609432578086853
4517,6600,1.2978706359863281,1.1706831455230713,1.069405198097229,1.8648494482040405
4517,6610,1.1669647693634033,1.083295226097107,1.0227481126785278,1.7590757608413696
4517,6620,1.2713282108306885,1.1898196935653687,1.116490364074707,1.8728445768356323
4517,6630,1.2110815048217773,1.0646871328353882,0.9567931890487671,1.616988182067871
4517,6640,1.3771010637283325,1.2373466491699219,1.0745199918746948,1.8702609539031982
4517,6650,1.2622255086898804,1.097091794013977,0.9571374654769897,1.5516291856765747
4517,6660,1.1164716482162476,1.0639526844024658,0.9179198145866394,1.5467780828475952
4517,6670,1.1806544065475464,1.1147195100784302,0.9718707799911499,1.671553134918213
4517,6680,1.2032406330108643,1.1542547941207886,1.0695933103561401,1.7760882377624512
4517,6690,1.1872440576553345,1.06034517288208,1.045695185661316,1.601365566253662
4517,6700,1.2505873441696167,1.1528241634368896,1.191419243812561,2.0016653537750244
4517,6710,1.0778108835220337,1.140775442123413,0.9599190950393677,1.61672842502594
4517,6720,1.1937651634216309,1.126086950302124,1.0165188312530518,1.6612188816070557
4517,6730,1.3114464282989502,1.2103056907653809,1.0769881010055542,1.727613925933838
4517,6740,1.192631483078003,1.166877031326294,1.0349196195602417,1.832621693611145
4517,6750,1.1136142015457153,1.0992059707641602,1.0034279823303223,1.92732572555542
4517,6760,1.3024091720581055,1.1511493921279907,1.0601770877838135,1.733292818069458
4517,6770,1.2648884057998657,1.1526504755020142,1.0673094987869263,1.8328795433044434
4517,6780,1.2516292333602905,1.135445237159729,0.9621856212615967,1.6820348501205444
4517,6790,1.1309088468551636,1.12935471534729,0.9161854982376099,1.591096043586731
4517,6800,1.2255231142044067,1.110207438468933,1.051292061805725,1.7713290452957153
4517,6810,1.0324231386184692,1.0645298957824707,0.9375365972518921,1.6342639923095703
4517,6820,1.1417312622070312,1.13551664352417,0.9199728965759277,1.6405051946640015
4517,6830,1.2454197406768799,1.1815954446792603,0.9790550470352173,1.6338133811950684
4517,6840,1.2353965044021606,1.160014033317566,1.0103195905685425,1.7370662689208984
4517,6850,1.343982458114624,1.2172527313232422,1.0813924074172974,1.985689401626587
4517,6860,1.250781536102295,1.1580383777618408,1.0086387395858765,1.7773313522338867
4517,6870,1.1009567975997925,1.076202154159546,0.9276137948036194,1.6572165489196777
4517,6880,1.1798704862594604,1.1539013385772705,1.0230416059494019,1.7774354219436646
4517,6890,1.380387783050537,1.1818132400512695,1.0586339235305786,1.7794418334960938
4517,6900,1.1659483909606934,1.0615582466125488,1.026989459991455,1.7137867212295532
4517,6910,1.2370197772979736,1.1137632131576538,1.0509759187698364,1.7947300672531128
4517,6920,1.1699239015579224,1.162278413772583,1.1853735446929932,2.001424551010132
4517,6930,1.1331214904785156,1.0612025260925293,0.9590328931808472,1.6214476823806763
4517,6940,1.1694449186325073,1.0645025968551636,0.982946515083313,1.6597416400909424
4517,6950,1.1722886562347412,1.068010926246643,1.0267179012298584,1.8140760660171509
4517,6960,1.0755035877227783,1.0792053937911987,0.9796768426895142,1.7656378746032715
4517,6970,1.1131916046142578,1.1001648902893066,0.9196867942810059,1.575531005859375
4517,6980,1.2115753889083862,1.1508679389953613,0.9714294075965881,1.7912299633026123
4517,6990,1.106243371963501,1.1468470096588135,0.9913711547851562,1.7986724376678467
4517,7000,1.168576955795288,1.0780086517333984,0.9589035511016846,1.597146987915039
4517,7010,1.1956478357315063,1.1230071783065796,0.9765498638153076,1.6786305904388428
4517,7020,1.1939005851745605,1.0237135887145996,0.9827569723129272,1.6412849426269531
4517,7030,1.2768359184265137,1.1576406955718994,1.1364384889602661,1.916576862335205
4517,7040,1.1148998737335205,1.0568045377731323,0.9658891558647156,1.5999528169631958
4517,7050,1.2067439556121826,1.1361973285675049,1.0660797357559204,1.8037060499191284
4517,7060,1.2280664443969727,1.1656612157821655,0.982580304145813,1.798033595085144
4517,7070,1.364004135131836,1.1618562936782837,1.0458613634109497,1.6776835918426514
4517,7080,1.2482749223709106,1.066305160522461,0.9354300498962402,1.5833309888839722
4517,7090,1.161401391029358,1.0656629800796509,1.0531538724899292,1.8716979026794434
4517,7100,1.307782769203186,1.1393259763717651,1.0235055685043335,1.7533520460128784
4517,7110,1.1277042627334595,1.0669060945510864,0.945128321647644,1.5901459455490112
4517,7120,1.2067819833755493,1.153037190437317,1.0859417915344238,1.8345190286636353
4517,7130,1.2070387601852417,1.1085419654846191,0.9768359661102295,1.6640633344650269
4517,7140,1.1034501791000366,1.0210050344467163,0.9401126503944397,1.5793826580047607
4517,7150,1.207496166229248,1.120949149131775,1.0458686351776123,1.8881779909133911
4517,7160,1.1749763488769531,1.0808780193328857,1.046382188796997,1.785969853401184
4517,7170,1.210382342338562,1.1411147117614746,1.129390001296997,1.886790156364441
4517,7180,1.1866469383239746,1.0565320253372192,1.0067510604858398,1.6250849962234497
4517,7190,1.1832398176193237,1.1140010356903076,1.0406054258346558,1.6449570655822754
4517,7200,1.3176931142807007,1.2598563432693481,1.0632325410842896,1.8112975358963013
4517,7210,1.3616522550582886,1.2478413581848145,1.178260326385498,1.9415260553359985
4517,7220,1.3663330078125,1.1652613878250122,1.1262925863265991,1.8584433794021606
4517,7230,1.1814042329788208,1.0930390357971191,0.9753217697143555,1.7079161405563354
4517,7240,1.116213321685791,1.1367970705032349,1.0714962482452393,1.907960057258606
4517,7250,1.2891385555267334,1.1985722780227661,1.109777808189392,1.8789384365081787
4517,7260,1.2112996578216553,1.0731379985809326,1.0187333822250366,1.6968096494674683
4517,7270,1.1920276880264282,1.1392160654067993,1.06852126121521,1.8154314756393433
4517,7280,1.214619755744934,1.1494646072387695,1.0547492504119873,1.74418306350708
4517,7290,1.1670767068862915,1.0756317377090454,0.980544924736023,1.7177693843841553
4517,7300,1.3513833284378052,1.205817699432373,1.1358535289764404,1.8444862365722656
4517,7310,1.2201415300369263,1.1529911756515503,1.166002631187439,1.8486372232437134
4517,7320,1.23221755027771,1.0909476280212402,1.0397441387176514,1.7446407079696655
4517,7330,1.1553781032562256,1.0939933061599731,0.9543414115905762,1.7560049295425415
4517,7340,1.1755270957946777,1.0605136156082153,0.9944379329681396,1.5156643390655518
4517,7350,1.1620278358459473,1.034803032875061,0.9707839488983154,1.5613365173339844
4517,7360,1.138340711593628,1.1170973777770996,1.0148301124572754,1.8220181465148926
4517,7370,1.1613538265228271,1.0910322666168213,1.0062156915664673,1.6606909036636353
4517,7380,1.3025151491165161,1.1406437158584595,1.0088731050491333,1.716559886932373
4517,7390,1.2668657302856445,1.140763759613037,1.1369227170944214,1.9579696655273438
4517,7400,1.233966588973999,1.1747372150421143,1.102869987487793,1.9052059650421143
4517,7410,1.160717248916626,1.1713464260101318,0.9772822260856628,1.6595654487609863
4517,7420,1.1234421730041504,1.067800760269165,0.9756604433059692,1.6144304275512695
4517,7430,1.1451029777526855,1.0537959337234497,1.0277342796325684,1.6445693969726562
4517,7440,1.2809303998947144,1.1485754251480103,1.0139110088348389,1.6997631788253784
4517,7450,1.1023236513137817,1.0605485439300537,0.986418604850769,1.666309118270874
4517,7460,1.3346993923187256,1.2451448440551758,1.1642355918884277,2.049607515335083
4517,7470,1.1624524593353271,1.1422746181488037,1.0577350854873657,1.8003178834915161
4517,7480,1.311018943786621,1.172600269317627,1.0553697347640991,1.6178042888641357
4517,7490,1.291311502456665,1.1796590089797974,1.075996994972229,1.8054240942001343
4517,7500,1.2196718454360962,1.0755250453948975,1.099510669708252,1.7868841886520386
4517,7510,1.1646157503128052,1.1217091083526611,1.0020861625671387,1.7288058996200562
4517,7520,1.2572853565216064,1.2127087116241455,1.056774377822876,1.8445780277252197
4517,7530,1.23793363571167,1.1639747619628906,1.0855493545532227,1.8056563138961792
4517,7540,1.190312147140503,1.1044976711273193,1.1001088619232178,1.8701276779174805
4517,7550,1.2793025970458984,1.122318983078003,1.073140263557434,1.6745926141738892
4517,7560,1.3321919441223145,1.226839303970337,1.026113510131836,1.763252854347229
4517,7570,1.1537126302719116,1.1519253253936768,1.0347280502319336,1.7029531002044678
4517,7580,1.312250018119812,1.193060278892517,1.1414848566055298,1.8314032554626465
4517,7590,1.2533609867095947,1.171677827835083,0.9762833714485168,1.6912912130355835
4517,7600,1.194618582725525,1.143399715423584,0.9874006509780884,1.696068286895752
4517,7610,1.2067897319793701,1.1992785930633545,1.0391420125961304,1.8859577178955078
4517,7620,1.1693369150161743,1.1255145072937012,0.9944788217544556,1.791107416152954
4517,7630,1.2697685956954956,1.2135900259017944,1.090536117553711,1.7831881046295166
4517,7640,1.283602237701416,1.1687339544296265,1.0817604064941406,1.7137908935546875
4517,7650,1.2942975759506226,1.185158133506775,1.0882155895233154,1.7468287944793701
4517,7660,1.217377781867981,1.179734230041504,1.0076162815093994,1.7398570775985718
4517,7670,1.2466228008270264,1.1532212495803833,0.999444842338562,1.4906221628189087
4517,7680,1.1910641193389893,1.178155779838562,1.0892250537872314,1.8946762084960938
4517,7690,1.1637409925460815,1.1356205940246582,1.0501970052719116,1.897698998451233
4517,7700,1.1303648948669434,1.0812991857528687,1.0140058994293213,1.7309010028839111
4517,7710,1.2886666059494019,1.178788661956787,1.0746495723724365,1.8150800466537476
4517,7720,1.2702122926712036,1.210533857345581,1.1214123964309692,1.9132158756256104
4517,7730,1.2636996507644653,1.178289532661438,1.0614726543426514,1.7769114971160889
4517,7740,1.1672724485397339,1.1224442720413208,1.0888458490371704,1.7621843814849854
4517,7750,1.2348569631576538,1.155897617340088,1.0723059177398682,1.8025619983673096
4517,7760,1.2428990602493286,1.1725889444351196,1.1435500383377075,1.942799687385559
4517,7770,1.1768906116485596,1.0741931200027466,0.9953644871711731,1.558706521987915
4517,7780,1.2066681385040283,1.1053860187530518,1.0028624534606934,1.62031090259552
4517,7790,1.2889125347137451,1.2443057298660278,1.1236485242843628,1.8476698398590088
4517,7800,1.307024359703064,1.176252841949463,1.1231186389923096,1.6992658376693726
4517,7810,1.3254410028457642,1.2865525484085083,1.2045851945877075,1.985869288444519
4517,7820,1.239336609840393,1.1554934978485107,1.023422360420227,1.6889026165008545
4517,7830,1.121052861213684,1.0208481550216675,0.9960198998451233,1.5567502975463867
4517,7840,1.2536464929580688,1.077319860458374,1.048296332359314,1.8587363958358765
4517,7850,1.2251708507537842,1.0456539392471313,1.0293147563934326,1.6248993873596191
4517,7860,1.1672941446304321,1.146315097808838,0.9991747736930847,1.6317861080169678
4517,7870,1.3147691488265991,1.225163221359253,1.1282113790512085,1.9645427465438843
4517,7880,1.0369575023651123,0.9875856041908264,0.9726793766021729,1.7049355506896973
4517,7890,1.1386809349060059,1.243992567062378,0.994620144367218,1.9289753437042236
4517,7900,1.2222974300384521,1.254286527633667,1.0678552389144897,1.903457522392273
4517,7910,1.2012081146240234,1.1898990869522095,1.0575964450836182,1.7489091157913208
4517,7920,1.195454716682434,1.1071029901504517,1.0444719791412354,1.6583586931228638
4517,7930,1.1864086389541626,1.1610466241836548,1.006496787071228,1.7300077676773071
4517,7940,1.2387748956680298,1.1635066270828247,1.0488337278366089,1.7014566659927368
4517,7950,1.2794692516326904,1.1494475603103638,1.0745095014572144,1.757941484451294
4517,7960,1.3011199235916138,1.166534423828125,1.0046793222427368,1.6539145708084106
4517,7970,1.1268410682678223,1.1076617240905762,0.9302980303764343,1.5237064361572266
4517,7980,1.098503828048706,1.0121543407440186,1.0093531608581543,1.672585368156433
4517,7990,1.0727925300598145,1.0455337762832642,1.0154765844345093,1.659251093864441
4517,8000,1.153103232383728,1.0713956356048584,1.0467816591262817,1.8403838872909546
4517,8010,1.2256046533584595,1.1154508590698242,0.9801129698753357,1.6941901445388794
4517,8020,1.31451416015625,1.1437832117080688,1.197108268737793,1.9089325666427612
4517,8030,1.1368604898452759,1.0698418617248535,0.9684353470802307,1.5128247737884521
4517,8040,1.2738500833511353,1.2306379079818726,1.2089169025421143,1.9371410608291626
4517,8050,1.186720609664917,1.086011290550232,1.0008931159973145,1.483980417251587
4517,8060,1.240021824836731,1.129991054534912,1.13983154296875,1.8964152336120605
4517,8070,1.122065782546997,1.035043716430664,1.0544581413269043,1.626577377319336
4517,8080,1.2079232931137085,1.1756150722503662,1.1370069980621338,1.7685085535049438
4517,8090,1.138636827468872,1.1415971517562866,1.0184968709945679,1.6850740909576416
4517,8100,1.1774872541427612,1.2351497411727905,1.07648766040802,1.7863441705703735
4517,8110,1.1065136194229126,1.0746742486953735,0.9221437573432922,1.626625418663025
4517,8120,1.220780611038208,1.090126633644104,1.023807406425476,1.7480093240737915
4517,8130,1.1819453239440918,1.0957744121551514,0.9435545206069946,1.5633997917175293
4517,8140,1.2174694538116455,1.158905029296875,1.013176679611206,1.6650364398956299
4517,8150,1.2189314365386963,1.1804206371307373,1.055127501487732,1.782686710357666
4517,8160,1.3587064743041992,1.2212058305740356,1.140925407409668,1.842584490776062
4517,8170,1.1611857414245605,1.1028838157653809,0.9463709592819214,1.6711854934692383
4517,8180,1.1738064289093018,1.1363900899887085,0.9965288043022156,1.7088947296142578
4517,8190,1.2105762958526611,1.119375228881836,1.0489212274551392,1.7845791578292847
4517,8200,1.2911622524261475,1.0681381225585938,1.048437476158142,1.5622695684432983
4517,8210,1.158342957496643,1.1152855157852173,0.9901915192604065,1.6031526327133179
4517,8220,1.226029396057129,1.2417305707931519,1.1238490343093872,2.017754316329956
4517,8230,1.3056491613388062,1.128098726272583,1.0410771369934082,1.7667863368988037
4517,8240,1.1824530363082886,1.2088706493377686,1.048332929611206,1.9573190212249756
4517,8250,1.2109533548355103,1.2549031972885132,1.0530884265899658,1.983558177947998
4517,8260,1.1332343816757202,1.1635689735412598,0.9561681151390076,1.6569559574127197
4517,8270,1.1097055673599243,1.0777920484542847,0.9348214864730835,1.6910433769226074
4517,8280,1.2344486713409424,1.0881359577178955,0.9965394139289856,1.6583774089813232
4517,8290,1.2312095165252686,1.2187923192977905,1.0822941064834595,1.7913856506347656
4517,8300,1.2175918817520142,1.1431968212127686,1.0179988145828247,1.715795636177063
4517,8310,1.3272563219070435,1.235000491142273,1.118259072303772,1.922572374343872
4517,8320,1.205999493598938,1.1724215745925903,1.0536667108535767,1.778760313987732
4517,8330,1.178369164466858,1.0926412343978882,0.995072066783905,1.6205048561096191
4517,8340,1.1472395658493042,1.076686978340149,1.007468342781067,1.709485650062561
4517,8350,1.165299892425537,1.1744682788848877,1.037524700164795,1.6876424551010132
4517,8360,1.132712483406067,1.07756769657135,0.9960009455680847,1.6409213542938232
4517,8370,1.2684423923492432,1.1365013122558594,1.113108515739441,1.7581833600997925
4517,8380,1.2288546562194824,1.1960755586624146,0.9843454360961914,1.7658268213272095
4517,8390,1.226496934890747,1.1032910346984863,1.0226032733917236,1.7418161630630493
4517,8400,1.2829563617706299,1.1640374660491943,1.010176181793213,1.6609898805618286
4517,8410,1.2457373142242432,1.2674996852874756,1.034907341003418,1.8212766647338867
4517,8420,1.1654291152954102,1.1029512882232666,0.9577668309211731,1.6845837831497192
4517,8430,1.0733979940414429,1.0536048412322998,0.9848583340644836,1.6810945272445679
4517,8440,1.265991449356079,1.2493770122528076,1.1612290143966675,2.0568649768829346
4517,8450,1.1726288795471191,1.1401987075805664,1.0243688821792603,1.7170060873031616
4517,8460,1.2457259893417358,1.108807921409607,0.947830319404602,1.473438024520874
4517,8470,1.1855018138885498,1.1099871397018433,1.0633714199066162,1.722885251045227
4517,8480,1.2258844375610352,1.1697123050689697,1.0809966325759888,1.8003121614456177
4517,8490,1.2449512481689453,1.2284170389175415,1.0592588186264038,1.8580739498138428
4517,8500,1.2361650466918945,1.1224005222320557,1.1532008647918701,1.7624505758285522
4517,8510,1.1496505737304688,1.162256121635437,1.0943913459777832,1.9269044399261475
4517,8520,1.2297744750976562,1.206154465675354,0.9877639412879944,1.650610089302063
4517,8530,1.21942937374115,1.178161382675171,1.1315619945526123,1.8061094284057617
4517,8540,1.1654396057128906,1.1503047943115234,0.9685973525047302,1.6356769800186157
4517,8550,1.2131794691085815,1.1750401258468628,1.082455039024353,1.6970436573028564
4517,8560,1.1371495723724365,1.0990781784057617,0.9977436661720276,1.6155081987380981
4517,8570,1.0627562999725342,1.0875743627548218,1.0381035804748535,1.77774977684021
4517,8580,1.2572455406188965,1.2423429489135742,1.0965834856033325,1.7607307434082031
4517,8590,1.2081329822540283,1.1102911233901978,1.0126196146011353,1.611952304840088
4517,8600,1.3124504089355469,1.121511697769165,1.0889638662338257,1.630094051361084
4517,8610,1.0554407835006714,1.0370500087738037,0.9673043489456177,1.5999524593353271
4517,8620,1.2762401103973389,1.1523265838623047,1.0765645503997803,1.8392869234085083
4517,8630,1.276025414466858,1.139064073562622,1.0955464839935303,1.7238956689834595
4517,8640,1.2074466943740845,1.1952861547470093,1.067301869392395,1.774686574935913
4517,8650,1.2482600212097168,1.2054743766784668,1.1183717250823975,1.8447978496551514
4517,8660,1.2093554735183716,1.2268743515014648,1.1563756465911865,1.8904775381088257
4517,8670,1.1719046831130981,1.1917332410812378,1.0800554752349854,1.8644758462905884
4517,8680,1.2791036367416382,1.1976113319396973,1.0741755962371826,1.7554872035980225
4517,8690,1.1862696409225464,1.133128046989441,1.1552085876464844,1.8964306116104126
4517,8700,1.2238038778305054,1.245793342590332,1.1141257286071777,1.8455274105072021
4517,8710,1.1661525964736938,1.1222519874572754,0.9533707499504089,1.7034292221069336
4517,8720,1.1940343379974365,1.0859483480453491,1.0190809965133667,1.6603573560714722
4517,8730,1.1189796924591064,1.1408820152282715,1.1009174585342407,1.7576862573623657
4517,8740,1.1496065855026245,1.0499249696731567,0.918243408203125,1.5292562246322632
4517,8750,1.1357260942459106,1.0971869230270386,1.0002670288085938,1.6011446714401245
4517,8760,1.1601895093917847,1.1155081987380981,0.977133572101593,1.6240016222000122
4517,8770,1.3716155290603638,1.359272837638855,1.0975877046585083,1.869620442390442
4517,8780,1.1807764768600464,1.093410849571228,1.0558911561965942,1.6867746114730835
4517,8790,1.0367696285247803,1.082993745803833,0.9309842586517334,1.627333402633667
4517,8800,1.3252875804901123,1.3218631744384766,1.1653456687927246,2.034709930419922
4517,8810,1.2268822193145752,1.0655651092529297,1.0300304889678955,1.694015383720398
4517,8820,1.1553692817687988,1.1308245658874512,0.9779819250106812,1.6550239324569702
4517,8830,1.147158145904541,1.097784399986267,1.0512644052505493,1.6367394924163818
4517,8840,1.3068064451217651,1.2255090475082397,1.144789457321167,1.8413442373275757
4517,8850,1.1783820390701294,1.1622576713562012,1.1575146913528442,1.909659743309021
4517,8860,1.1599115133285522,1.1021616458892822,0.9723663926124573,1.581330418586731
4517,8870,1.2127808332443237,1.173635482788086,1.0571998357772827,1.7235019207000732
4517,8880,1.1849647760391235,1.1188563108444214,1.0270674228668213,1.6502606868743896
4517,8890,1.2240376472473145,1.1864694356918335,1.109004020690918,1.7553553581237793
4517,8900,1.160369634628296,1.1179956197738647,1.0037860870361328,1.6420468091964722
4517,8910,1.1779372692108154,1.1206517219543457,1.0753504037857056,1.7469100952148438
4517,8920,1.199399709701538,1.1422438621520996,1.0019185543060303,1.6947236061096191
4517,8930,1.2546513080596924,1.207509160041809,1.054383397102356,1.8223141431808472
4517,8940,1.2434288263320923,1.1742323637008667,1.0705535411834717,1.751348853111267
4517,8950,1.224969506263733,1.080256462097168,1.02646005153656,1.7182910442352295
4517,8960,1.1639701128005981,1.1402552127838135,1.1176774501800537,1.9161016941070557
4517,8970,1.1172387599945068,1.0644793510437012,0.9767918586730957,1.6075794696807861
4517,8980,1.1500109434127808,1.1165236234664917,1.088973879814148,1.7549914121627808
4517,8990,1.1966129541397095,1.0983442068099976,0.9398366808891296,1.503092885017395
4517,9000,1.2167342901229858,1.196164608001709,1.0451022386550903,1.7235069274902344
4517,9010,1.1760573387145996,1.0938708782196045,1.0978690385818481,1.6507058143615723
4517,9020,1.2474013566970825,1.1579627990722656,1.1673914194107056,1.904815912246704
4517,9030,1.2301362752914429,1.1937834024429321,1.1096442937850952,1.8355344533920288
4517,9040,1.2166132926940918,1.1081281900405884,1.0027589797973633,1.59218168258667
4517,9050,1.1661646366119385,1.1214573383331299,1.0395389795303345,1.663705587387085
4517,9060,1.2909092903137207,1.1465121507644653,1.144158959388733,1.919090747833252
4517,9070,1.2913190126419067,1.1075992584228516,0.9858328700065613,1.5328500270843506
4517,9080,1.2262122631072998,1.2146896123886108,1.1053454875946045,1.939710259437561
4517,9090,1.233475685119629,1.1980717182159424,1.0649240016937256,1.8489612340927124
4517,9100,1.2830935716629028,1.1837307214736938,1.0797501802444458,1.7024887800216675
4517,9110,1.2045344114303589,1.125765085220337,1.01425039768219,1.6332656145095825
4517,9120,1.2543553113937378,1.2102415561676025,1.062589168548584,1.7427051067352295
4517,9130,1.1596554517745972,1.1249271631240845,1.0467188358306885,1.646294116973877
4517,9140,1.2771153450012207,1.206058144569397,1.1230663061141968,1.892394781112671
4517,9150,1.2145241498947144,1.09194016456604,0.9838353991508484,1.5217664241790771
4517,9160,1.1075851917266846,1.074079990386963,0.9725771546363831,1.494268536567688
4517,9170,1.2302476167678833,1.1232308149337769,1.021416425704956,1.6605015993118286
4517,9180,1.1734373569488525,1.1190766096115112,1.0517023801803589,1.7025796175003052
4517,9190,1.1244665384292603,1.1030622720718384,1.0110887289047241,1.6816039085388184
4517,9200,1.1969091892242432,1.100669026374817,0.9355378746986389,1.4881888628005981
4517,9210,1.2096531391143799,1.2381106615066528,1.1096351146697998,1.988135576248169
4517,9220,1.2310600280761719,1.1536206007003784,1.047057032585144,1.6778768301010132
4517,9230,1.0804855823516846,1.1273983716964722,0.9950807690620422,1.61700439453125
4517,9240,1.1631741523742676,1.1827008724212646,1.0194429159164429,1.6560810804367065
4517,9250,1.2345435619354248,1.203557014465332,1.0737988948822021,1.7773226499557495
4517,9260,1.138520359992981,1.1986005306243896,1.108173131942749,1.7953171730041504
4517,9270,1.1353157758712769,1.0984373092651367,1.0250853300094604,1.7315263748168945
4517,9280,1.2879167795181274,1.2769681215286255,1.116713285446167,1.8699978590011597
4517,9290,1.1066752672195435,1.040358304977417,0.959175705909729,1.5677659511566162
4517,9300,1.236535906791687,1.1615937948226929,1.0327166318893433,1.7178938388824463
4517,9310,1.2028062343597412,1.2419977188110352,1.1126431226730347,1.8815817832946777
4517,9320,1.3570575714111328,1.234682559967041,1.1410993337631226,1.7673484086990356
4517,9330,1.2015249729156494,1.12848961353302,0.9571062922477722,1.5431486368179321
4517,9340,1.2129884958267212,1.2229232788085938,1.2005481719970703,1.9382904767990112
4517,9350,1.1955780982971191,1.100534439086914,1.0790153741836548,1.7752498388290405
4517,9360,1.1609842777252197,1.1052972078323364,1.0527305603027344,1.7194522619247437
4517,9370,1.153167486190796,1.070953130722046,1.00382661819458,1.722660779953003
4517,9380,1.1450152397155762,1.0518814325332642,1.0607340335845947,1.7360574007034302
4517,9390,1.2202625274658203,1.2353942394256592,1.046998381614685,1.667573094367981
4517,9400,1.1550874710083008,1.1852713823318481,1.08428156375885,1.7812401056289673
4517,9410,1.1667400598526,1.1878466606140137,0.9932725429534912,1.6693675518035889
4517,9420,1.3528038263320923,1.2855397462844849,1.1440807580947876,1.9154002666473389
4517,9430,1.1680948734283447,1.1811121702194214,1.020105004310608,1.738945484161377
4517,9440,1.3069093227386475,1.234798550605774,1.1152737140655518,1.8773733377456665
4517,9450,1.2389826774597168,1.1844019889831543,1.0506129264831543,1.796149492263794
4517,9460,1.241591453552246,1.1780071258544922,1.0637619495391846,1.7156214714050293
4517,9470,1.1743570566177368,1.202599287033081,1.0689760446548462,1.9679292440414429
4517,9480,1.0899510383605957,1.1231507062911987,1.0371760129928589,1.7762582302093506
4517,9490,1.232912302017212,1.0986099243164062,1.0044269561767578,1.6006155014038086
4517,9500,1.3348708152770996,1.313679814338684,1.1257721185684204,1.8762880563735962
4517,9510,1.1308128833770752,1.0863162279129028,1.0500450134277344,1.6064589023590088
4517,9520,1.0770515203475952,1.1620309352874756,0.9822999238967896,1.6869250535964966
4517,9530,1.164721965789795,1.095245122909546,1.0566333532333374,1.687849521636963
4517,9540,1.1556315422058105,1.0381674766540527,0.98606276512146,1.5977306365966797
4517,9550,1.229410171508789,1.2800159454345703,1.1457699537277222,1.7998943328857422
4517,9560,1.3286693096160889,1.2296359539031982,1.1590064764022827,1.8744639158248901
4517,9570,1.2879592180252075,1.2472646236419678,1.0414226055145264,1.6869627237319946
4517,9580,1.1415587663650513,1.2540886402130127,0.9748218655586243,1.7243953943252563
4517,9590,1.2289001941680908,1.180004596710205,1.1484285593032837,1.8375753164291382
4517,9600,1.197857141494751,1.1356936693191528,1.0760542154312134,1.7400786876678467
4517,9610,1.096295714378357,1.1256755590438843,1.0647432804107666,1.9714337587356567
4517,9620,1.190577745437622,1.1694689989089966,1.0861098766326904,1.7616726160049438
4517,9630,1.1606525182724,1.081072211265564,1.029569387435913,1.6569420099258423
4517,9640,1.2635078430175781,1.1527644395828247,1.0506223440170288,1.7038893699645996
4517,9650,1.2251843214035034,1.182875156402588,1.0057917833328247,1.636171817779541
4517,9660,1.1377664804458618,1.1004326343536377,0.9807090759277344,1.7244144678115845
4517,9670,1.1811894178390503,1.007351279258728,0.9702911972999573,1.4992883205413818
4517,9680,1.1754165887832642,1.17356276512146,0.9932931065559387,1.6182758808135986
4517,9690,1.2304326295852661,1.2493118047714233,1.1093831062316895,1.8435531854629517
4517,9700,1.0680888891220093,1.1249479055404663,1.0029445886611938,1.7952351570129395
4517,9710,1.222486138343811,1.0901700258255005,1.0852868556976318,1.7958474159240723
4517,9720,1.164082407951355,1.1833381652832031,1.075134515762329,1.7600922584533691
4517,9730,1.2011350393295288,1.200454592704773,1.0089281797409058,1.6373605728149414
4517,9740,1.0607967376708984,1.1093603372573853,1.0052300691604614,1.610296368598938
4517,9750,1.1538594961166382,1.14841628074646,1.0803334712982178,1.7597328424453735
4517,9760,1.171097993850708,1.1350047588348389,0.9791524410247803,1.651878833770752
4517,9770,1.1187759637832642,1.0414440631866455,0.9988703727722168,1.6416010856628418
4517,9780,1.1265662908554077,1.0767079591751099,1.021964430809021,1.5668050050735474
4517,9790,1.088300108909607,1.1696738004684448,1.0409730672836304,1.9424337148666382
4517,9800,1.254334568977356,1.253829002380371,1.091460943222046,1.717130422592163
4517,9810,1.1835598945617676,1.0882874727249146,0.9498071670532227,1.5183966159820557
4517,9820,1.3369817733764648,1.25908362865448,1.221237063407898,2.0041630268096924
4517,9830,1.236735463142395,1.1877262592315674,1.1503050327301025,1.8257272243499756
4517,9840,1.1739227771759033,1.167860746383667,1.0700005292892456,1.6734287738800049
4517,9850,1.2111557722091675,1.229300856590271,1.0352469682693481,1.6398857831954956
4517,9860,1.1296334266662598,1.083878517150879,0.9903402328491211,1.660448431968689
4517,9870,1.2647171020507812,1.1908681392669678,1.0492018461227417,1.531366229057312
4517,9880,1.2086966037750244,1.0988072156906128,1.0166428089141846,1.7318058013916016
4517,9890,1.2674015760421753,1.180246353149414,1.00922691822052,1.5649782419204712
4517,9900,1.1689679622650146,1.159265398979187,1.0026283264160156,1.6306260824203491
4517,9910,1.1419577598571777,1.0701613426208496,1.0565881729125977,1.8968487977981567
4517,9920,1.1924937963485718,1.096805453300476,1.10830557346344,1.7906118631362915
4517,9930,1.099619746208191,1.0805951356887817,1.0307663679122925,1.5483516454696655
4517,9940,1.3406696319580078,1.2351272106170654,1.052976131439209,1.8167704343795776
4517,9950,1.2110792398452759,1.1185946464538574,1.0731842517852783,1.6924538612365723
4517,9960,1.2354727983474731,1.0955251455307007,1.0178719758987427,1.7154303789138794
4517,9970,1.181482195854187,1.0678125619888306,1.0315877199172974,1.6399768590927124
4517,9980,1.3184608221054077,1.177010178565979,1.124206304550171,1.7806484699249268
4517,9990,1.2606264352798462,1.239498496055603,1.1342265605926514,1.9754247665405273
4517,10000,1.2646820545196533,1.1855180263519287,1.0975618362426758,1.7349891662597656
5651,10,0.9768158793449402,0.9912500381469727,1.0385775566101074,1.0012730360031128
5651,20,0.9853062629699707,1.0028330087661743,1.1029634475708008,0.9845979809761047
5651,30,0.9606436491012573,1.022135853767395,1.1551353931427002,0.9548752903938293
5651,40,1.0235669612884521,1.062963843345642,1.1387137174606323,0.9758850336074829
5651,50,1.0190595388412476,1.1494673490524292,1.1011004447937012,0.9195591807365417
5651,60,1.0433114767074585,1.0969187021255493,1.08695650100708,1.1340367794036865
5651,70,1.1112757921218872,1.0261662006378174,0.9438658356666565,1.2074956893920898
5651,80,1.0563842058181763,0.9254122376441956,0.7841116786003113,1.2896696329116821
5651,90,1.0066744089126587,0.9696561098098755,0.705112874507904,1.2796489000320435
5651,100,1.0184000730514526,0.8746581077575684,0.7820324897766113,1.1797270774841309
5651,110,0.9407339692115784,0.7991670370101929,0.8198333382606506,1.2393957376480103
5651,120,0.9094228148460388,0.7571111917495728,0.7852553129196167,1.2075942754745483
5651,130,0.9265497922897339,0.8180041909217834,0.8440490365028381,1.208972692489624
5651,140,1.0951811075210571,0.7642095685005188,0.8907374143600464,1.160925269126892
5651,150,0.8866732120513916,0.8659549951553345,0.7674422264099121,0.9272316098213196
5651,160,0.833929717540741,0.8257104754447937,0.7579084038734436,0.8200951218605042
5651,170,0.9318655729293823,0.8090336918830872,0.7872301340103149,0.7836769223213196
5651,180,1.086666464805603,0.7137663960456848,0.7967053651809692,0.733905017375946
5651,190,1.042176604270935,0.7260468602180481,0.7222977876663208,0.6680377721786499
5651,200,0.9904134273529053,0.7567974925041199,0.7761802077293396,0.6470942497253418
5651,210,0.9672300815582275,0.7328713536262512,0.7816286683082581,0.6559940576553345
5651,220,1.0343364477157593,0.7246801853179932,0.7788471579551697,0.6338615417480469
5651,230,0.994999885559082,0.7051897644996643,0.8031314015388489,0.62056964635849
5651,240,0.9953087568283081,0.6850382089614868,0.7766225337982178,0.6168627142906189
5651,250,0.983614981174469,0.693215012550354,0.730148434638977,0.6301777362823486
5651,260,1.013938546180725,0.7041807174682617,0.71881103515625,0.623555600643158
5651,270,0.8589942455291748,0.6789640188217163,0.6918206810951233,0.5801734924316406
5651,280,0.9010422825813293,0.6921562552452087,0.6696292161941528,0.5800743699073792
5651,290,0.8916438817977905,0.7406497597694397,0.6234461665153503,0.642918050289154
5651,300,0.9571181535720825,0.6426339149475098,0.7063443660736084,0.6377676725387573
5651,310,0.952769935131073,0.6741154193878174,0.6442291140556335,0.6261029839515686
5651,320,0.9004581570625305,0.6875060200691223,0.6345798969268799,0.606995165348053
5651,330,0.8671777248382568,0.6858504414558411,0.6026649475097656,0.5999913811683655
5651,340,1.0353906154632568,0.7078475952148438,0.662250816822052,0.6592426896095276
5651,350,0.843988835811615,0.6839776039123535,0.6215253472328186,0.6320627331733704
5651,360,0.9284685254096985,0.6810965538024902,0.6457630395889282,0.6668393015861511
5651,370,0.948904275894165,0.6785639524459839,0.6210468411445618,0.6446772813796997
5651,380,0.9896200299263,0.7034263610839844,0.6315581798553467,0.6218472719192505
5651,390,0.9639425873756409,0.7097583413124084,0.5981829762458801,0.6580832004547119
5651,400,0.8710976839065552,0.663108229637146,0.5907782912254333,0.6081907153129578
5651,410,0.9990252256393433,0.7155252695083618,0.6215261220932007,0.6755518317222595
5651,420,0.8639641404151917,0.6764658093452454,0.5717118978500366,0.6113477945327759
5651,430,0.8591573238372803,0.6419432163238525,0.591057538986206,0.6010696291923523
5651,440,0.8946964740753174,0.6629492044448853,0.6200390458106995,0.6136983036994934
5651,450,0.9549126625061035,0.6662961840629578,0.628052294254303,0.6307169795036316
5651,460,0.8907922506332397,0.6315094232559204,0.5867251753807068,0.6281794905662537
5651,470,0.9282333254814148,0.6606902480125427,0.5965771675109863,0.653357982635498
5651,480,0.852638304233551,0.6141600012779236,0.6175299882888794,0.6129659414291382
5651,490,0.8115266561508179,0.6187537908554077,0.592637300491333,0.5849794745445251
5651,500,0.8808432221412659,0.6370540261268616,0.6068359017372131,0.630855917930603
5651,510,0.9931244850158691,0.6775398254394531,0.6017014384269714,0.6124944686889648
5651,520,0.9156056046485901,0.6515880227088928,0.5942522883415222,0.6783087849617004
5651,530,0.849016547203064,0.6252577304840088,0.6506071090698242,0.6270658373832703
5651,540,0.9497544765472412,0.6723394989967346,0.6092806458473206,0.6101984977722168
5651,550,0.7820641398429871,0.664089560508728,0.568360447883606,0.6018226146697998
5651,560,0.9040653109550476,0.657008945941925,0.5687227845191956,0.6258516311645508
5651,570,0.9189035296440125,0.6743383407592773,0.616889238357544,0.6499238014221191
5651,580,0.9593576192855835,0.6523929834365845,0.6607014536857605,0.6379041075706482
5651,590,0.9608641266822815,0.6656812429428101,0.5884192585945129,0.6571218967437744
5651,600,0.9253067374229431,0.6815178394317627,0.6329317688941956,0.6212519407272339
5651,610,0.9689534306526184,0.6809836626052856,0.6237341165542603,0.6711980104446411
5651,620,0.9138782024383545,0.6790605187416077,0.6192302107810974,0.6220885515213013
5651,630,0.965635359287262,0.6606267094612122,0.6288626194000244,0.6741035580635071
5651,640,0.8481465578079224,0.6307384967803955,0.593072235584259,0.6254570484161377
5651,650,0.8623616099357605,0.6410278677940369,0.5634981393814087,0.6805018186569214
5651,660,0.9399425983428955,0.6850535273551941,0.6216522455215454,0.6657866835594177
5651,670,0.8944069743156433,0.6443808078765869,0.5967925190925598,0.6514282822608948
5651,680,0.8456857800483704,0.6684083342552185,0.596566915512085,0.7098755240440369
5651,690,0.9120982885360718,0.6745309829711914,0.5700088739395142,0.7313200831413269
5651,700,0.9953941702842712,0.6691687703132629,0.5876989960670471,0.7109897136688232
5651,710,0.9350391626358032,0.6746928691864014,0.5802268385887146,0.7013998627662659
5651,720,0.9372323155403137,0.6466618776321411,0.6326758861541748,0.6655492186546326
5651,730,0.979030191898346,0.6712839007377625,0.6178113222122192,0.7094066143035889
5651,740,0.9583926200866699,0.6602951288223267,0.5797303915023804,0.6929380893707275
5651,750,1.0006052255630493,0.6610622406005859,0.6639513373374939,0.7153729796409607
5651,760,0.9143106341362,0.6147632598876953,0.5630850195884705,0.6405895948410034
5651,770,0.9375977516174316,0.6623494625091553,0.5688923001289368,0.6794565916061401
5651,780,0.9512728452682495,0.671418309211731,0.6106308698654175,0.7209236025810242
5651,790,1.0789850950241089,0.643866777420044,0.6767833232879639,0.7055075168609619
5651,800,1.0306211709976196,0.6743167638778687,0.6045926809310913,0.735887348651886
5651,810,0.961898684501648,0.6587350368499756,0.5948511958122253,0.6956673860549927
5651,820,1.0183918476104736,0.663841724395752,0.6441510915756226,0.7348074913024902
5651,830,1.0223791599273682,0.6856815814971924,0.5934755206108093,0.748357355594635
5651,840,1.0537627935409546,0.6619983911514282,0.5905395746231079,0.7925800681114197
5651,850,1.1029080152511597,0.6690007448196411,0.6318456530570984,0.762531578540802
5651,860,1.0999611616134644,0.6915606260299683,0.7184320688247681,0.7717311382293701
5651,870,1.0131632089614868,0.6579645872116089,0.61638343334198,0.7113466262817383
5651,880,1.1201118230819702,0.6834568977355957,0.6893113255500793,0.7390528917312622
5651,890,1.088165283203125,0.7084676027297974,0.6199097633361816,0.7756852507591248
5651,900,1.0687508583068848,0.6970826983451843,0.6516225934028625,0.7947160005569458
5651,910,0.9841015934944153,0.6924583911895752,0.5878152847290039,0.820572018623352
5651,920,1.0794652700424194,0.6830002069473267,0.6063624024391174,0.781227707862854
5651,930,1.0545413494110107,0.669303834438324,0.5988373160362244,0.767629861831665
5651,940,1.0687544345855713,0.6765814423561096,0.6524636149406433,0.8077181577682495
5651,950,1.0775667428970337,0.6946998834609985,0.6994311213493347,0.7997885346412659
5651,960,1.0789482593536377,0.6921526789665222,0.6182358264923096,0.8835528492927551
5651,970,1.126479148864746,0.6940098404884338,0.7178452014923096,0.8436774015426636
5651,980,1.111634612083435,0.6632238626480103,0.7201236486434937,0.7837674021720886
5651,990,1.1145895719528198,0.6572416424751282,0.6644954085350037,0.8006165027618408
5651,1000,1.078619122505188,0.6703953742980957,0.6533189415931702,0.7646484375
5651,1010,1.0930393934249878,0.6871994137763977,0.5871157050132751,0.859243631362915
5651,1020,1.0676597356796265,0.7063595056533813,0.6056889891624451,0.8450797200202942
5651,1030,1.0341843366622925,0.6923760771751404,0.6730458736419678,0.832018256187439
5651,1040,1.1522597074508667,0.67677903175354,0.6426724195480347,0.8562312722206116
5651,1050,1.0719070434570312,0.7076720595359802,0.6331058144569397,0.9200475215911865
5651,1060,1.0020970106124878,0.7115136384963989,0.633545458316803,0.7917471528053284
5651,1070,1.1467362642288208,0.6851667165756226,0.6941478848457336,0.7900771498680115
5651,1080,1.042264699935913,0.7276332378387451,0.6267682313919067,0.9691125154495239
5651,1090,1.158922791481018,0.7262548208236694,0.6344582438468933,0.882902204990387
5651,1100,1.0573303699493408,0.7036997675895691,0.6474733948707581,0.9255411624908447
5651,1110,1.171979546546936,0.7006692290306091,0.6558125615119934,0.9435611963272095
5651,1120,1.1411159038543701,0.735319972038269,0.6496338248252869,0.9600912928581238
5651,1130,1.0978015661239624,0.7049652338027954,0.6623247265815735,0.90117347240448
5651,1140,1.0765106678009033,0.6773155927658081,0.6423335075378418,0.9472507834434509
5651,1150,1.2079135179519653,0.7180802226066589,0.7993158102035522,0.8819937109947205
5651,1160,1.1096538305282593,0.7160795331001282,0.6851855516433716,0.9316443204879761
5651,1170,1.0483999252319336,0.7310195565223694,0.6452164053916931,0.9631561636924744
5651,1180,1.1093107461929321,0.7224476933479309,0.6627557277679443,0.9566745758056641
5651,1190,1.1090189218521118,0.7002332806587219,0.6613770723342896,0.9308203458786011
5651,1200,1.1336559057235718,0.716400682926178,0.6836892366409302,0.9042962193489075
5651,1210,1.128252625465393,0.7287948131561279,0.632583737373352,0.9222224950790405
5651,1220,1.2093133926391602,0.7249431014060974,0.6447198390960693,0.9789579510688782
5651,1230,1.1550350189208984,0.722859799861908,0.6386991143226624,0.9300464391708374
5651,1240,1.1535003185272217,0.7298192977905273,0.6420811414718628,0.9723071455955505
5651,1250,1.2106519937515259,0.713106095790863,0.7016463875770569,0.9998919367790222
5651,1260,1.156099557876587,0.7093459963798523,0.7038682699203491,0.9559523463249207
5651,1270,1.202120065689087,0.718205451965332,0.661871075630188,0.9884060025215149
5651,1280,1.1182312965393066,0.7109004855155945,0.6493707299232483,0.9181816577911377
5651,1290,1.2198851108551025,0.7166433930397034,0.7011956572532654,0.9515427350997925
5651,1300,1.1350713968276978,0.7316297292709351,0.692561149597168,0.9924728870391846
5651,1310,1.1300033330917358,0.7210627794265747,0.6376591920852661,1.0130997896194458
5651,1320,1.1752339601516724,0.7113834023475647,0.7038708329200745,0.9841293096542358
5651,1330,1.1756947040557861,0.7391941547393799,0.738929808139801,0.9795054793357849
5651,1340,1.1776833534240723,0.7372287511825562,0.6226759552955627,1.0153522491455078
5651,1350,1.1592674255371094,0.7437941431999207,0.7162803411483765,1.0084210634231567
5651,1360,1.1961029767990112,0.7379721999168396,0.7640458345413208,1.117771863937378
5651,1370,1.2732008695602417,0.7229037284851074,0.7871348857879639,1.0860642194747925
5651,1380,1.164636492729187,0.7415143251419067,0.7729104161262512,1.0593395233154297
5651,1390,1.1569437980651855,0.7486202120780945,0.6946760416030884,1.0962930917739868
5651,1400,1.149596095085144,0.7459408640861511,0.6636194586753845,1.0808452367782593
5651,1410,1.1857579946517944,0.7185992002487183,0.680850625038147,1.0585875511169434
5651,1420,1.1611353158950806,0.7530285716056824,0.7005693912506104,1.0360589027404785
5651,1430,1.3037009239196777,0.7259578704833984,0.8119693398475647,1.0538089275360107
5651,1440,1.228067398071289,0.7789533138275146,0.7333638668060303,1.1106594800949097
5651,1450,1.1039198637008667,0.7258851528167725,0.6646072864532471,1.1073025465011597
5651,1460,1.1527706384658813,0.7316702604293823,0.6472102403640747,1.1707606315612793
5651,1470,1.168558955192566,0.7579022645950317,0.6199160814285278,1.108344316482544
5651,1480,1.2824493646621704,0.7834779620170593,0.8085913062095642,1.1914955377578735
5651,1490,1.2346110343933105,0.7800683975219727,0.8102928400039673,1.1290366649627686
5651,1500,1.2617303133010864,0.7460131049156189,0.7292425632476807,1.1190723180770874
5651,1510,1.2448506355285645,0.7314805388450623,0.7062450647354126,1.1408137083053589
5651,1520,1.2120298147201538,0.730910062789917,0.7075946927070618,1.1744844913482666
5651,1530,1.177403450012207,0.7493315935134888,0.6778520345687866,1.183016061782837
5651,1540,1.2755534648895264,0.7500060200691223,0.7679902911186218,1.178438663482666
5651,1550,1.232974886894226,0.7638922333717346,0.7175412774085999,1.114141821861267
5651,1560,1.2651968002319336,0.7408135533332825,0.7240534424781799,1.4316041469573975
5651,1570,1.1799333095550537,0.7702269554138184,0.7128105163574219,1.1491847038269043
5651,1580,1.2383629083633423,0.7673291563987732,0.7848843336105347,1.1799722909927368
5651,1590,1.194947361946106,0.7833368182182312,0.6770080327987671,1.2553319931030273
5651,1600,1.2014027833938599,0.750339150428772,0.7904456257820129,1.1183935403823853
5651,1610,1.2221909761428833,0.7570993304252625,0.7592739462852478,1.2077199220657349
5651,1620,1.1988612413406372,0.7568939924240112,0.7841284275054932,1.2565242052078247
5651,1630,1.2087714672088623,0.7176474332809448,0.7706316709518433,1.246760368347168
5651,1640,1.2592779397964478,0.7505543828010559,0.7214894890785217,1.2481683492660522
5651,1650,1.2415099143981934,0.735788106918335,0.7563756108283997,1.2133593559265137
5651,1660,1.28765070438385,0.7613829374313354,0.7547931671142578,1.1877446174621582
5651,1670,1.2354320287704468,0.7684056162834167,0.7581130862236023,1.2261335849761963
5651,1680,1.2861117124557495,0.7832997441291809,0.7853414416313171,1.341950535774231
5651,1690,1.2309695482254028,0.7822696566581726,0.7255629897117615,1.293530821800232
5651,1700,1.132099986076355,0.7354522347450256,0.6991105079650879,1.1020808219909668
5651,1710,1.2509784698486328,0.7644985914230347,0.7496687173843384,1.2225466966629028
5651,1720,1.2345620393753052,0.7500003576278687,0.7742533683776855,1.1518776416778564
5651,1730,1.2718998193740845,0.7922263145446777,0.7901223301887512,1.2293790578842163
5651,1740,1.247768759727478,0.7622695565223694,0.733177125453949,1.0907701253890991
5651,1750,1.2056339979171753,0.7688559889793396,0.7228319644927979,1.1497522592544556
5651,1760,1.3035105466842651,0.7975051403045654,0.8618200421333313,1.4433118104934692
5651,1770,1.2107707262039185,0.7950655221939087,0.7668634653091431,1.1352803707122803
5651,1780,1.2600750923156738,0.7487249970436096,0.7674598097801208,1.218586802482605
5651,1790,1.263892412185669,0.8768345713615417,0.7943477630615234,1.267846941947937
5651,1800,1.3042066097259521,0.7936569452285767,0.8496891856193542,1.3257136344909668
5651,1810,1.2843385934829712,0.8107063174247742,0.7896285057067871,1.3204761743545532
5651,1820,1.2934491634368896,0.7825523018836975,0.853439211845398,1.3150098323822021
5651,1830,1.2907203435897827,0.7754763960838318,0.8448662757873535,1.3446060419082642
5651,1840,1.1917321681976318,0.7801373600959778,0.7242790460586548,1.351608157157898
5651,1850,1.2704968452453613,0.8071449398994446,0.727717936038971,1.4283217191696167
5651,1860,1.2574180364608765,0.8430671095848083,0.7595507502555847,1.249405860900879
5651,1870,1.3221349716186523,0.8135826587677002,0.850693941116333,1.3026469945907593
5651,1880,1.2963849306106567,0.7585573196411133,0.83536297082901,1.3851138353347778
5651,1890,1.2590467929840088,0.8068670630455017,0.7934268712997437,1.2307806015014648
5651,1900,1.225935697555542,0.7896711230278015,0.769451916217804,1.2843910455703735
5651,1910,1.2722185850143433,0.7571197152137756,0.7772716879844666,1.3232674598693848
5651,1920,1.320245623588562,0.8056126832962036,0.7807938456535339,1.3843072652816772
5651,1930,1.313671350479126,0.848651111125946,0.8553818464279175,1.3344900608062744
5651,1940,1.236293077468872,0.7913310527801514,0.7188143730163574,1.4154123067855835
5651,1950,1.2195112705230713,0.833950400352478,0.8467316031455994,1.2918825149536133
5651,1960,1.2294411659240723,0.7831501960754395,0.7747758030891418,1.1935478448867798
5651,1970,1.2988678216934204,0.7494270205497742,0.7316231727600098,1.31026029586792
5651,1980,1.2599644660949707,0.7708327174186707,0.8024696707725525,1.2333624362945557
5651,1990,1.344261646270752,0.8084028363227844,0.7951247692108154,1.3576854467391968
5651,2000,1.315659761428833,0.8181414008140564,0.802160382270813,1.435825228691101
5651,2010,1.4235152006149292,0.7600803971290588,0.8241499066352844,1.3687947988510132
5651,2020,1.3769701719284058,0.8215157985687256,0.8640126585960388,1.4066407680511475
5651,2030,1.3631833791732788,0.8144059181213379,0.8228155374526978,1.418047547340393
5651,2040,1.3057154417037964,0.7739431858062744,0.8243759870529175,1.2725237607955933
5651,2050,1.3118656873703003,0.8086773753166199,0.7610398530960083,1.3527671098709106
5651,2060,1.3467756509780884,0.7989388108253479,0.8434522747993469,1.3389230966567993
5651,2070,1.322544813156128,0.8407264947891235,0.746522068977356,1.5978330373764038
5651,2080,1.3193480968475342,0.829903244972229,0.7697797417640686,1.3806252479553223
5651,2090,1.2611122131347656,0.7967846989631653,0.7646315693855286,1.4458107948303223
5651,2100,1.3521792888641357,0.7829641103744507,0.8669496774673462,1.4041110277175903
5651,2110,1.358091950416565,0.7795072793960571,0.8402555584907532,1.3046001195907593
5651,2120,1.4367562532424927,0.8529161214828491,0.842113196849823,1.5695704221725464
5651,2130,1.3347928524017334,0.8023356199264526,0.8267648220062256,1.4891080856323242
5651,2140,1.462388515472412,0.8694520592689514,0.8684713840484619,1.5776102542877197
5651,2150,1.358455777168274,0.7917847037315369,0.8329978585243225,1.3378679752349854
5651,2160,1.3030683994293213,0.7916750311851501,0.7333836555480957,1.4022926092147827
5651,2170,1.3940536975860596,0.8424569368362427,0.9040560722351074,1.5035834312438965
5651,2180,1.344995379447937,0.7840632200241089,0.874250054359436,1.403854489326477
5651,2190,1.3252849578857422,0.8707262277603149,0.8679004311561584,1.363595962524414
5651,2200,1.4108961820602417,0.7820380330085754,0.8912624716758728,1.4690912961959839
5651,2210,1.2986621856689453,0.8519995808601379,0.8208016753196716,1.5733860731124878
5651,2220,1.292891502380371,0.8257584571838379,0.830479085445404,1.3802951574325562
5651,2230,1.3702515363693237,0.7923597693443298,0.8138242959976196,1.5669159889221191
5651,2240,1.434773564338684,0.8248645663261414,0.8385421633720398,1.5451617240905762
5651,2250,1.3530144691467285,0.807456910610199,0.857715368270874,1.498863697052002
5651,2260,1.3888592720031738,0.8334232568740845,0.931207001209259,1.5736010074615479
5651,2270,1.3358678817749023,0.7907361388206482,0.8708356022834778,1.479231834411621
5651,2280,1.217111349105835,0.8468508720397949,0.8160700798034668,1.3629523515701294
5651,2290,1.3213450908660889,0.8046890497207642,0.8398283123970032,1.5291022062301636
5651,2300,1.295474648475647,0.8683490753173828,0.8773760199546814,1.387579083442688
5651,2310,1.298550009727478,0.8414208889007568,0.8988851308822632,1.3790472745895386
5651,2320,1.280399203300476,0.8722630739212036,0.8641988635063171,1.4308655261993408
5651,2330,1.4485654830932617,0.8196269273757935,0.8896666765213013,1.5918256044387817
5651,2340,1.3166346549987793,0.7673400640487671,0.9018815159797668,1.4102463722229004
5651,2350,1.459531307220459,0.8291524648666382,0.9450474977493286,1.5098214149475098
5651,2360,1.3495575189590454,0.8767144680023193,0.9215191602706909,1.4571473598480225
5651,2370,1.3532501459121704,0.8912843465805054,0.9137551784515381,1.438196063041687
5651,2380,1.337955355644226,0.8333951830863953,0.7834725379943848,1.4591434001922607
5651,2390,1.403110146522522,0.8425611853599548,0.9345167279243469,1.6305876970291138
5651,2400,1.4017447233200073,0.8977786898612976,0.8940883278846741,1.5751712322235107
5651,2410,1.469359040260315,0.8280185461044312,0.932717502117157,1.6783844232559204
5651,2420,1.4053279161453247,0.8175210952758789,0.932671070098877,1.5084724426269531
5651,2430,1.3274643421173096,0.7930153012275696,0.8352124094963074,1.5176507234573364
5651,2440,1.3648561239242554,0.8032208681106567,0.8627641201019287,1.698349952697754
5651,2450,1.2641247510910034,0.8540786504745483,0.8300928473472595,1.4084434509277344
5651,2460,1.278071641921997,0.8122828006744385,0.8643673658370972,1.4904422760009766
5651,2470,1.3609389066696167,0.8777427077293396,0.8943732976913452,1.7839971780776978
5651,2480,1.4146676063537598,0.8335156440734863,0.9042414426803589,1.6849044561386108
5651,2490,1.306715488433838,0.831265926361084,0.7503695487976074,1.4346346855163574
5651,2500,1.4374027252197266,0.8425385355949402,0.9000917077064514,1.670336127281189
5651,2510,1.2085739374160767,0.825345516204834,0.8389207720756531,1.431762933731079
5651,2520,1.3364298343658447,0.845687985420227,0.8807200789451599,1.6551405191421509
5651,2530,1.2787208557128906,0.7898023128509521,0.8804118633270264,1.3889617919921875
5651,2540,1.3526725769042969,0.8177199363708496,0.9287562966346741,1.523827314376831
5651,2550,1.3965874910354614,0.8410201668739319,0.9161502122879028,1.7084815502166748
5651,2560,1.3065519332885742,0.8487427234649658,0.840928852558136,1.5111266374588013
5651,2570,1.3335069417953491,0.8422430157661438,0.866404116153717,1.5084694623947144
5651,2580,1.2954946756362915,0.8299601078033447,0.8699843883514404,1.4412707090377808
5651,2590,1.4208208322525024,0.8570021390914917,0.888183057308197,1.4830117225646973
5651,2600,1.4034771919250488,0.7955973148345947,0.8724075555801392,1.5176650285720825
5651,2610,1.312675952911377,0.8798290491104126,0.8785803318023682,1.460186243057251
5651,2620,1.4033985137939453,0.8737099766731262,0.9663997888565063,1.5042920112609863
5651,2630,1.4129880666732788,0.8818483948707581,0.9758985638618469,1.744770884513855
5651,2640,1.4082680940628052,0.8247060179710388,0.9106411933898926,1.6747641563415527
5651,2650,1.2939902544021606,0.804049015045166,0.9201996326446533,1.547678828239441
5651,2660,1.4048547744750977,0.7986505031585693,0.9669532775878906,1.60017991065979
5651,2670,1.324725866317749,0.8481391668319702,0.8689343929290771,1.7842963933944702
5651,2680,1.4448513984680176,0.781705915927887,0.9805208444595337,1.5471993684768677
5651,2690,1.4355106353759766,0.8284469246864319,0.8987402319908142,1.5907235145568848
5651,2700,1.4334585666656494,0.8491820693016052,0.9169201254844666,1.660456895828247
5651,2710,1.3688610792160034,0.8050692677497864,0.8901150822639465,1.610552191734314
5651,2720,1.3657259941101074,0.856053352355957,0.916258692741394,1.6377158164978027
5651,2730,1.3909679651260376,0.8585530519485474,0.9973036646842957,1.6125835180282593
5651,2740,1.3282897472381592,0.8769471645355225,0.892250657081604,1.7036278247833252
5651,2750,1.3316843509674072,0.9941256046295166,1.0069856643676758,1.5996567010879517
5651,2760,1.3553825616836548,0.8613061904907227,0.8447768092155457,1.7018448114395142
5651,2770,1.3234477043151855,0.8367524743080139,0.8814865946769714,1.512203335762024
5651,2780,1.3267123699188232,0.868239164352417,0.8287882804870605,1.5549771785736084
5651,2790,1.2786295413970947,0.8425394892692566,0.8010332584381104,1.583054780960083
5651,2800,1.3444081544876099,0.7608983516693115,0.8626550436019897,1.5707350969314575
5651,2810,1.2607842683792114,0.7750431895256042,0.8724790215492249,1.5080392360687256
5651,2820,1.3115711212158203,0.8173748254776001,0.8093013763427734,1.6122031211853027
5651,2830,1.3851473331451416,0.8099642395973206,0.9243566989898682,1.5854612588882446
5651,2840,1.3394640684127808,0.8206993937492371,0.8997464179992676,1.586315393447876
5651,2850,1.3330081701278687,0.7973911762237549,0.857401430606842,1.4815609455108643
5651,2860,1.3409525156021118,0.8195619583129883,0.9498000741004944,1.6512362957000732
5651,2870,1.3229302167892456,0.8565991520881653,0.8785122036933899,1.649388313293457
5651,2880,1.2703863382339478,0.8403463959693909,0.8060862421989441,1.4637572765350342
5651,2890,1.330322504043579,0.8260473012924194,0.898190438747406,1.6338181495666504
5651,2900,1.4145231246948242,0.8430954813957214,0.98700350522995,1.5867276191711426
5651,2910,1.3332713842391968,0.8492635488510132,0.9181932210922241,1.6683921813964844
5651,2920,1.5372835397720337,0.8425197601318359,1.0063319206237793,1.9161022901535034
5651,2930,1.3989803791046143,0.9274766445159912,0.9211673736572266,1.6531357765197754
5651,2940,1.358367919921875,0.8025618195533752,0.9511964917182922,1.5805697441101074
5651,2950,1.3036553859710693,0.8417975306510925,0.9505141377449036,1.5981107950210571
5651,2960,1.4963984489440918,0.856334388256073,1.0356695652008057,1.6410841941833496
5651,2970,1.2841161489486694,0.8032804727554321,0.8656641244888306,1.5297813415527344
5651,2980,1.3624807596206665,0.8991962671279907,0.8872851133346558,1.6165331602096558
5651,2990,1.3399637937545776,0.8268855214118958,0.8628071546554565,1.6240253448486328
5651,3000,1.364824891090393,0.8544715046882629,0.9177612066268921,1.6632344722747803
5651,3010,1.3533686399459839,0.8943321704864502,0.9430383443832397,1.5565338134765625
5651,3020,1.3653924465179443,0.9124144315719604,0.9922661781311035,1.7381834983825684
5651,3030,1.3478529453277588,0.9257087707519531,0.9609212875366211,1.8029502630233765
5651,3040,1.3539482355117798,0.8199933171272278,0.9079980850219727,1.6456979513168335
5651,3050,1.4200917482376099,0.853637158870697,0.9441856145858765,1.720428228378296
5651,3060,1.3797791004180908,0.8997623920440674,0.9231874346733093,1.7749695777893066
5651,3070,1.2716796398162842,0.8428569436073303,0.860342800617218,1.569732427597046
5651,3080,1.3458268642425537,0.8270860910415649,0.8628851771354675,1.52439284324646
5651,3090,1.4111089706420898,0.8973578810691833,0.9300692081451416,1.7540477514266968
5651,3100,1.3347913026809692,0.8277496099472046,0.9889687299728394,1.5757616758346558
5651,3110,1.3992352485656738,0.8609607219696045,0.9806482195854187,1.7871953248977661
5651,3120,1.3538658618927002,0.8277207016944885,0.9460856914520264,1.6477841138839722
5651,3130,1.3273162841796875,0.7959805727005005,0.8951951861381531,1.6483806371688843
5651,3140,1.3481014966964722,0.9557231068611145,0.9552943110466003,1.8730230331420898
5651,3150,1.1964279413223267,0.7821488976478577,0.8692795038223267,1.384314775466919
5651,3160,1.324126124382019,0.8428041338920593,0.8522657752037048,1.7372421026229858
5651,3170,1.3522722721099854,0.9012287259101868,0.9357887506484985,1.7154686450958252
5651,3180,1.328639268875122,0.7879688739776611,0.8439393639564514,1.7554453611373901
5651,3190,1.37625253200531,0.809624969959259,0.9219232797622681,1.7060118913650513
5651,3200,1.3307733535766602,0.844292938709259,0.9235659837722778,1.719083547592163
5651,3210,1.4072630405426025,0.8259419202804565,1.0103398561477661,1.7273011207580566
5651,3220,1.5177406072616577,0.8765954971313477,1.0511603355407715,1.967544674873352
5651,3230,1.4591071605682373,0.842818558216095,0.9646559357643127,1.9462543725967407
5651,3240,1.4079055786132812,0.9118220806121826,1.0021564960479736,1.804186463356018
5651,3250,1.390455722808838,0.894720196723938,0.9596200585365295,1.9363805055618286
5651,3260,1.2399966716766357,0.8504828810691833,0.8747711777687073,1.6275438070297241
5651,3270,1.454832911491394,0.867181122303009,1.0811597108840942,1.7891967296600342
5651,3280,1.374105453491211,0.8904066681861877,0.9248000383377075,1.7836991548538208
5651,3290,1.381028652191162,0.8166029453277588,0.9220483899116516,1.580718994140625
5651,3300,1.5375055074691772,0.9209489822387695,1.0006239414215088,1.7383214235305786
5651,3310,1.37699294090271,0.8339121341705322,1.023842453956604,1.5743011236190796
5651,3320,1.3253729343414307,0.8948343992233276,0.8117517828941345,1.7106753587722778
5651,3330,1.2916042804718018,0.8324068784713745,0.8932559490203857,1.704348087310791
5651,3340,1.3308380842208862,0.8347694873809814,0.9045776724815369,1.7013922929763794
5651,3350,1.5064961910247803,0.9479978680610657,1.124803066253662,1.8122341632843018
5651,3360,1.3671584129333496,0.8883484601974487,1.0058867931365967,1.8323373794555664
5651,3370,1.4693374633789062,0.860889196395874,1.0630234479904175,1.922835111618042
5651,3380,1.3873562812805176,0.7945788502693176,0.8357629776000977,1.6494970321655273
5651,3390,1.4634569883346558,0.9266198873519897,1.022030234336853,1.9203523397445679
5651,3400,1.4541378021240234,0.9000982046127319,1.0638937950134277,1.9625883102416992
5651,3410,1.3828036785125732,0.8041354417800903,0.973825216293335,1.7380903959274292
5651,3420,1.4355663061141968,0.8748277425765991,1.040624976158142,1.9290647506713867
5651,3430,1.3435472249984741,0.8380061388015747,0.9264543652534485,1.6279346942901611
5651,3440,1.2421917915344238,0.8168275356292725,0.8868430256843567,1.7690945863723755
5651,3450,1.5009739398956299,0.9551328420639038,0.8744855523109436,1.5970631837844849
5651,3460,1.537322998046875,0.9267500042915344,1.0855426788330078,1.8845769166946411
5651,3470,1.432720422744751,0.8750172257423401,0.9676090478897095,1.7329962253570557
5651,3480,1.2654703855514526,0.8166952729225159,0.8941622376441956,1.6810965538024902
5651,3490,1.4943804740905762,0.8596656322479248,0.9976851344108582,1.9386703968048096
5651,3500,1.4627668857574463,0.8796554207801819,1.0373603105545044,1.9389008283615112
5651,3510,1.3556187152862549,0.8179981708526611,0.9539608359336853,1.5856257677078247
5651,3520,1.382292628288269,0.769031286239624,0.9391916990280151,1.6773018836975098
5651,3530,1.3162862062454224,0.8791636824607849,0.9340044260025024,1.7640666961669922
5651,3540,1.391402244567871,0.8222780823707581,1.0164434909820557,1.8571829795837402
5651,3550,1.3939783573150635,0.8715294003486633,0.9778788089752197,1.8372780084609985
5651,3560,1.3867110013961792,0.920952320098877,0.996921181678772,1.8900269269943237
5651,3570,1.4123311042785645,0.9151361584663391,0.9968945980072021,1.7961753606796265
5651,3580,1.2887442111968994,0.9255707263946533,0.925184428691864,1.8833171129226685
5651,3590,1.4553046226501465,0.9363508224487305,1.0936206579208374,1.8791576623916626
5651,3600,1.3412827253341675,0.8770228028297424,0.8648357391357422,1.7762788534164429
5651,3610,1.284136414527893,0.8131101727485657,0.8927172422409058,1.7295204401016235
5651,3620,1.41312837600708,0.9163832068443298,0.9975756406784058,1.8072175979614258
5651,3630,1.3826526403427124,0.9236329793930054,1.0027233362197876,1.7472342252731323
5651,3640,1.3613964319229126,0.851826548576355,1.0250991582870483,1.676110863685608
5651,3650,1.3706895112991333,0.8320055603981018,0.9227879047393799,1.9386661052703857
5651,3660,1.3995293378829956,0.8373011350631714,1.0378763675689697,1.896254539489746
5651,3670,1.3800990581512451,0.9113719463348389,1.0529699325561523,1.8841924667358398
5651,3680,1.3665648698806763,0.8373473882675171,1.0316002368927002,1.8334866762161255
5651,3690,1.4573638439178467,0.8131488561630249,0.8868982195854187,1.694469928741455
5651,3700,1.456334114074707,0.9005300998687744,0.8728976249694824,1.826085090637207
5651,3710,1.2965412139892578,0.8669093251228333,0.9236054420471191,1.8276901245117188
5651,3720,1.4242905378341675,0.832116961479187,1.0112488269805908,2.019927501678467
5651,3730,1.401118278503418,0.8887830972671509,1.0547444820404053,1.7962942123413086
5651,3740,1.3648526668548584,0.8734613060951233,0.9778780937194824,1.8104071617126465
5651,3750,1.4622231721878052,0.9636384844779968,1.067168951034546,2.06168532371521
5651,3760,1.3543927669525146,0.9018218517303467,0.9942908883094788,1.8627508878707886
5651,3770,1.3393038511276245,0.8311089873313904,0.9227688908576965,1.9441683292388916
5651,3780,1.372686505317688,0.8654945492744446,1.0151042938232422,1.9686002731323242
5651,3790,1.3055397272109985,0.8177643418312073,0.8897373676300049,1.8732527494430542
5651,3800,1.3776955604553223,0.8162180185317993,0.9444190859794617,1.991564393043518
5651,3810,1.2748321294784546,0.8787549734115601,0.8875288963317871,1.7002447843551636
5651,3820,1.305619478225708,0.7989887595176697,0.9639604091644287,1.889784336090088
5651,3830,1.4064557552337646,0.8681483864784241,1.0050996541976929,1.8312841653823853
5651,3840,1.331691026687622,0.8652854561805725,0.9638840556144714,1.8852925300598145
5651,3850,1.4518593549728394,0.857948899269104,0.9273619651794434,1.8393220901489258
5651,3860,1.3901407718658447,0.8440267443656921,0.9987308382987976,1.8081704378128052
5651,3870,1.385372519493103,0.87545245885849,0.958362877368927,1.6820049285888672
5651,3880,1.2737658023834229,0.800876259803772,0.9859797954559326,1.8807507753372192
5651,3890,1.4251822233200073,0.8361440896987915,1.023842215538025,1.878928542137146
5651,3900,1.19511079788208,0.8173593878746033,0.8983858823776245,1.6391843557357788
5651,3910,1.372318148612976,0.8785373568534851,0.906059741973877,1.7841594219207764
5651,3920,1.4961276054382324,0.9627679586410522,1.0573750734329224,2.2723567485809326
5651,3930,1.4105243682861328,0.9042491316795349,1.0869261026382446,1.983433723449707
5651,3940,1.4343633651733398,0.8766576051712036,1.0265065431594849,1.9650496244430542
5651,3950,1.381286859512329,0.8408651351928711,0.9885939359664917,1.7919896841049194
5651,3960,1.3431613445281982,0.8640584945678711,0.9107127785682678,1.9351564645767212
5651,3970,1.3637311458587646,0.8597186803817749,0.9775314927101135,1.9157459735870361
5651,3980,1.4354310035705566,0.8249654173851013,1.0459990501403809,2.0210211277008057
5651,3990,1.3977667093276978,0.9207648634910583,1.0169835090637207,1.8688534498214722
5651,4000,1.3270885944366455,0.9141079187393188,1.0126835107803345,1.7241647243499756
5651,4010,1.3847019672393799,0.791917622089386,0.9040929675102234,1.8663303852081299
5651,4020,1.2187703847885132,0.8165515661239624,0.8692242503166199,1.8100605010986328
5651,4030,1.374948263168335,0.9197643399238586,1.087921142578125,2.0599546432495117
5651,4040,1.3898286819458008,0.8502132296562195,1.1173615455627441,2.035862445831299
5651,4050,1.374462366104126,0.8875638246536255,0.8722110986709595,1.9130443334579468
5651,4060,1.3692152500152588,0.8370875120162964,0.8785616755485535,1.9452792406082153
5651,4070,1.4297566413879395,0.8053699731826782,0.9627199769020081,1.8258692026138306
5651,4080,1.3962962627410889,0.9428044557571411,0.9723944664001465,1.7388898134231567
5651,4090,1.3640575408935547,0.9197035431861877,1.0491045713424683,2.0357794761657715
5651,4100,1.3831572532653809,0.9849850535392761,1.0604742765426636,2.095006227493286
5651,4110,1.3098325729370117,0.8796312808990479,1.0411624908447266,1.8810703754425049
5651,4120,1.375024437904358,0.8820652961730957,0.9818701148033142,1.8146038055419922
5651,4130,1.3895726203918457,0.8503597378730774,0.9878151416778564,2.0794570446014404
5651,4140,1.34480881690979,0.8862370848655701,1.0186599493026733,2.0229976177215576
5651,4150,1.4143766164779663,0.9075896739959717,1.0355132818222046,1.8772238492965698
5651,4160,1.301347255706787,0.835252046585083,0.9314351081848145,1.6540250778198242
5651,4170,1.290944218635559,0.8707007169723511,0.9284895658493042,1.778600811958313
5651,4180,1.4013348817825317,0.8954526782035828,0.9635815024375916,1.9361863136291504
5651,4190,1.3947490453720093,0.8784867525100708,0.9925313591957092,1.8043028116226196
5651,4200,1.3659210205078125,0.9059973359107971,0.9698240756988525,1.9455515146255493
5651,4210,1.4316551685333252,0.896602213382721,1.0468014478683472,1.975233793258667
5651,4220,1.312483310699463,0.9014201164245605,0.983502984046936,1.8076075315475464
5651,4230,1.3941303491592407,0.8841281533241272,1.0088061094284058,1.8102478981018066
5651,4240,1.363767147064209,0.8913517594337463,1.0584933757781982,1.819594144821167
5651,4250,1.3781678676605225,0.8905436992645264,1.0058101415634155,1.9387215375900269
5651,4260,1.3121920824050903,0.8867577314376831,0.935900092124939,1.823114275932312
5651,4270,1.3618587255477905,0.879659116268158,0.961715817451477,2.006552219390869
5651,4280,1.432163119316101,0.8627101182937622,1.0111427307128906,1.8377548456192017
5651,4290,1.4231641292572021,0.9419964551925659,1.0114941596984863,2.1139519214630127
5651,4300,1.3248437643051147,0.7847654819488525,0.9272698163986206,1.8019448518753052
5651,4310,1.1866190433502197,0.8712118268013,0.9487931728363037,1.6645445823669434
5651,4320,1.338308334350586,0.8566983938217163,0.9885022044181824,2.050945281982422
5651,4330,1.3937158584594727,0.8573853969573975,1.0306181907653809,1.9233814477920532
5651,4340,1.3748334646224976,0.9066939949989319,1.0735642910003662,1.7658576965332031
5651,4350,1.292079210281372,0.8721386194229126,0.9078680276870728,1.9079909324645996
5651,4360,1.3641164302825928,0.8871493935585022,0.969995379447937,1.9475736618041992
5651,4370,1.3321266174316406,0.9158671498298645,0.9751497507095337,1.9477134943008423
5651,4380,1.324337363243103,0.8435841202735901,0.9536121487617493,1.7583303451538086
5651,4390,1.4540051221847534,0.8859105110168457,1.0435965061187744,1.9666337966918945
5651,4400,1.2919669151306152,0.851418137550354,0.9919804930686951,2.002868175506592
5651,4410,1.3513553142547607,0.8591275811195374,1.0313657522201538,1.8313862085342407
5651,4420,1.3816568851470947,0.9241995811462402,1.0596528053283691,1.9691507816314697
5651,4430,1.3406429290771484,0.8312779664993286,1.0300321578979492,1.7581303119659424
5651,4440,1.2708005905151367,0.9015440940856934,0.957398533821106,1.6392289400100708
5651,4450,1.3895760774612427,0.8723822832107544,0.9724514484405518,1.9313949346542358
5651,4460,1.2826179265975952,0.8610513806343079,0.9642398357391357,1.7889336347579956
5651,4470,1.3212937116622925,0.8891518115997314,0.9961704015731812,1.8479772806167603
5651,4480,1.4460806846618652,0.8826450705528259,1.048402190208435,1.9020262956619263
5651,4490,1.3045408725738525,0.9305825233459473,1.0740071535110474,1.956215739250183
5651,4500,1.424234390258789,0.9323540329933167,1.1456999778747559,1.9676992893218994
5651,4510,1.427620530128479,0.9061126708984375,0.9665470123291016,2.0056982040405273
5651,4520,1.3949346542358398,0.8851357698440552,1.051818609237671,2.014180898666382
5651,4530,1.3785210847854614,0.8382235765457153,1.0107827186584473,1.9266383647918701
5651,4540,1.398838996887207,0.85850989818573,1.0505644083023071,2.031430721282959
5651,4550,1.3374457359313965,0.858704686164856,1.0066276788711548,1.7505947351455688
5651,4560,1.2862738370895386,0.8203302621841431,0.9259899854660034,1.7715513706207275
5651,4570,1.3442798852920532,0.9044567346572876,0.9606183767318726,1.7914901971817017
5651,4580,1.2929209470748901,0.8217399716377258,1.0112038850784302,1.933699607849121
5651,4590,1.5248805284500122,0.9736456274986267,1.1590673923492432,2.0997862815856934
5651,4600,1.2697354555130005,0.8119822144508362,0.9691550731658936,1.944158673286438
5651,4610,1.4110767841339111,0.9203705787658691,1.017763614654541,1.7251168489456177
5651,4620,1.3002140522003174,0.8647749423980713,0.9981080889701843,2.0456900596618652
5651,4630,1.292007327079773,0.9158242344856262,1.0009653568267822,1.9145843982696533
5651,4640,1.302021861076355,0.8366292715072632,0.9597200751304626,1.9854050874710083
5651,4650,1.2908908128738403,0.8797206282615662,0.9993427395820618,1.913975715637207
5651,4660,1.441951870918274,0.8877484202384949,1.1122691631317139,2.0063564777374268
5651,4670,1.3574554920196533,0.9147266745567322,1.082470417022705,1.8157857656478882
5651,4680,1.3367815017700195,0.8835523128509521,0.9744823575019836,1.9190073013305664
5651,4690,1.3449583053588867,0.8251409530639648,1.117386817932129,1.9869886636734009
5651,4700,1.3461153507232666,0.9075056314468384,1.050429105758667,1.7442487478256226
5651,4710,1.293283462524414,0.9216353297233582,0.9125125408172607,1.7146083116531372
5651,4720,1.3131505250930786,0.9347625970840454,0.9280461072921753,1.8172142505645752
5651,4730,1.2948375940322876,0.8696060180664062,1.0183093547821045,1.9715360403060913
5651,4740,1.3922497034072876,0.8443615436553955,0.976851761341095,1.8727846145629883
5651,4750,1.5810257196426392,0.9464061856269836,1.1352651119232178,2.1670920848846436
5651,4760,1.271496057510376,0.8813583850860596,1.0234458446502686,1.8304728269577026
5651,4770,1.3306001424789429,0.8085549473762512,1.0593560934066772,1.916196584701538
5651,4780,1.362134575843811,0.820514976978302,1.095380187034607,1.9231098890304565
5651,4790,1.313474416732788,0.8627757430076599,1.1205142736434937,1.8669662475585938
5651,4800,1.2647227048873901,0.8427631258964539,0.9656733274459839,1.8981881141662598
5651,4810,1.302413821220398,0.8558251857757568,0.9358657598495483,1.837030291557312
5651,4820,1.4518455266952515,0.854533314704895,1.0610398054122925,2.0421018600463867
5651,4830,1.3620638847351074,0.8452603220939636,1.0003101825714111,1.9216188192367554
5651,4840,1.2242727279663086,0.8829019069671631,1.0192463397979736,1.8041445016860962
5651,4850,1.389391303062439,0.8538567423820496,1.0363696813583374,2.062324047088623
5651,4860,1.2683584690093994,0.8261538743972778,0.997040867805481,2.0028674602508545
5651,4870,1.3917502164840698,0.8666601777076721,1.0148897171020508,1.733846664428711
5651,4880,1.3615328073501587,0.8597657680511475,1.0638413429260254,1.967052698135376
5651,4890,1.3256984949111938,0.9459367394447327,1.035881757736206,1.8940998315811157
5651,4900,1.4194724559783936,0.8804836869239807,1.0929551124572754,2.0463457107543945
5651,4910,1.2959518432617188,0.8279948234558105,0.9937337040901184,1.893925666809082
5651,4920,1.3310458660125732,0.9224706292152405,1.1580662727355957,1.9890124797821045
5651,4930,1.326045274734497,0.9203224182128906,0.9828871488571167,2.077542543411255
5651,4940,1.4646636247634888,0.9281944632530212,1.1701875925064087,1.9994016885757446
5651,4950,1.229285717010498,0.9368578195571899,1.047694206237793,1.9297599792480469
5651,4960,1.4044981002807617,0.8333629369735718,1.016420602798462,1.9947885274887085
5651,4970,1.3454645872116089,0.864215075969696,1.0096638202667236,1.9022164344787598
5651,4980,1.3538202047348022,0.9510596990585327,1.079898715019226,1.9374027252197266
5651,4990,1.3176888227462769,0.8349520564079285,1.154303789138794,2.0531280040740967
5651,5000,1.3578298091888428,0.8951297402381897,1.0865626335144043,1.955736756324768
5651,5010,1.2889115810394287,0.9188877940177917,1.016208529472351,1.9943101406097412
5651,5020,1.3878635168075562,0.8609195351600647,1.0304921865463257,1.7956345081329346
5651,5030,1.246077060699463,0.9131627678871155,0.9844669103622437,1.9766722917556763
5651,5040,1.395613670349121,0.9229409098625183,1.0677754878997803,1.9933286905288696
5651,5050,1.3495750427246094,0.8691412806510925,0.9501966238021851,1.744589924812317
5651,5060,1.190332293510437,0.8300536274909973,0.8859230279922485,1.6612142324447632
5651,5070,1.3398964405059814,0.9015597701072693,1.0937443971633911,1.9319262504577637
5651,5080,1.1764580011367798,0.8661080002784729,0.9249361753463745,1.730838418006897
5651,5090,1.421986699104309,0.8931587934494019,1.042516827583313,2.055833101272583
5651,5100,1.2896724939346313,0.8488000631332397,1.0381847620010376,2.0857748985290527
5651,5110,1.2861685752868652,0.8247231245040894,1.0355223417282104,1.7651207447052002
5651,5120,1.2082637548446655,0.8586165308952332,1.0198458433151245,2.016066789627075
5651,5130,1.3166041374206543,0.8621646761894226,1.1147472858428955,1.9004480838775635
5651,5140,1.3205792903900146,0.9740432500839233,1.1017639636993408,2.0058672428131104
5651,5150,1.3965879678726196,0.8790026307106018,0.9977806210517883,1.6419084072113037
5651,5160,1.3249613046646118,0.8499329686164856,1.0271342992782593,2.0680558681488037
5651,5170,1.3847062587738037,0.8663654923439026,1.034196376800537,2.0705759525299072
5651,5180,1.4078493118286133,0.8963583111763,1.1723105907440186,1.9137325286865234
5651,5190,1.380842924118042,0.8728696703910828,1.0672982931137085,1.917318344116211
5651,5200,1.2610448598861694,0.8318073749542236,0.9171003103256226,1.7378618717193604
5651,5210,1.2597742080688477,0.805521547794342,1.008718729019165,1.8215911388397217
5651,5220,1.4167609214782715,0.9593870043754578,1.0783747434616089,2.08556866645813
5651,5230,1.3237100839614868,0.8189529776573181,1.0575405359268188,1.7680658102035522
5651,5240,1.341504454612732,0.8765812516212463,1.0830367803573608,2.059349298477173
5651,5250,1.3543099164962769,0.8573665022850037,1.0445083379745483,1.9342527389526367
5651,5260,1.2591853141784668,0.8483943343162537,0.9954918622970581,1.8954285383224487
5651,5270,1.4193933010101318,0.8349191546440125,1.0442590713500977,2.0090107917785645
5651,5280,1.243507981300354,0.8963853716850281,1.02052903175354,1.8114680051803589
5651,5290,1.4349945783615112,0.8844196200370789,1.099117398262024,1.825595736503601
5651,5300,1.3795506954193115,0.9118329882621765,1.0961222648620605,2.003295660018921
5651,5310,1.3813719749450684,0.8682956099510193,1.1149301528930664,2.046628475189209
5651,5320,1.4373141527175903,0.8523692488670349,1.0930371284484863,1.8116052150726318
5651,5330,1.3174430131912231,0.9105507135391235,1.0951695442199707,2.007530927658081
5651,5340,1.2518539428710938,0.9019163846969604,1.0654807090759277,1.8555963039398193
5651,5350,1.3214737176895142,0.8891809582710266,1.0175342559814453,1.9288644790649414
5651,5360,1.3556702136993408,0.9096711874008179,1.0765630006790161,1.8997530937194824
5651,5370,1.2455822229385376,0.8689091205596924,1.0724290609359741,2.100114107131958
5651,5380,1.3180720806121826,0.8566315770149231,1.0842031240463257,1.9116843938827515
5651,5390,1.2433972358703613,0.823324978351593,1.0515087842941284,1.9703304767608643
5651,5400,1.2659201622009277,0.8976395726203918,1.0222499370574951,1.903419852256775
5651,5410,1.4426681995391846,0.921245813369751,1.2225942611694336,2.0347023010253906
5651,5420,1.3869863748550415,0.8730673789978027,1.23231840133667,1.9507521390914917
5651,5430,1.37270188331604,0.9659254550933838,1.0560150146484375,1.8263065814971924
5651,5440,1.2898236513137817,0.881188154220581,1.0403400659561157,2.008664846420288
5651,5450,1.3566817045211792,0.8437864780426025,1.0168159008026123,1.9290364980697632
5651,5460,1.3468610048294067,0.8524748086929321,1.0580745935440063,1.9525539875030518
5651,5470,1.3481531143188477,0.9017745852470398,1.0906561613082886,1.9614614248275757
5651,5480,1.213805913925171,0.84950852394104,0.9949823617935181,1.9121654033660889
5651,5490,1.3270907402038574,0.869195818901062,1.1179970502853394,2.028726577758789
5651,5500,1.28731107711792,0.8848950862884521,1.019234538078308,1.891149640083313
5651,5510,1.3750190734863281,0.8534602522850037,1.105700135231018,2.0721960067749023
5651,5520,1.31360924243927,0.9198166728019714,1.0749218463897705,2.025663375854492
5651,5530,1.397988200187683,0.9091557264328003,1.106971025466919,2.092679977416992
5651,5540,1.3028295040130615,0.8371469974517822,1.0348587036132812,1.811699390411377
5651,5550,1.3171149492263794,0.8868083357810974,1.0072412490844727,1.7557846307754517
5651,5560,1.2071809768676758,0.7917776703834534,0.9833430051803589,1.6824015378952026
5651,5570,1.2919672727584839,0.8578140735626221,1.0458614826202393,1.8181859254837036
5651,5580,1.3168957233428955,1.0554907321929932,1.0965980291366577,1.9471282958984375
5651,5590,1.1947687864303589,0.8522071242332458,1.0334237813949585,1.8207283020019531
5651,5600,1.3632692098617554,0.9666720628738403,1.1306143999099731,1.9086370468139648
5651,5610,1.3312033414840698,0.8251886367797852,1.0660374164581299,1.8794219493865967
5651,5620,1.2605633735656738,0.8696163296699524,1.0316611528396606,1.8600003719329834
5651,5630,1.407364010810852,0.9268341660499573,1.0990955829620361,2.0201644897460938
5651,5640,1.2294020652770996,0.8329894542694092,1.0366181135177612,1.933344841003418
5651,5650,1.3896046876907349,0.8776283264160156,1.1240735054016113,2.0305211544036865
5651,5660,1.328507661819458,0.8072460293769836,1.0382939577102661,1.922755479812622
5651,5670,1.3985620737075806,0.8717871308326721,1.1625721454620361,2.092456817626953
5651,5680,1.3485946655273438,0.8604989051818848,1.036776065826416,1.9471709728240967
5651,5690,1.267214059829712,0.8402393460273743,1.0372804403305054,1.9198232889175415
5651,5700,1.3388638496398926,0.9092395901679993,1.0846012830734253,1.868528127670288
5651,5710,1.4281080961227417,0.9611908793449402,1.2140101194381714,2.2080628871917725
5651,5720,1.34363853931427,0.9021072387695312,1.148307204246521,2.1872544288635254
5651,5730,1.3408942222595215,0.9032424688339233,1.0617499351501465,2.0166337490081787
5651,5740,1.3782038688659668,0.9314468502998352,1.1643483638763428,2.073269844055176
5651,5750,1.4066190719604492,0.8513390421867371,1.2077829837799072,1.9656391143798828
5651,5760,1.3839666843414307,0.8148105144500732,1.1032915115356445,2.163949728012085
5651,5770,1.3317817449569702,0.8597471714019775,1.0705382823944092,1.8782020807266235
5651,5780,1.3785052299499512,0.92903071641922,1.217533826828003,2.0990753173828125
5651,5790,1.2478231191635132,0.8758933544158936,1.0462929010391235,1.8901478052139282
5651,5800,1.2847999334335327,0.9003275036811829,1.0572378635406494,1.8951425552368164
5651,5810,1.2809910774230957,0.9164415597915649,0.9961511492729187,1.7992475032806396
5651,5820,1.3641332387924194,0.8654991984367371,1.1448864936828613,2.013010025024414
5651,5830,1.393660545349121,0.9097368717193604,1.1137893199920654,2.059190273284912
5651,5840,1.2714905738830566,0.9125977158546448,1.0657438039779663,1.87959623336792
5651,5850,1.3480777740478516,0.8841122388839722,1.0548737049102783,1.840457558631897
5651,5860,1.2630656957626343,0.8613616228103638,1.0632771253585815,1.8227497339248657
5651,5870,1.3194414377212524,0.9923932552337646,1.1886450052261353,1.9995149374008179
5651,5880,1.337025761604309,0.8516364097595215,1.1544796228408813,1.9013330936431885
5651,5890,1.3688108921051025,0.9177618026733398,1.1808730363845825,2.1197011470794678
5651,5900,1.374825358390808,0.9440048336982727,1.118912696838379,2.1500015258789062
5651,5910,1.360053300857544,0.8474719524383545,1.0866950750350952,1.9165599346160889
5651,5920,1.3434346914291382,0.9462010264396667,1.102025032043457,2.111232280731201
5651,5930,1.3047326803207397,0.9266234040260315,1.1191072463989258,1.92664635181427
5651,5940,1.3230010271072388,0.8683353662490845,1.1327331066131592,2.10856294631958
5651,5950,1.3522801399230957,0.859157145023346,1.056903600692749,1.9215843677520752
5651,5960,1.3560868501663208,0.905247688293457,1.116431474685669,1.9522278308868408
5651,5970,1.3199156522750854,1.0180323123931885,1.0643302202224731,1.974171757698059
5651,5980,1.285887360572815,0.9006729125976562,1.063817024230957,2.1485865116119385
5651,5990,1.289771318435669,0.8584858775138855,1.0179373025894165,1.8850507736206055
5651,6000,1.3308206796646118,0.9187310338020325,1.1541305780410767,2.1429202556610107
5651,6010,1.3520973920822144,0.9406780004501343,1.165104627609253,2.0220367908477783
5651,6020,1.313668131828308,0.8928506970405579,1.0516663789749146,1.8142751455307007
5651,6030,1.453196406364441,0.914601743221283,1.1721432209014893,2.2201147079467773
5651,6040,1.3197021484375,0.8999025821685791,1.0613648891448975,1.8631116151809692
5651,6050,1.383474349975586,0.8985122442245483,1.1500338315963745,2.142174243927002
5651,6060,1.3667527437210083,0.8218808174133301,1.0198394060134888,1.9628592729568481
5651,6070,1.314023494720459,0.9845982789993286,1.028132438659668,2.067397356033325
5651,6080,1.171744704246521,0.8351239562034607,0.987477719783783,1.9354575872421265
5651,6090,1.3814343214035034,0.9626944065093994,1.1080387830734253,1.9703277349472046
5651,6100,1.4688539505004883,0.9418173432350159,1.2495348453521729,2.0531551837921143
5651,6110,1.2815752029418945,0.807654857635498,0.9825067520141602,1.9228070974349976
5651,6120,1.328027606010437,0.8466382026672363,1.084416389465332,2.001904249191284
5651,6130,1.3050516843795776,0.8286823034286499,0.9623731970787048,1.8032358884811401
5651,6140,1.364314317703247,0.9040672779083252,1.0965505838394165,1.9928780794143677
5651,6150,1.2053836584091187,0.8993924856185913,0.9393593668937683,1.9210658073425293
5651,6160,1.2536299228668213,0.841782808303833,1.052006721496582,1.9621111154556274
5651,6170,1.2410858869552612,0.8683434128761292,1.0031622648239136,1.8297621011734009
5651,6180,1.3632079362869263,0.9328840970993042,1.1209064722061157,2.005094051361084
5651,6190,1.3266336917877197,0.8646004796028137,0.9826213717460632,1.792099952697754
5651,6200,1.342748761177063,0.87477046251297,1.1172062158584595,1.9436028003692627
5651,6210,1.3725948333740234,0.9132176041603088,1.0184766054153442,1.851215124130249
5651,6220,1.2857749462127686,0.8903066515922546,1.0638084411621094,1.9505130052566528
5651,6230,1.225187063217163,0.8394359350204468,1.0172415971755981,1.8380496501922607
5651,6240,1.2051831483840942,0.8890308141708374,1.0346771478652954,1.7878837585449219
5651,6250,1.4084699153900146,0.8612033724784851,1.2050856351852417,1.9782114028930664
5651,6260,1.3027675151824951,0.8767309784889221,1.0516291856765747,2.022836685180664
5651,6270,1.30336594581604,0.8830248713493347,1.0426075458526611,2.023427963256836
5651,6280,1.29660964012146,0.857665479183197,1.0944063663482666,2.011378288269043
5651,6290,1.273107886314392,0.8694793581962585,0.9457037448883057,1.7396904230117798
5651,6300,1.2091478109359741,0.9027185440063477,0.9539729356765747,1.9528089761734009
5651,6310,1.360756278038025,0.9121236205101013,1.1064271926879883,1.947258710861206
5651,6320,1.3632162809371948,0.8781300187110901,1.1562573909759521,2.1533987522125244
5651,6330,1.3532768487930298,0.8841224908828735,1.0996737480163574,1.8859508037567139
5651,6340,1.2735847234725952,0.8786521553993225,1.0888619422912598,2.0126326084136963
5651,6350,1.2466118335723877,0.9162556529045105,1.1388676166534424,1.8739746809005737
5651,6360,1.4063012599945068,1.0184868574142456,1.2314366102218628,2.039536237716675
5651,6370,1.3239479064941406,0.87934410572052,1.0897345542907715,1.861725091934204
5651,6380,1.2172954082489014,0.8968799114227295,0.9912710189819336,1.8178753852844238
5651,6390,1.2634353637695312,0.8158588409423828,1.0117310285568237,1.8190183639526367
5651,6400,1.2998616695404053,0.8957645893096924,1.1282148361206055,1.7539278268814087
5651,6410,1.3886884450912476,0.8335006237030029,1.1145634651184082,1.8967481851577759
5651,6420,1.3430296182632446,0.8745495676994324,1.0866210460662842,1.8484810590744019
5651,6430,1.3514885902404785,0.890441358089447,1.032838225364685,1.918685793876648
5651,6440,1.259713053703308,0.8368420600891113,1.0785733461380005,1.8021724224090576
5651,6450,1.2741659879684448,0.8526451587677002,1.0541046857833862,1.7639684677124023
5651,6460,1.2500289678573608,0.9013901352882385,1.09742271900177,1.9695345163345337
5651,6470,1.243896484375,0.85069739818573,1.003426194190979,1.6985610723495483
5651,6480,1.1800318956375122,0.864790141582489,1.0478291511535645,1.9169914722442627
5651,6490,1.342756748199463,0.8885418772697449,1.07809579372406,2.009486198425293
5651,6500,1.4333137273788452,1.045670747756958,1.2369108200073242,2.1319994926452637
5651,6510,1.2646173238754272,0.9053756594657898,1.0534539222717285,1.9702256917953491
5651,6520,1.3616950511932373,0.9027931094169617,1.0868229866027832,1.8699768781661987
5651,6530,1.3569368124008179,0.872826337814331,1.0612093210220337,1.927309513092041
5651,6540,1.332195520401001,0.8526358604431152,1.1848578453063965,2.0013206005096436
5651,6550,1.207934856414795,0.874168336391449,1.0402419567108154,1.8305723667144775
5651,6560,1.2998043298721313,0.9994059205055237,1.1371556520462036,1.8908737897872925
5651,6570,1.2409319877624512,0.8964251279830933,1.0290223360061646,1.9042445421218872
5651,6580,1.2661174535751343,0.9236077070236206,1.009444236755371,1.9337877035140991
5651,6590,1.313405990600586,0.8573808670043945,1.1755554676055908,1.969274640083313
5651,6600,1.327812910079956,0.9210373163223267,1.0821067094802856,2.0141053199768066
5651,6610,1.3290162086486816,0.7741323709487915,1.0742820501327515,1.9236359596252441
5651,6620,1.3417794704437256,0.9020922780036926,1.0884332656860352,2.080859899520874
5651,6630,1.183318853378296,0.9088075160980225,1.0396227836608887,1.807784914970398
5651,6640,1.2576580047607422,0.8369254469871521,1.0631808042526245,1.9252833127975464
5651,6650,1.3100632429122925,0.9580948948860168,1.0720547437667847,1.911967158317566
5651,6660,1.2338898181915283,0.8720724582672119,0.9816795587539673,1.8171714544296265
5651,6670,1.2957031726837158,0.9114972949028015,1.0223182439804077,2.1182615756988525
5651,6680,1.3721990585327148,0.9337489604949951,1.1436703205108643,2.0666158199310303
5651,6690,1.3093695640563965,0.8978427052497864,1.0654473304748535,1.9885045289993286
5651,6700,1.3886975049972534,0.9400941729545593,1.1450642347335815,1.8373939990997314
5651,6710,1.2347332239151,0.8072604537010193,1.0280871391296387,1.774627923965454
5651,6720,1.3477665185928345,0.8365919589996338,1.0807743072509766,1.8650437593460083
5651,6730,1.2402808666229248,0.8322783708572388,0.9750369787216187,1.797633171081543
5651,6740,1.221209168434143,0.8626002669334412,0.9842818975448608,1.8858165740966797
5651,6750,1.3481618165969849,0.9110432267189026,1.0907522439956665,2.054234743118286
5651,6760,1.2741045951843262,0.8246376514434814,1.0598737001419067,1.8376693725585938
5651,6770,1.3012261390686035,0.8484006524085999,1.0464212894439697,1.8119405508041382
5651,6780,1.2558571100234985,0.8189009428024292,1.038942813873291,1.8109471797943115
5651,6790,1.2385915517807007,0.842453122138977,0.9922828078269958,1.8811419010162354
5651,6800,1.3406736850738525,0.8905588984489441,1.1400461196899414,1.8710381984710693
5651,6810,1.2074756622314453,0.9018243551254272,1.0558384656906128,1.8131358623504639
5651,6820,1.313313603401184,0.8468084335327148,1.0788217782974243,1.8355118036270142
5651,6830,1.2743206024169922,0.8549606800079346,1.036180853843689,1.82988440990448
5651,6840,1.2710269689559937,0.8885159492492676,1.0488694906234741,1.7602676153182983
5651,6850,1.2691831588745117,0.8639769554138184,0.9941160678863525,1.8011871576309204
5651,6860,1.3133690357208252,0.8362727761268616,1.10810124874115,1.9688810110092163
5651,6870,1.2847046852111816,0.8831625580787659,1.1075056791305542,1.7406957149505615
5651,6880,1.2471964359283447,0.8220045566558838,0.9535235166549683,1.6667722463607788
5651,6890,1.4428279399871826,0.8768035173416138,1.214601755142212,1.8738621473312378
5651,6900,1.294942855834961,0.9651010632514954,1.0168203115463257,1.7897427082061768
5651,6910,1.1921347379684448,0.8365156054496765,1.0370854139328003,1.7094628810882568
5651,6920,1.3300734758377075,0.894359827041626,1.0592613220214844,1.9267827272415161
5651,6930,1.2608428001403809,0.8581140637397766,1.1003741025924683,1.8571436405181885
5651,6940,1.374298095703125,0.9305965900421143,1.1401840448379517,2.0166213512420654
5651,6950,1.2915387153625488,0.8727021813392639,1.1279114484786987,1.955998182296753
5651,6960,1.2764685153961182,0.9004200100898743,1.0063310861587524,1.718916416168213
5651,6970,1.2840664386749268,0.963070273399353,1.1470558643341064,2.0109312534332275
5651,6980,1.2728533744812012,1.0223814249038696,1.1701056957244873,2.104966163635254
5651,6990,1.3149397373199463,0.8663797378540039,1.10751211643219,1.9360058307647705
5651,7000,1.2422006130218506,0.8810521364212036,1.0313197374343872,1.7975995540618896
5651,7010,1.25917387008667,0.8439351916313171,1.1116775274276733,1.832012414932251
5651,7020,1.2860950231552124,0.9015474915504456,1.1347682476043701,1.9311202764511108
5651,7030,1.296264886856079,0.8936245441436768,1.0946232080459595,2.004964828491211
5651,7040,1.297487735748291,0.9449710845947266,1.1510939598083496,1.9202488660812378
5651,7050,1.3137871026992798,0.8671974539756775,1.0907965898513794,1.8717411756515503
5651,7060,1.3255245685577393,0.9071775078773499,1.1726751327514648,1.9015247821807861
5651,7070,1.2013098001480103,0.8656840920448303,1.0470246076583862,1.8625158071517944
5651,7080,1.1482703685760498,0.869094967842102,0.9880899786949158,1.6462788581848145
5651,7090,1.4176174402236938,0.932861864566803,1.2835444211959839,2.020329475402832
5651,7100,1.2151230573654175,0.860722541809082,1.07407808303833,1.8424848318099976
5651,7110,1.2226179838180542,0.9113929271697998,1.0101274251937866,1.8545583486557007
5651,7120,1.2681940793991089,0.9140704274177551,1.1067123413085938,2.0061886310577393
5651,7130,1.3952174186706543,0.928138256072998,1.1851516962051392,1.9681065082550049
5651,7140,1.2141430377960205,0.8650424480438232,1.0170042514801025,1.9446197748184204
5651,7150,1.3502988815307617,0.9266528487205505,1.1322216987609863,1.9929919242858887
5651,7160,1.2832489013671875,0.8264526724815369,1.1002006530761719,1.9638383388519287
5651,7170,1.2896175384521484,0.8816889524459839,1.1269336938858032,1.9002271890640259
5651,7180,1.4038324356079102,0.9331455826759338,1.212627649307251,2.0751686096191406
5651,7190,1.2842485904693604,0.9973034262657166,1.1288423538208008,1.7967216968536377
5651,7200,1.3336703777313232,1.0525084733963013,1.2277230024337769,2.035067081451416
5651,7210,1.2665008306503296,0.8775826096534729,1.1186845302581787,1.9889848232269287
5651,7220,1.2713727951049805,0.9013625383377075,1.0874996185302734,1.8654813766479492
5651,7230,1.4986177682876587,0.9040273427963257,1.1868327856063843,1.9484164714813232
5651,7240,1.3223118782043457,0.8339958786964417,1.1102876663208008,2.0548391342163086
5651,7250,1.2308743000030518,0.8956019878387451,1.0734587907791138,1.9665027856826782
5651,7260,1.3002632856369019,0.866105854511261,1.1182496547698975,1.9891468286514282
5651,7270,1.348850965499878,0.8672012090682983,1.1322362422943115,1.712036371231079
5651,7280,1.2861605882644653,0.9359881281852722,1.120503306388855,2.1318740844726562
5651,7290,1.3464412689208984,0.8964796662330627,1.192922830581665,1.925793170928955
5651,7300,1.2238634824752808,0.9371650815010071,1.078031301498413,1.939000129699707
5651,7310,1.2563198804855347,0.9154365062713623,1.083984136581421,1.8403879404067993
5651,7320,1.2815241813659668,0.8844435811042786,1.0828055143356323,1.9193464517593384
5651,7330,1.2235831022262573,0.8500023484230042,1.090937852859497,1.8667445182800293
5651,7340,1.3936126232147217,0.9540095925331116,1.116351842880249,1.9910918474197388
5651,7350,1.3044297695159912,0.8877124786376953,1.1066609621047974,1.7969133853912354
5651,7360,1.2555023431777954,0.8406736850738525,1.1208099126815796,1.8467540740966797
5651,7370,1.1863819360733032,0.8627949357032776,0.9822120666503906,1.9121627807617188
5651,7380,1.2427345514297485,0.8867809176445007,1.0778210163116455,1.915004849433899
5651,7390,1.253066062927246,0.8558149337768555,1.0466220378875732,1.860845685005188
5651,7400,1.3204317092895508,0.8824253678321838,1.207768201828003,1.886114239692688
5651,7410,1.288692593574524,0.8924919962882996,1.102903127670288,2.012915849685669
5651,7420,1.2939579486846924,0.9371260404586792,1.1815998554229736,2.0773589611053467
5651,7430,1.3006807565689087,0.896851658821106,1.1434797048568726,2.0294432640075684
5651,7440,1.2344504594802856,0.8818792700767517,1.0634162425994873,1.8772947788238525
5651,7450,1.3458973169326782,0.9384141564369202,1.2021180391311646,2.0932600498199463
5651,7460,1.2723404169082642,0.8400370478630066,1.0824463367462158,1.7972551584243774
5651,7470,1.2675036191940308,0.8710673451423645,1.064469814300537,1.860676884651184
5651,7480,1.2053046226501465,0.877601683139801,1.0424705743789673,1.8795592784881592
5651,7490,1.3183014392852783,0.9815530180931091,1.0682461261749268,1.9765392541885376
5651,7500,1.2992100715637207,0.8913529515266418,1.0771387815475464,1.8832496404647827
5651,7510,1.3417109251022339,0.9631476402282715,1.0642279386520386,1.9155380725860596
5651,7520,1.3549953699111938,0.9564142823219299,1.1177849769592285,2.021848201751709
5651,7530,1.2918981313705444,0.931536853313446,1.0498521327972412,1.861675500869751
5651,7540,1.222873330116272,0.8568494915962219,1.1372772455215454,2.0344746112823486
5651,7550,1.3753983974456787,0.8680316805839539,1.1501926183700562,1.9162970781326294
5651,7560,1.2799080610275269,0.8883436322212219,1.2083876132965088,1.9534488916397095
5651,7570,1.2198933362960815,0.8540533781051636,1.0286678075790405,1.8448517322540283
5651,7580,1.1492860317230225,0.8531529903411865,1.0395065546035767,1.918862223625183
5651,7590,1.2752809524536133,0.9973708391189575,1.114559292793274,1.8371617794036865
5651,7600,1.191802740097046,0.8994786143302917,1.0641562938690186,1.7924877405166626
5651,7610,1.2580194473266602,0.8739162683486938,1.0571895837783813,1.9796867370605469
5651,7620,1.2697210311889648,0.8351291418075562,1.063001275062561,1.9169800281524658
5651,7630,1.211839199066162,0.8657953143119812,1.064075231552124,1.7721729278564453
5651,7640,1.2474219799041748,0.9203886389732361,1.0796383619308472,1.867161750793457
5651,7650,1.1821675300598145,0.9179263114929199,1.0549272298812866,1.9774806499481201
5651,7660,1.255819320678711,0.8485202789306641,1.0236742496490479,1.7717682123184204
5651,7670,1.2585150003433228,0.87730872631073,1.0649973154067993,1.8498750925064087
5651,7680,1.3038157224655151,0.8437367677688599,1.0879955291748047,1.9352269172668457
5651,7690,1.310988187789917,0.9375495314598083,1.1392779350280762,1.9204590320587158
5651,7700,1.2503255605697632,0.9220824837684631,1.0638891458511353,1.7763391733169556
5651,7710,1.2717729806900024,0.8621318340301514,1.123704195022583,1.8937042951583862
5651,7720,1.2798515558242798,1.0398671627044678,1.0906902551651,1.8581088781356812
5651,7730,1.3631433248519897,0.9374850392341614,1.1693902015686035,1.9414207935333252
5651,7740,1.262284517288208,0.7973156571388245,1.1163549423217773,1.9354100227355957
5651,7750,1.2977207899093628,0.8999243378639221,1.1841373443603516,2.032809257507324
5651,7760,1.2420707941055298,0.8639000058174133,0.994196355342865,1.6529567241668701
5651,7770,1.3121814727783203,0.9092696309089661,1.1126422882080078,1.9164953231811523
5651,7780,1.2011783123016357,0.8940438628196716,1.0924806594848633,2.060617446899414
5651,7790,1.3463516235351562,0.9003950953483582,1.1333136558532715,2.151772975921631
5651,7800,1.2452934980392456,0.8856745362281799,1.0948891639709473,1.949922800064087
5651,7810,1.3566315174102783,0.8991592526435852,1.1890987157821655,1.8899656534194946
5651,7820,1.2770252227783203,0.8033927083015442,1.1112898588180542,1.9579461812973022
5651,7830,1.2451252937316895,0.8949973583221436,1.084323525428772,1.903121829032898
5651,7840,1.2770464420318604,0.8109216094017029,1.1668171882629395,2.026886463165283
5651,7850,1.408360242843628,1.0437501668930054,1.2207692861557007,2.0055758953094482
5651,7860,1.37698233127594,0.8461620211601257,1.1593384742736816,1.983225703239441
5651,7870,1.2247856855392456,0.8869556784629822,1.069676399230957,2.0874483585357666
5651,7880,1.2231230735778809,0.9133440852165222,1.02809739112854,1.6501365900039673
5651,7890,1.1877583265304565,0.9087809324264526,1.0661263465881348,1.9943453073501587
5651,7900,1.285701870918274,0.9323079586029053,1.1612235307693481,1.9276342391967773
5651,7910,1.3057948350906372,0.935775101184845,1.1365054845809937,2.0338873863220215
5651,7920,1.306348204612732,0.9430424571037292,1.0648396015167236,1.7485665082931519
5651,7930,1.1864608526229858,0.9399100542068481,1.0891836881637573,1.8130481243133545
5651,7940,1.2438619136810303,0.8940683007240295,1.0697884559631348,1.7992031574249268
5651,7950,1.1849257946014404,0.912101686000824,1.022230863571167,1.778028964996338
5651,7960,1.2541574239730835,0.8771957159042358,1.1301764249801636,1.9327152967453003
5651,7970,1.1973083019256592,0.8711908459663391,1.0463664531707764,1.807045578956604
5651,7980,1.1980524063110352,0.787560224533081,1.0529842376708984,1.8165944814682007
5651,7990,1.2538315057754517,0.8869061470031738,1.1688942909240723,2.111589193344116
5651,8000,1.236099123954773,0.8835894465446472,1.0705519914627075,1.9204704761505127
5651,8010,1.2988567352294922,0.8336442708969116,1.1609033346176147,1.8730274438858032
5651,8020,1.285215973854065,0.9179515242576599,1.0726702213287354,1.882584810256958
5651,8030,1.2093461751937866,0.8687030673027039,0.9909757971763611,1.9541466236114502
5651,8040,1.2214268445968628,0.8519154787063599,1.0672825574874878,1.8355518579483032
5651,8050,1.2619668245315552,0.8411392569541931,1.0755736827850342,1.9229460954666138
5651,8060,1.3161261081695557,0.9366589188575745,1.1772739887237549,1.8843915462493896
5651,8070,1.2693767547607422,0.9466869235038757,1.0840641260147095,1.8349272012710571
5651,8080,1.287413477897644,0.9850644469261169,1.1509203910827637,1.9952454566955566
5651,8090,1.2993206977844238,0.8718186616897583,1.0098696947097778,1.8504692316055298
5651,8100,1.2332708835601807,0.8219197988510132,1.0052776336669922,1.8003156185150146
5651,8110,1.2259021997451782,0.8590143918991089,1.063954472541809,1.887281060218811
5651,8120,1.256787657737732,0.8879644870758057,1.1231532096862793,1.9403071403503418
5651,8130,1.3039664030075073,0.9016881585121155,1.0715450048446655,1.9413349628448486
5651,8140,1.2779794931411743,0.880282461643219,1.0931990146636963,2.034809112548828
5651,8150,1.339109182357788,0.8951483368873596,1.1089136600494385,1.9952861070632935
5651,8160,1.2343626022338867,0.8562342524528503,1.0776424407958984,1.8243331909179688
5651,8170,1.240994930267334,0.8979865908622742,1.0393157005310059,1.8567482233047485
5651,8180,1.30802583694458,0.916686475276947,1.1593291759490967,1.9528703689575195
5651,8190,1.0907326936721802,0.8834611773490906,1.062793493270874,1.7584965229034424
5651,8200,1.3028734922409058,0.9086739420890808,1.1269320249557495,1.8583941459655762
5651,8210,1.186388373374939,0.8970783352851868,1.0412540435791016,1.771828293800354
5651,8220,1.2442046403884888,0.8720688819885254,1.1373181343078613,1.9268364906311035
5651,8230,1.318973422050476,0.9534912109375,1.1373538970947266,1.9158719778060913
5651,8240,1.265160083770752,0.899901807308197,1.0927242040634155,1.9593067169189453
5651,8250,1.1134661436080933,0.8748195767402649,0.9867827296257019,1.6649619340896606
5651,8260,1.2061742544174194,0.8562647700309753,1.0322271585464478,1.775273323059082
5651,8270,1.1807434558868408,0.8225221037864685,1.0329312086105347,1.744178295135498
5651,8280,1.309898018836975,0.9390408396720886,1.2487205266952515,2.1669771671295166
5651,8290,1.3419551849365234,0.8634070754051208,1.087415337562561,1.9173617362976074
5651,8300,1.330438494682312,0.9014373421669006,1.1819570064544678,2.017101526260376
5651,8310,1.2820981740951538,0.9158347249031067,1.1502751111984253,2.0639872550964355
5651,8320,1.259667158126831,0.8941576480865479,1.0473403930664062,1.8992327451705933
5651,8330,1.2713522911071777,0.9284851551055908,1.1791101694107056,1.9759773015975952
5651,8340,1.3135939836502075,0.9185456037521362,1.193145990371704,1.9726022481918335
5651,8350,1.2418837547302246,0.9203134775161743,1.1059929132461548,1.7739864587783813
5651,8360,1.2375807762145996,0.8917068243026733,1.0508180856704712,2.030590295791626
5651,8370,1.201745629310608,0.822451114654541,1.0648616552352905,1.907912015914917
5651,8380,1.2775647640228271,0.9224043488502502,1.1373621225357056,1.8761234283447266
5651,8390,1.3008276224136353,0.8448913097381592,1.1521462202072144,1.7810834646224976
5651,8400,1.354110598564148,0.9142580032348633,1.1118018627166748,1.8731565475463867
5651,8410,1.0921765565872192,0.8067421913146973,0.9628443717956543,1.5623841285705566
5651,8420,1.2523666620254517,0.9299329519271851,1.077210545539856,1.7248834371566772
5651,8430,1.211361289024353,0.8548901081085205,1.0061906576156616,1.6479766368865967
5651,8440,1.2645372152328491,0.9281696081161499,1.2038179636001587,2.039616584777832
5651,8450,1.2424589395523071,0.8980495929718018,1.0451719760894775,1.634508728981018
5651,8460,1.2769299745559692,0.9029033184051514,1.0829607248306274,1.9327185153961182
5651,8470,1.226656198501587,0.885379433631897,1.1182401180267334,1.9464360475540161
5651,8480,1.2929730415344238,0.9866129159927368,1.1423747539520264,1.9647876024246216
5651,8490,1.2707297801971436,0.9373056888580322,1.1004847288131714,1.8913825750350952
5651,8500,1.2859313488006592,0.9159687161445618,1.1326377391815186,1.7780921459197998
5651,8510,1.1194474697113037,0.843294084072113,1.0155225992202759,1.715512990951538
5651,8520,1.235219955444336,0.7963361740112305,1.07230544090271,1.8095755577087402
5651,8530,1.2636737823486328,0.8954641819000244,1.198319673538208,2.0218348503112793
5651,8540,1.2716224193572998,0.9115360379219055,1.1222822666168213,1.898168921470642
5651,8550,1.1900967359542847,0.8111652135848999,1.0371087789535522,1.6456592082977295
5651,8560,1.2353001832962036,0.8500865697860718,1.099624752998352,1.9087947607040405
5651,8570,1.267207145690918,0.9095881581306458,1.1250905990600586,1.9467403888702393
5651,8580,1.218669056892395,0.9224104881286621,1.1116012334823608,2.046333074569702
5651,8590,1.3453714847564697,0.9005861878395081,1.1606625318527222,1.9257957935333252
5651,8600,1.2408579587936401,0.8721249103546143,1.0553600788116455,1.7127090692520142
5651,8610,1.2018717527389526,0.9127374887466431,1.0668394565582275,1.8217129707336426
5651,8620,1.3109267950057983,0.9362698197364807,1.0858708620071411,1.879931092262268
5651,8630,1.2928563356399536,0.8805791139602661,1.1461411714553833,1.8164823055267334
5651,8640,1.3852230310440063,1.0543023347854614,1.1482808589935303,1.791846513748169
5651,8650,1.2794790267944336,0.9655122756958008,1.19145667552948,1.9971922636032104
5651,8660,1.2727574110031128,1.0111733675003052,1.1975146532058716,1.9811269044876099
5651,8670,1.240432858467102,0.8371744751930237,1.0916203260421753,1.8916784524917603
5651,8680,1.285578727722168,0.8980739116668701,1.2018073797225952,1.9918270111083984
5651,8690,1.2695960998535156,0.9548254609107971,1.1850613355636597,1.8936371803283691
5651,8700,1.203235149383545,0.8941812515258789,1.0392402410507202,1.7679266929626465
5651,8710,1.2499301433563232,0.9161778688430786,1.101722002029419,1.8071410655975342
5651,8720,1.0613306760787964,0.8126236200332642,0.9148592352867126,1.4776356220245361
5651,8730,1.274057149887085,0.9367954730987549,1.0425697565078735,1.640305757522583
5651,8740,1.2857788801193237,0.903389036655426,1.170212745666504,1.9549309015274048
5651,8750,1.3029308319091797,0.9079387784004211,1.0690525770187378,2.012725353240967
5651,8760,1.2589281797409058,0.93378084897995,1.1488628387451172,1.8742755651474
5651,8770,1.2471026182174683,0.8447925448417664,1.0657752752304077,1.8404927253723145
5651,8780,1.238034725189209,0.8582198619842529,1.1003934144973755,1.9376904964447021
5651,8790,1.1954482793807983,0.8915903568267822,1.0178290605545044,1.7350139617919922
5651,8800,1.3149418830871582,0.8919315338134766,1.1582139730453491,2.055682420730591
5651,8810,1.3833333253860474,0.8579863905906677,1.2274677753448486,2.0333380699157715
5651,8820,1.262223720550537,0.8932368159294128,1.1077133417129517,1.7728811502456665
5651,8830,1.2264094352722168,0.9155055284500122,1.0930073261260986,1.8265637159347534
5651,8840,1.165123462677002,0.9539282321929932,1.0912009477615356,1.8929797410964966
5651,8850,1.3445252180099487,0.9587748050689697,1.2133245468139648,2.129472017288208
5651,8860,1.1735844612121582,0.8705563545227051,1.039695143699646,1.8109420537948608
5651,8870,1.3071327209472656,0.8640929460525513,1.122799277305603,2.1025474071502686
5651,8880,1.197570562362671,0.9250916242599487,1.091367244720459,1.885443091392517
5651,8890,1.17982816696167,0.8765788674354553,1.064353585243225,1.9682928323745728
5651,8900,1.1859275102615356,0.8644488453865051,1.0450226068496704,1.8192732334136963
5651,8910,1.236635684967041,1.0799322128295898,1.0963209867477417,2.0215094089508057
5651,8920,1.1919877529144287,0.9419245719909668,0.992006242275238,1.7979493141174316
5651,8930,1.1747148036956787,0.8033353090286255,1.0263638496398926,1.6607277393341064
5651,8940,1.2055158615112305,0.8341197371482849,1.0370396375656128,1.7804752588272095
5651,8950,1.322653889656067,0.8386966586112976,1.109997034072876,1.8513551950454712
5651,8960,1.311235785484314,0.9910849928855896,1.2273781299591064,2.0163559913635254
5651,8970,1.444977879524231,0.9371404051780701,1.3660985231399536,2.030823230743408
5651,8980,1.2846211194992065,0.9636362195014954,1.090102195739746,1.8615227937698364
5651,8990,1.2954366207122803,0.9992366433143616,1.243524432182312,1.9914427995681763
5651,9000,1.3243708610534668,0.8605859875679016,1.1245455741882324,1.8458048105239868
5651,9010,1.2476999759674072,0.8779522180557251,1.0602167844772339,1.731842279434204
5651,9020,1.2455906867980957,0.8049113154411316,1.0677653551101685,1.8055425882339478
5651,9030,1.2169203758239746,0.9191114902496338,1.0591567754745483,1.998638391494751
5651,9040,1.3619412183761597,0.9409668445587158,1.2354637384414673,2.1322288513183594
5651,9050,1.3662487268447876,0.9021474123001099,1.1647326946258545,2.011302947998047
5651,9060,1.258896827697754,1.0083907842636108,1.2320334911346436,1.9965013265609741
5651,9070,1.3231414556503296,0.9140217900276184,1.2362298965454102,2.047699451446533
5651,9080,1.1421064138412476,0.9320873022079468,1.151724934577942,1.7831252813339233
5651,9090,1.1683213710784912,0.8091769814491272,0.9813209772109985,1.7153096199035645
5651,9100,1.2902863025665283,0.9197741150856018,1.1457675695419312,1.8314727544784546
5651,9110,1.208883285522461,0.846724808216095,1.0075730085372925,1.735213279724121
5651,9120,1.2764347791671753,0.8937912583351135,1.0828640460968018,1.8422609567642212
5651,9130,1.2750682830810547,0.861990213394165,1.1351537704467773,1.8702750205993652
5651,9140,1.2602466344833374,0.9812356233596802,1.207982063293457,2.1028101444244385
5651,9150,1.1892452239990234,0.8545350432395935,1.077959656715393,1.8852218389511108
5651,9160,1.1933894157409668,0.8528578281402588,1.107303500175476,1.8054805994033813
5651,9170,1.1299760341644287,0.8397231698036194,1.0590983629226685,1.805059552192688
5651,9180,1.1787315607070923,0.9382684230804443,1.0507245063781738,1.728774905204773
5651,9190,1.2373055219650269,0.894232988357544,1.1022207736968994,1.7340716123580933
5651,9200,1.3433820009231567,0.8903830647468567,1.1016408205032349,1.875044345855713
5651,9210,1.2644346952438354,0.9520408511161804,1.0192011594772339,1.6022814512252808
5651,9220,1.365742564201355,0.9504913091659546,1.0808206796646118,1.8211450576782227
5651,9230,1.31236732006073,0.9939085245132446,1.1179579496383667,1.9319325685501099
5651,9240,1.2354252338409424,0.9507728219032288,1.0533361434936523,1.9185445308685303
5651,9250,1.1870442628860474,0.9438121914863586,1.1139020919799805,1.9038255214691162
5651,9260,1.2657792568206787,0.8414868116378784,1.070102334022522,1.8921778202056885
5651,9270,1.266051173210144,0.8554452657699585,1.1206841468811035,1.916832447052002
5651,9280,1.3585455417633057,0.9041370153427124,1.2567920684814453,2.0416791439056396
5651,9290,1.2852835655212402,0.9453952312469482,1.1546926498413086,1.9504125118255615
5651,9300,1.2851920127868652,0.8836353421211243,1.1288939714431763,1.7354544401168823
5651,9310,1.2617607116699219,0.8986227512359619,1.1762354373931885,1.9700419902801514
5651,9320,1.3136712312698364,0.9193998575210571,1.0238159894943237,1.6305773258209229
5651,9330,1.2098417282104492,0.9011543393135071,1.1780611276626587,1.957548975944519
5651,9340,1.2313716411590576,0.8971576690673828,1.1485421657562256,1.969638705253601
5651,9350,1.2290986776351929,0.8602291345596313,1.0316402912139893,1.8606185913085938
5651,9360,1.3560346364974976,0.9780941009521484,1.2788423299789429,2.0372202396392822
5651,9370,1.1825779676437378,0.9118164777755737,1.0671027898788452,1.895376205444336
5651,9380,1.3278542757034302,0.9048508405685425,1.1887602806091309,1.9437122344970703
5651,9390,1.3470385074615479,0.9895159006118774,1.2804296016693115,2.105889320373535
5651,9400,1.1510320901870728,0.8882889151573181,0.9969942569732666,1.7764320373535156
5651,9410,1.109905481338501,0.856529176235199,1.0073373317718506,1.8287652730941772
5651,9420,1.3585737943649292,1.0061529874801636,1.3870729207992554,2.250405788421631
5651,9430,1.1709309816360474,0.8176393508911133,1.0690277814865112,1.6660797595977783
5651,9440,1.2462844848632812,0.8775001764297485,1.1054434776306152,1.8830622434616089
5651,9450,1.1764483451843262,0.8630204200744629,1.0234588384628296,1.6559902429580688
5651,9460,1.2415896654129028,0.8802740573883057,1.1226260662078857,1.8789178133010864
5651,9470,1.3035999536514282,0.9486210942268372,1.1698157787322998,1.8083226680755615
5651,9480,1.353215217590332,0.8709757924079895,1.1161643266677856,1.7946523427963257
5651,9490,1.3233003616333008,0.9531434178352356,1.172774314880371,1.7923110723495483
5651,9500,1.229106068611145,0.8872384428977966,1.0787689685821533,1.84063720703125
5651,9510,1.2518657445907593,1.0205415487289429,1.1462756395339966,1.7909907102584839
5651,9520,1.1966018676757812,0.8555905818939209,1.05279541015625,1.7441831827163696
5651,9530,1.282896637916565,0.9516487717628479,1.1577049493789673,2.0263876914978027
5651,9540,1.1432887315750122,0.89934903383255,1.0184184312820435,1.6788829565048218
5651,9550,1.2213400602340698,0.8982967734336853,1.09827721118927,2.0137124061584473
5651,9560,1.3183908462524414,0.9329021573066711,1.198930263519287,1.9403201341629028
5651,9570,1.288780927658081,0.8861017823219299,1.1698753833770752,1.9450790882110596
5651,9580,1.2722384929656982,0.8568494319915771,1.0641430616378784,1.8632187843322754
5651,9590,1.1541168689727783,0.9109112024307251,1.159559726715088,1.7658740282058716
5651,9600,1.1816766262054443,0.8031560778617859,1.100934624671936,1.880996584892273
5651,9610,1.1810535192489624,0.9574117660522461,1.1392780542373657,1.7239073514938354
5651,9620,1.2598538398742676,0.9933547973632812,1.2239545583724976,1.921562671661377
5651,9630,1.3649394512176514,0.9942014813423157,1.2369940280914307,1.9172053337097168
5651,9640,1.300532579421997,0.8922839164733887,1.0805529356002808,1.8684872388839722
5651,9650,1.325334906578064,0.8800172209739685,1.1226404905319214,1.8340356349945068
5651,9660,1.2244024276733398,0.9392740726470947,1.1663634777069092,1.7801878452301025
5651,9670,1.2124130725860596,0.8465287089347839,1.103411078453064,1.838086485862732
5651,9680,1.151206374168396,0.7929477691650391,0.9886370301246643,1.5978578329086304
5651,9690,1.308058500289917,0.913138210773468,1.193872094154358,1.9265697002410889
5651,9700,1.1835182905197144,0.9141805768013,1.1063717603683472,1.7110073566436768
5651,9710,1.2309699058532715,0.9088887572288513,1.093263030052185,1.8400142192840576
5651,9720,1.246368646621704,0.8523480892181396,1.1361075639724731,1.8128446340560913
5651,9730,1.3346797227859497,0.8797754645347595,1.0296993255615234,1.7953437566757202
5651,9740,1.1561349630355835,0.881622850894928,1.0056123733520508,1.7352144718170166
5651,9750,1.250633955001831,0.9340558052062988,1.1299934387207031,1.8927127122879028
5651,9760,1.1443977355957031,0.8975656032562256,1.0640686750411987,1.9222455024719238
5651,9770,1.277535080909729,0.9710655212402344,1.197080373764038,2.0036044120788574
5651,9780,1.183079719543457,0.9142529368400574,1.0413745641708374,1.6578859090805054
5651,9790,1.1892690658569336,0.8683683276176453,1.0710877180099487,1.75540292263031
5651,9800,1.2539939880371094,0.9032934904098511,1.1273109912872314,1.985081672668457
5651,9810,1.2556002140045166,0.8988227844238281,1.1081929206848145,1.9881027936935425
5651,9820,1.1675108671188354,0.8958752751350403,1.1189216375350952,1.8782069683074951
5651,9830,1.2701945304870605,0.9002351760864258,1.1283302307128906,1.8408310413360596
5651,9840,1.187798023223877,0.8618736267089844,0.9612810015678406,1.7826896905899048
5651,9850,1.2143471240997314,0.8732007741928101,1.1034820079803467,1.933760643005371
5651,9860,1.2632797956466675,1.0118708610534668,1.1368670463562012,1.8129531145095825
5651,9870,1.2094464302062988,0.88908451795578,1.0682705640792847,1.8384628295898438
5651,9880,1.2374540567398071,0.9220408201217651,1.0898382663726807,1.9690638780593872
5651,9890,1.2732096910476685,0.9473837018013,1.1911267042160034,1.9683585166931152
5651,9900,1.3402831554412842,0.951371431350708,1.2623344659805298,2.1620097160339355
5651,9910,1.2116869688034058,0.810856282711029,1.0820817947387695,1.9078103303909302
5651,9920,1.2022420167922974,0.8995874524116516,1.1450592279434204,1.7858096361160278
5651,9930,1.2618756294250488,0.8632712364196777,1.0512279272079468,1.8358904123306274
5651,9940,1.3234559297561646,0.9310001730918884,1.2007770538330078,1.8381617069244385
5651,9950,1.1860243082046509,0.9259721040725708,1.1103155612945557,1.7581738233566284
5651,9960,1.1929272413253784,0.8389309644699097,1.164422869682312,1.7101473808288574
5651,9970,1.3297065496444702,0.908306360244751,1.2043077945709229,2.0000364780426025
5651,9980,1.195412039756775,0.8484411239624023,1.0907732248306274,1.9173884391784668
5651,9990,1.206902265548706,0.8820085525512695,1.1237910985946655,1.8196752071380615
5651,10000,1.1894934177398682,0.8590757250785828,1.038216471672058,1.7924004793167114
